Workbook

Sheet Figurer
B2: Ratioer
B3: Kapital-output-ratio (K/Y) | C3: 1993 | D3: 1994 | E3: 1995 | F3: 1996 | G3: 1997 | H3: 1998 | I3: 1999 | J3: 2000 | K3: 2001 | L3: 2002 | M3: 2003 | N3: 2004 | O3: 2005 | P3: 2006 | Q3: 2007 | R3: 2008 | S3: 2009 | T3: 2010 | U3: 2011 | V3: 2012 | W3: 2013 | X3: 2014 | Y3: 2015 | Z3: 2016 | AA3: 2017 | AB3: 2018 | AC3: 2019 | AD3: 2020 | AE3: 2021 | AF3: 2022
B4: Landbrug | C4: =K!AC2/Y!AB2 -> 3.8077253 | D4: =K!AD2/Y!AC2 -> 3.7963422 | E4: =K!AE2/Y!AD2 -> 3.7117405 | F4: =K!AF2/Y!AE2 -> 3.6385806 | G4: =K!AG2/Y!AF2 -> 3.5119004 | H4: =K!AH2/Y!AG2 -> 3.4295951 | I4: =K!AI2/Y!AH2 -> 3.3311872 | J4: =K!AJ2/Y!AI2 -> 3.2511995 | ... AF4: =K!BF2/Y!BE2 -> 2.3398088
B5: Føde- drikke og tobaksvareindustri | C5: =K!AC3/Y!AB3 -> 0.52835922 | D5: =K!AD3/Y!AC3 -> 0.5281621 | E5: =K!AE3/Y!AD3 -> 0.53503635 | F5: =K!AF3/Y!AE3 -> 0.57693307 | G5: =K!AG3/Y!AF3 -> 0.57365674 | H5: =K!AH3/Y!AG3 -> 0.56357497 | I5: =K!AI3/Y!AH3 -> 0.56419763 | J5: =K!AJ3/Y!AI3 -> 0.57922845 | ... AF5: =K!BF3/Y!BE3 -> 0.60815323
B6: Resten af økonomien | C6: =K!AC4/Y!AB4 -> 2.4616773 | D6: =K!AD4/Y!AC4 -> 2.3515402 | E6: =K!AE4/Y!AD4 -> 2.2948131 | F6: =K!AF4/Y!AE4 -> 2.2584458 | G6: =K!AG4/Y!AF4 -> 2.214041 | H6: =K!AH4/Y!AG4 -> 2.1876465 | I6: =K!AI4/Y!AH4 -> 2.1233423 | J6: =K!AJ4/Y!AI4 -> 2.0526324 | ... AF6: =K!BF4/Y!BE4 -> 1.8182721
B8: Arbejdskraft-output-ratio (L/Y) | C8: 1993 | D8: 1994 | E8: 1995 | F8: 1996 | G8: 1997 | H8: 1998 | I8: 1999 | J8: 2000 | K8: 2001 | L8: 2002 | M8: 2003 | N8: 2004 | O8: 2005 | P8: 2006 | Q8: 2007 | R8: 2008 | S8: 2009 | T8: 2010 | U8: 2011 | V8: 2012 | W8: 2013 | X8: 2014 | Y8: 2015 | Z8: 2016 | AA8: 2017 | AB8: 2018 | AC8: 2019 | AD8: 2020 | AE8: 2021 | AF8: 2022
B9: Landbrug | C9: =L!AC2/Y!AB2 -> 0.0029571062 | D9: =L!AD2/Y!AC2 -> 0.0027202249 | E9: =L!AE2/Y!AD2 -> 0.0025938706 | F9: =L!AF2/Y!AE2 -> 0.0024622549 | G9: =L!AG2/Y!AF2 -> 0.0022490593 | H9: =L!AH2/Y!AG2 -> 0.0021981132 | I9: =L!AI2/Y!AH2 -> 0.0020810781 | J9: =L!AJ2/Y!AI2 -> 0.0020012299 | ... AF9: =L!BF2/Y!BE2 -> 0.0010369286
B10: Føde- drikke og tobaksvareindustri | C10: =L!AC3/Y!AB3 -> 0.00082931062 | D10: =L!AD3/Y!AC3 -> 0.00080005675 | E10: =L!AE3/Y!AD3 -> 0.0008201487 | F10: =L!AF3/Y!AE3 -> 0.00083500121 | G10: =L!AG3/Y!AF3 -> 0.00080733325 | H10: =L!AH3/Y!AG3 -> 0.00076728456 | I10: =L!AI3/Y!AH3 -> 0.0007769908 | J10: =L!AJ3/Y!AI3 -> 0.00078217112 | ... AF10: =L!BF3/Y!BE3 -> 0.00041439251
B11: Resten af økonomien | C11: =L!AC4/Y!AB4 -> 0.0013646966 | D11: =L!AD4/Y!AC4 -> 0.0012804717 | E11: =L!AE4/Y!AD4 -> 0.0012620348 | F11: =L!AF4/Y!AE4 -> 0.001237055 | G11: =L!AG4/Y!AF4 -> 0.0012205198 | H11: =L!AH4/Y!AG4 -> 0.0012120392 | I11: =L!AI4/Y!AH4 -> 0.0011887711 | J11: =L!AJ4/Y!AI4 -> 0.0011558209 | ... AF11: =L!BF4/Y!BE4 -> 0.00081986545
B13: Materiale-output-ratio (Mtot/Y) | C13: 1993 | D13: 1994 | E13: 1995 | F13: 1996 | G13: 1997 | H13: 1998 | I13: 1999 | J13: 2000 | K13: 2001 | L13: 2002 | M13: 2003 | N13: 2004 | O13: 2005 | P13: 2006 | Q13: 2007 | R13: 2008 | S13: 2009 | T13: 2010 | U13: 2011 | V13: 2012 | W13: 2013 | X13: 2014 | Y13: 2015 | Z13: 2016 | AA13: 2017 | AB13: 2018 | AC13: 2019 | AD13: 2020 | AE13: 2021 | AF13: 2022
B14: Landbrug | C14: =Mtot!AB2/Y!AB2 -> 0.76620736 | D14: =Mtot!AC2/Y!AC2 -> 0.74528358 | E14: =Mtot!AD2/Y!AD2 -> 0.71846463 | F14: =Mtot!AE2/Y!AE2 -> 0.70156608 | G14: =Mtot!AF2/Y!AF2 -> 0.70675842 | H14: =Mtot!AG2/Y!AG2 -> 0.71425458 | I14: =Mtot!AH2/Y!AH2 -> 0.72524137 | J14: =Mtot!AI2/Y!AI2 -> 0.6898744 | ... AF14: =Mtot!BE2/Y!BE2 -> 0.66658913
B15: Føde- drikke og tobaksvareindustri | C15: =Mtot!AB3/Y!AB3 -> 0.77039685 | D15: =Mtot!AC3/Y!AC3 -> 0.77248456 | E15: =Mtot!AD3/Y!AD3 -> 0.75953472 | F15: =Mtot!AE3/Y!AE3 -> 0.76295332 | G15: =Mtot!AF3/Y!AF3 -> 0.74730071 | H15: =Mtot!AG3/Y!AG3 -> 0.75383101 | I15: =Mtot!AH3/Y!AH3 -> 0.74330711 | J15: =Mtot!AI3/Y!AI3 -> 0.7513189 | ... AF15: =Mtot!BE3/Y!BE3 -> 0.76577921
B16: Resten af økonomien | C16: =Mtot!AB4/Y!AB4 -> 0.46238202 | D16: =Mtot!AC4/Y!AC4 -> 0.46011318 | E16: =Mtot!AD4/Y!AD4 -> 0.46179801 | F16: =Mtot!AE4/Y!AE4 -> 0.46160346 | G16: =Mtot!AF4/Y!AF4 -> 0.45895152 | H16: =Mtot!AG4/Y!AG4 -> 0.4621365 | I16: =Mtot!AH4/Y!AH4 -> 0.46563593 | J16: =Mtot!AI4/Y!AI4 -> 0.46040943 | ... AF16: =Mtot!BE4/Y!BE4 -> 0.48647562
B18: Kapital pr arbejdstime (K/L) | C18: 1993 | D18: 1994 | E18: 1995 | F18: 1996 | G18: 1997 | H18: 1998 | I18: 1999 | J18: 2000 | K18: 2001 | L18: 2002 | M18: 2003 | N18: 2004 | O18: 2005 | P18: 2006 | Q18: 2007 | R18: 2008 | S18: 2009 | T18: 2010 | U18: 2011 | V18: 2012 | W18: 2013 | X18: 2014 | Y18: 2015 | Z18: 2016 | AA18: 2017 | AB18: 2018 | AC18: 2019 | AD18: 2020 | AE18: 2021 | AF18: 2022
B19: Landbrug | C19: =K!AC2/L!AC2 -> 1287.6525 | D19: =K!AD2/L!AD2 -> 1395.5986 | E19: =K!AE2/L!AE2 -> 1430.966 | F19: =K!AF2/L!AF2 -> 1477.7433 | G19: =K!AG2/L!AG2 -> 1561.4974 | H19: =K!AH2/L!AH2 -> 1560.245 | I19: =K!AI2/L!AI2 -> 1600.7027 | J19: =K!AJ2/L!AJ2 -> 1624.6007 | ... AF19: =K!BF2/L!BF2 -> 2256.4801
B20: Føde- drikke og tobaksvareindustri | C20: =K!AC3/L!AC3 -> 637.10654 | D20: =K!AD3/L!AD3 -> 660.1558 | E20: =K!AE3/L!AE3 -> 652.36505 | F20: =K!AF3/L!AF3 -> 690.93681 | G20: =K!AG3/L!AG3 -> 710.55756 | H20: =K!AH3/L!AH3 -> 734.50582 | I20: =K!AI3/L!AI3 -> 726.13167 | J20: =K!AJ3/L!AJ3 -> 740.5393 | ... AF20: =K!BF3/L!BF3 -> 1467.5778
B21: Resten af økonomien | C21: =K!AC4/L!AC4 -> 1803.8276 | D21: =K!AD4/L!AD4 -> 1836.464 | E21: =K!AE4/L!AE4 -> 1818.3437 | F21: =K!AF4/L!AF4 -> 1825.6632 | G21: =K!AG4/L!AG4 -> 1814.0148 | H21: =K!AH4/L!AH4 -> 1804.9304 | I21: =K!AI4/L!AI4 -> 1786.1658 | J21: =K!AJ4/L!AJ4 -> 1775.9088 | ... AF21: =K!BF4/L!BF4 -> 2217.7689
B23: Produktionsværdi (mio.kr.) | C23: 1993 | D23: 1994 | E23: 1995 | F23: 1996 | G23: 1997 | H23: 1998 | I23: 1999 | J23: 2000 | K23: 2001 | L23: 2002 | M23: 2003 | N23: 2004 | O23: 2005 | P23: 2006 | Q23: 2007 | R23: 2008 | S23: 2009 | T23: 2010 | U23: 2011 | V23: 2012 | W23: 2013 | X23: 2014 | Y23: 2015 | Z23: 2016 | AA23: 2017 | AB23: 2018 | AC23: 2019 | AD23: 2020 | AE23: 2021 | AF23: 2022
B24: Landbrug | C24: =Y!AB2*P!AB2 -> 55728.664 | D24: =Y!AC2*P!AC2 -> 55147.064 | E24: =Y!AD2*P!AD2 -> 58275.627 | F24: =Y!AE2*P!AE2 -> 59527.836 | G24: =Y!AF2*P!AF2 -> 61114.082 | H24: =Y!AG2*P!AG2 -> 55009.011 | I24: =Y!AH2*P!AH2 -> 53791.911 | J24: =Y!AI2*P!AI2 -> 59756.001 | ... AF24: =Y!BE2*P!BE2 -> 95782.8
B25: Føde- drikke og tobaksvareindustri | C25: =Y!AB3*P!AB3 -> 113491.54 | D25: =Y!AC3*P!AC3 -> 115531.56 | E25: =Y!AD3*P!AD3 -> 116174.18 | F25: =Y!AE3*P!AE3 -> 113564.13 | G25: =Y!AF3*P!AF3 -> 116548.17 | H25: =Y!AG3*P!AG3 -> 113149.85 | I25: =Y!AH3*P!AH3 -> 109463.88 | J25: =Y!AI3*P!AI3 -> 117014.81 | ... AF25: =Y!BE3*P!BE3 -> 193667.23
B26: Resten af økonomien | C26: =Y!AB4*P!AB4 -> 1248607.7 | D26: =Y!AC4*P!AC4 -> 1339359.2 | E26: =Y!AD4*P!AD4 -> 1413633.7 | F26: =Y!AE4*P!AE4 -> 1474891.7 | G26: =Y!AF4*P!AF4 -> 1558557.7 | H26: =Y!AG4*P!AG4 -> 1600889.3 | I26: =Y!AH4*P!AH4 -> 1683627.2 | J26: =Y!AI4*P!AI4 -> 1859433.3 | ... AF26: =Y!BE4*P!BE4 -> 4563032.4

Sheet Ark1
A1: ANVENDELSE | B1: 1993 | C1: 1994 | D1: 1995 | E1: 1996 | F1: 1997 | G1: 1998 | H1: 1999 | I1: 2000 | J1: 2001 | K1: 2002 | L1: 2003 | M1: 2004 | N1: 2005 | O1: 2006 | P1: 2007 | Q1: 2008 | R1: 2009 | S1: 2010 | T1: 2011 | U1: 2012 | V1: 2013 | W1: 2014 | X1: 2015 | Y1: 2016 | Z1: 2017 | AA1: 2018 | AB1: 2019 | AC1: 2020 | AD1: 2021 | AE1: 2022
A2: L | B2: 205.929 | C2: 187.306 | D2: 180.889 | E2: 173.049 | F2: 162.332 | G2: 160.81 | H2: 152.28 | I2: 149.02 | J2: 145.343 | K2: 145.637 | L2: 134.391 | M2: 133.301 | N2: 125.588 | O2: 117.953 | P2: 114.771 | Q2: 109.397 | R2: 101.938 | S2: 98.594 | T2: 97.135 | U2: 95.702 | V2: 94.814 | W2: 95.678 | X2: 97.467 | Y2: 91.694 | Z2: 92.464 | AA2: 89.982 | AB2: 85.014 | AC2: 85.49 | AD2: 86.997 | AE2: 84.49
A3: KL | C3: 52117.794 | D3: 50900.442 | E3: 49681.538 | F3: 48143.426 | G3: 47708.981 | H3: 46314.405 | I3: 45117.473 | J3: 44432.633 | K3: 44480.111 | L3: 42600.847 | M3: 42241.35 | N3: 40925.503 | O3: 39424.938 | P3: 39026.41 | Q3: 38328.713 | R3: 37355.83 | S3: 36543.067 | T3: 35879.711 | U3: 35222.069 | V3: 34756.946 | W3: 34683.366 | X3: 34775.854 | Y3: 33362.229 | Z3: 33300.801 | AA3: 32593.134 | AB3: 31418.74 | AC3: 31265.505 | AD3: 31288.388 | AE3: 30691.04
A4: w | B4: 70.472785 | C4: 72.401971 | D4: 73.668419 | E4: 77.602928 | F4: 82.112148 | G4: 85.654427 | H4: 87.363624 | I4: 90.147712 | J4: 91.297341 | K4: 97.14543 | L4: 103.01562 | M4: 108.39572 | N4: 109.31073 | O4: 113.52155 | P4: 120.93852 | Q4: 127.13193 | R4: 132.90639 | S4: 140.4119 | T4: 143.61532 | U4: 146.408 | V4: 150.45915 | W4: 156.52284 | X4: 175.97839 | Y4: 179.46352 | Z4: 182.14425 | AA4: 189.6717 | AB4: 197.71026 | AC4: 205.68694 | AD4: 203.39064 | AE4: 217.89115
A5: P_KL | C5: 0.5694121 | D5: 0.62035501 | E5: 0.71346775 | F5: 0.65078662 | G5: 0.64940884 | H5: 0.76888134 | I5: 0.63509005 | J5: 0.60434501 | K5: 0.64413311 | L5: 0.68386032 | M5: 0.74184557 | N5: 0.59880691 | O5: 0.7204948 | P5: 0.67093704 | Q5: 0.77635834 | R5: 0.83598365 | S5: 0.86793431 | T5: 0.87398331 | U5: 0.76017118 | V5: 0.80984611 | W5: 0.80380746 | X5: 0.84621455 | Y5: 0.79660741 | Z5: 0.90949967 | AA5: 1.1242478 | AB5: 0.98676346 | AC5: 1 | AD5: 1.1984003 | AE5: 1.0173887
A7: EKL | B7: 0
B8: =(B2/B3)*(B4/B5)^$B$7 -> #DIV/0! | C8: =(C2/C3)*(C4/C5)^$B$7 -> 0.0035938973 | D8: =(D2/D3)*(D4/D5)^$B$7 -> 0.0035537805 | E8: =(E2/E3)*(E4/E5)^$B$7 -> 0.0034831651 | F8: =(F2/F3)*(F4/F5)^$B$7 -> 0.0033718415 | G8: =(G2/G3)*(G4/G5)^$B$7 -> 0.0033706442 | H8: =(H2/H3)*(H4/H5)^$B$7 -> 0.0032879619 | I8: =(I2/I3)*(I4/I5)^$B$7 -> 0.0033029332 | ... AE8: =(AE2/AE3)*(AE4/AE5)^$B$7 -> 0.0027529208
A11: lon lob | B11: =B2*B4 -> 14512.39 | C11: =C2*C4 -> 13561.324 | D11: =D2*D4 -> 13325.807 | E11: =E2*E4 -> 13429.109 | F11: =F2*F4 -> 13329.429 | G11: =G2*G4 -> 13774.088 | H11: =H2*H4 -> 13303.733 | I11: =I2*I4 -> 13433.812 | ... AF11: =AF2*AF4 -> 0
A12: lon for | B12: =B2*A4 -> #VALUE! | C12: =C2*B4 -> 13199.975 | D12: =D2*C4 -> 13096.72 | E12: =E2*D4 -> 12748.246 | F12: =F2*E4 -> 12597.438 | G12: =G2*F4 -> 13204.455 | H12: =H2*G4 -> 13043.456 | I12: =I2*H4 -> 13018.927 | ... AE12: =AE2*AD4 -> 17184.475
A13: Pt | B13: =C13/(C11/C12) -> 0.34262158 | C13: =D13/(D11/D12) -> 0.35200082 | D13: =E13/(E11/E12) -> 0.35815798 | E13: =F13/(F11/F12) -> 0.37728661 | F13: =G13/(G11/G12) -> 0.39920935 | G13: =H13/(H11/H12) -> 0.41643105 | H13: =I13/(I11/I12) -> 0.42474075 | I13: =J13/(J11/J12) -> 0.43827631 | ... AB13: =AC13/(AC11/AC12) -> 0.96121931 | AC13: =1 -> 1 | AD13: =AC13*AD11/AD12 -> 0.98883595 | AE13: =AD13*AE11/AE12 -> 1.0593339
A14: Xt | B14: =B11/B13 -> 42356.906 | C14: =C11/C13 -> 38526.398 | D14: =D11/D13 -> 37206.505 | E14: =E11/E13 -> 35593.919 | F14: =F11/F13 -> 33389.572 | G14: =G11/G13 -> 33076.517 | H14: =H11/H13 -> 31322.007 | I14: =I11/I13 -> 30651.468 | ... AE14: =AE11/AE13 -> 17378.489
B16: =(B14/B3)*(B13/B5)^$B$7 -> #DIV/0! | C16: =(C14/C3)*(C13/C5)^$B$7 -> 0.73921773 | D16: =(D14/D3)*(D13/D5)^$B$7 -> 0.73096624 | E16: =(E14/E3)*(E13/E5)^$B$7 -> 0.71644157 | F16: =(F14/F3)*(F13/F5)^$B$7 -> 0.69354375 | G16: =(G14/G3)*(G13/G5)^$B$7 -> 0.69329749 | H16: =(H14/H3)*(H13/H5)^$B$7 -> 0.67629082 | I16: =(I14/I3)*(I13/I5)^$B$7 -> 0.67937022 | ... AE16: =(AE14/AE3)*(AE13/AE5)^$B$7 -> 0.56623984

Sheet 10120
A2: Mængder | B2: 1993 | C2: 1994 | D2: 1995 | E2: 1996 | F2: 1997 | G2: 1998 | H2: 1999 | I2: 2000 | J2: 2001 | K2: 2002 | L2: 2003 | M2: 2004 | N2: 2005 | O2: 2006 | P2: 2007 | Q2: 2008 | R2: 2009 | S2: 2010 | T2: 2011 | U2: 2012 | V2: 2013 | W2: 2014 | X2: 2015 | Y2: 2016 | Z2: 2017 | AA2: 2018 | AB2: 2019 | AC2: 2020 | AD2: 2021 | AE2: 2022
A3: Y | B3: =Y!AB3 -> 150359.82 | C3: =Y!AC3 -> 151786.73 | D3: =Y!AD3 -> 151157.95 | E3: =Y!AE3 -> 144547.1 | F3: =Y!AF3 -> 146043.78 | G3: =Y!AG3 -> 150061.67 | H3: =Y!AH3 -> 149807.44 | I3: =Y!AI3 -> 149968.46 | ... AE3: =Y!BE3 -> 168806.14
A4: K | B4: =K!AC3 -> 79444 | C4: =K!AD3 -> 80168 | D4: =K!AE3 -> 80875 | E4: =K!AF3 -> 83394 | F4: =K!AG3 -> 83779 | G4: =K!AH3 -> 84571 | H4: =K!AI3 -> 84521 | I4: =K!AJ3 -> 86866 | ... AE4: =K!BF3 -> 102660
A5: L | B5: =L!AC3 -> 124.695 | C5: =L!AD3 -> 121.438 | D5: =L!AE3 -> 123.972 | E5: =L!AF3 -> 120.697 | F5: =L!AG3 -> 117.906 | G5: =L!AH3 -> 115.14 | H5: =L!AI3 -> 116.399 | I5: =L!AJ3 -> 117.301 | ... AE5: =L!BF3 -> 69.952
A6: Mtot | B6: =Mtot!AB3 -> 115836.74 | C6: =Mtot!AC3 -> 117252.91 | D6: =Mtot!AD3 -> 114809.72 | E6: =Mtot!AE3 -> 110282.69 | F6: =Mtot!AF3 -> 109138.62 | G6: =Mtot!AG3 -> 113121.14 | H6: =Mtot!AH3 -> 111352.93 | I6: =Mtot!AI3 -> 112674.14 | ... AE6: =Mtot!BE3 -> 129268.23
A7: J | B7: =J!M3 -> 0 | C7: =J!N3 -> 0 | D7: =J!O3 -> 0 | E7: =J!P3 -> 0 | F7: =J!Q3 -> 0 | G7: =J!R3 -> 0 | H7: =J!S3 -> 0 | I7: =J!T3 -> 0 | ... AE7: =J!AP3 -> 0
A8: I | B8: =I!B3 -> 6200 | C8: =I!C3 -> 6403 | D8: =I!D3 -> 6422 | E8: =I!E3 -> 8467 | F8: =I!F3 -> 6945 | G8: =I!G3 -> 7452 | H8: =I!H3 -> 6764 | I8: =I!I3 -> 9085 | ... AE8: =I!AE3 -> 7507
A10: Priser
A11: p_Y | B11: =P!AB3 -> 0.75479964 | C11: =P!AC3 -> 0.76114401 | D11: =P!AD3 -> 0.76856146 | E11: =P!AE3 -> 0.78565486 | F11: =P!AF3 -> 0.79803586 | G11: =P!AG3 -> 0.75402237 | H11: =P!AH3 -> 0.73069725 | I11: =P!AI3 -> 0.78026275 | ... AE11: =P!BE3 -> 1.1472759
A12: P_K | B12: =P_K!AC3 -> 0 | C12: =P_K!AD3 -> 0.10203538 | D12: =P_K!AE3 -> 0.10777479 | E12: =P_K!AF3 -> 0.11877328 | F12: =P_K!AG3 -> 0.11164507 | G12: =P_K!AH3 -> 0.10658308 | H12: =P_K!AI3 -> 0.0963468 | I12: =P_K!AJ3 -> 0.11085744 | ... AE12: =P_K!BF3 -> 0.082330124
A13: w | B13: =w!AC3 -> 142.0781 | C13: =w!AD3 -> 146.61712 | D13: =w!AE3 -> 147.38063 | E13: =w!AF3 -> 152.68933 | F13: =w!AG3 -> 157.86554 | G13: =w!AH3 -> 168.62299 | H13: =w!AI3 -> 166.71729 | I13: =w!AJ3 -> 171.25747 | ... AE13: =w!BF3 -> 333.34154
A14: P_Mtot | B14: =P_Mtot!AB3 -> 0.7487871 | C14: =P_Mtot!AC3 -> 0.76162629 | D14: =P_Mtot!AD3 -> 0.77195901 | E14: =P_Mtot!AE3 -> 0.78289225 | F14: =P_Mtot!AF3 -> 0.79729797 | G14: =P_Mtot!AG3 -> 0.7485308 | H14: =P_Mtot!AH3 -> 0.71806287 | I14: =P_Mtot!AI3 -> 0.76666594 | ... AE14: =P_Mtot!BE3 -> 1.2453425
A15: P_J | B15: =P_J!AC3 -> 0 | C15: =P_J!AD3 -> 0 | D15: =P_J!AE3 -> 0 | E15: =P_J!AF3 -> 0 | F15: =P_J!AG3 -> 0 | G15: =P_J!AH3 -> 0 | H15: =P_J!AI3 -> 0 | I15: =P_J!AJ3 -> 0 | ... AE15: =P_J!BF3 -> 0
A16: P_I | B16: =P_I!C3 -> 0.70532258 | C16: =P_I!D3 -> 0.72013119 | D16: =P_I!E3 -> 0.72734351 | E16: =P_I!F3 -> 0.7146569 | F16: =P_I!G3 -> 0.7362131 | G16: =P_I!H3 -> 0.74597424 | H16: =P_I!I3 -> 0.75458309 | I16: =P_I!J3 -> 0.76224546 | ... AE16: =P_I!AF3 -> 1.0655388
A17: P_Jord | B17: =P_Jord!M3 -> 0 | C17: =P_Jord!N3 -> 0 | D17: =P_Jord!O3 -> 0 | E17: =P_Jord!P3 -> 0 | F17: =P_Jord!Q3 -> 0 | G17: =P_Jord!R3 -> 0 | H17: =P_Jord!S3 -> 0 | I17: =P_Jord!T3 -> 0 | ... AE17: =P_Jord!AP3 -> 0
A19: Andet
A20: Subsidiesats | B20: =tau_Y!AC3 -> -0.0052241545 | C20: =tau_Y!AD3 -> -0.0062216068 | D20: =tau_Y!AE3 -> -0.0041188069 | E20: =tau_Y!AF3 -> -0.0046475991 | F20: =tau_Y!AG3 -> -0.0029108785 | G20: =tau_Y!AH3 -> -0.0012037651 | H20: =tau_Y!AI3 -> -0.00039389257 | I20: =tau_Y!AJ3 -> 4.4346782e-05 | ... AE20: =tau_Y!BF3 -> 0.0028560706
A21: Afgift indenlandsk | B21: =tau_MD!AB3 -> -0.0031050841 | C21: =tau_MD!AC3 -> -0.00027029362 | D21: =tau_MD!AD3 -> -0.0023572128 | E21: =tau_MD!AE3 -> -0.0027298842 | F21: =tau_MD!AF3 -> -0.0025350968 | G21: =tau_MD!AG3 -> -0.00043101845 | H21: =tau_MD!AH3 -> 0.0028970078 | I21: =tau_MD!AI3 -> 0.0044174752 | ... AE21: =tau_MD!BE3 -> 0.0061585633
A22: Markup | B22: =markup!AC3 -> 0 | C22: =markup!AD3 -> 0.0090350964 | D22: =markup!AE3 -> 0.0096512526 | E22: =markup!AF3 -> -0.0024480986 | F22: =markup!AG3 -> 0.016953187 | G22: =markup!AH3 -> 0.0023614807 | H22: =markup!AI3 -> 0.018553578 | I22: =markup!AJ3 -> 0.010080435 | ... AE22: =markup!BF3 -> 0.0022215309

Sheet Y
A1: ANVENDELSE | B1: 1967 | C1: 1968 | D1: 1969 | E1: 1970 | F1: 1971 | G1: 1972 | H1: 1973 | I1: 1974 | J1: 1975 | K1: 1976 | L1: 1977 | M1: 1978 | N1: 1979 | O1: 1980 | P1: 1981 | Q1: 1982 | R1: 1983 | S1: 1984 | T1: 1985 | U1: 1986 | V1: 1987 | W1: 1988 | X1: 1989 | Y1: 1990 | Z1: 1991 | AA1: 1992 | AB1: 1993 | AC1: 1994 | AD1: 1995 | AE1: 1996 | AF1: 1997 | AG1: 1998 | AH1: 1999 | AI1: 2000 | AJ1: 2001 | AK1: 2002 | AL1: 2003 | AM1: 2004 | AN1: 2005 | AO1: 2006 | AP1: 2007 | AQ1: 2008 | AR1: 2009 | AS1: 2010 | AT1: 2011 | AU1: 2012 | AV1: 2013 | AW1: 2014 | AX1: 2015 | AY1: 2016 | AZ1: 2017 | BA1: 2018 | BB1: 2019 | BC1: 2020 | BD1: 2021 | BE1: 2022
A2: 01000 | B2: 44352.253 | C2: 44088.474 | D2: 44065.485 | E2: 41076.955 | F2: 44428.588 | G2: 45125.516 | H2: 45687.594 | I2: 47792.366 | J2: 45353.08 | K2: 45360.614 | L2: 48300.748 | M2: 50462.618 | N2: 51681.032 | O2: 51506.404 | P2: 52624.818 | Q2: 55228.202 | R2: 53482.361 | S2: 58750.744 | T2: 58588.026 | U2: 58742.299 | V2: 56961.097 | W2: 56075.446 | X2: 58852.663 | Y2: 62263.479 | Z2: 60786.475 | AA2: 60399.718 | AB2: 69638.69 | AC2: 68856.807 | AD2: 69737.096 | AE2: 70280.702 | AF2: 72177.731 | AG2: 73158.199 | AH2: 73173.611 | AI2: 74464.21 | AJ2: 73547.402 | AK2: 74587.448 | AL2: 74719.005 | AM2: 75618.655 | AN2: 74196.06 | AO2: 75618.96 | AP2: 79159.854 | AQ2: 73126.391 | AR2: 73444.22 | AS2: 77334.77 | AT2: 75869.896 | AU2: 77617.493 | AV2: 76593.51 | AW2: 80374.732 | AX2: 79210.579 | AY2: 76984.41 | AZ2: 80708.048 | BA2: 79724.539 | BB2: 78394.569 | BC2: 80503.511 | BD2: 82678.533 | BE2: 81481.018
A3: 10120 | B3: 83186.189 | C3: 86476.234 | D3: 85557.501 | E3: 89270.716 | F3: 92244.747 | G3: 94861.982 | H3: 96469.273 | I3: 98731.17 | J3: 96574.474 | K3: 100366.04 | L3: 105550.69 | M3: 108622.24 | N3: 118817.66 | O3: 124261.63 | P3: 125155.28 | Q3: 121655.97 | R3: 119434.54 | S3: 120350.92 | T3: 126590.8 | U3: 133131.09 | V3: 131489.29 | W3: 131466.32 | X3: 131914.27 | Y3: 138076.58 | Z3: 139256.11 | AA3: 142823.72 | AB3: 150359.82 | AC3: 151786.73 | AD3: 151157.95 | AE3: 144547.1 | AF3: 146043.78 | AG3: 150061.67 | AH3: 149807.44 | AI3: 149968.46 | AJ3: 152904.38 | AK3: 155839.87 | AL3: 157377.12 | AM3: 159879.98 | AN3: 163810.69 | AO3: 162171.86 | AP3: 160069.3 | AQ3: 158120.91 | AR3: 150853.33 | AS3: 144714.15 | AT3: 145739.45 | AU3: 142580.88 | AV3: 144480.44 | AW3: 145446.79 | AX3: 146833.77 | AY3: 148098.44 | AZ3: 153499.94 | BA3: 153657.79 | BB3: 155602.57 | BC3: 161377.86 | BD3: 165261.18 | BE3: 168806.14
A4: Privat | B4: 1026759.8 | C4: 1060228 | D4: 1128335.3 | E4: 1163036.9 | F4: 1190367.5 | G4: 1245135.5 | H4: 1301826.3 | I4: 1283839.6 | J4: 1247791.5 | K4: 1341368.2 | L4: 1369531.2 | M4: 1399200.8 | N4: 1458076.4 | O4: 1444205 | P4: 1413996.2 | Q4: 1442953.8 | R4: 1470393.7 | S4: 1563352.9 | T4: 1649454.8 | U4: 1767725.2 | V4: 1790231.4 | W4: 1812075.4 | X4: 1823885.1 | Y4: 1869398.4 | Z4: 1883903.1 | AA4: 1910380.1 | AB4: 1925612.6 | AC4: 2029748.8 | AD4: 2102984.8 | AE4: 2163214.2 | AF4: 2238321.7 | AG4: 2303787.6 | AH4: 2405520.3 | AI4: 2534870.3 | AJ4: 2597762.6 | AK4: 2626560.7 | AL4: 2633042.8 | AM4: 2696370 | AN4: 2860107.9 | AO4: 3027807.4 | AP4: 3135857.7 | AQ4: 3148473.7 | AR4: 2893995.6 | AS4: 2888940.4 | AT4: 2982891.5 | AU4: 3003146.7 | AV4: 3008539.6 | AW4: 3070703.6 | AX4: 3147783.9 | AY4: 3280295.1 | AZ4: 3379204.8 | BA4: 3448242.6 | BB4: 3504899.4 | BC4: 3423589 | BD4: 3653418.8 | BE4: 3780880.1
A5: REST | B5: 1109665.2 | C5: 1150467.2 | D5: 1244272.4 | E5: 1296967.3 | F5: 1323255.2 | G5: 1389078.8 | H5: 1455464.8 | I5: 1429114.2 | J5: 1395556.7 | K5: 1504518.1 | L5: 1524849.3 | M5: 1565128.5 | N5: 1624837 | O5: 1610111.2 | P5: 1578283.4 | Q5: 1618114.6 | R5: 1656904 | S5: 1747167.8 | T5: 1838273 | U5: 1959928.8 | V5: 1995809.2 | W5: 2024259.3 | X5: 2032213.7 | Y5: 2061376.4 | Z5: 2081193.2 | AA5: 2112919.2 | AB5: 2121405.3 | AC5: 2237038.4 | AD5: 2322092.6 | AE5: 2404762 | AF5: 2483498.2 | AG5: 2556756.6 | AH5: 2672884.8 | AI5: 2814342.7 | AJ5: 2887124.9 | AK5: 2919063.6 | AL5: 2924155.7 | AM5: 2993388 | AN5: 3163125.6 | AO5: 3345591.2 | AP5: 3450061.6 | AQ5: 3489091 | AR5: 3255992.7 | AS5: 3260982 | AT5: 3349605.6 | AU5: 3379079.5 | AV5: 3383461.5 | AW5: 3454296 | AX5: 3545031.5 | AY5: 3681621.6 | AZ5: 3775390.8 | BA5: 3850118.5 | BB5: 3911961.7 | BC5: 3813550.3 | BD5: 4064668.8 | BE5: 4180703.9

Sheet Mtot
A1: ANVENDELSE | B1: 1967 | C1: 1968 | D1: 1969 | E1: 1970 | F1: 1971 | G1: 1972 | H1: 1973 | I1: 1974 | J1: 1975 | K1: 1976 | L1: 1977 | M1: 1978 | N1: 1979 | O1: 1980 | P1: 1981 | Q1: 1982 | R1: 1983 | S1: 1984 | T1: 1985 | U1: 1986 | V1: 1987 | W1: 1988 | X1: 1989 | Y1: 1990 | Z1: 1991 | AA1: 1992 | AB1: 1993 | AC1: 1994 | AD1: 1995 | AE1: 1996 | AF1: 1997 | AG1: 1998 | AH1: 1999 | AI1: 2000 | AJ1: 2001 | AK1: 2002 | AL1: 2003 | AM1: 2004 | AN1: 2005 | AO1: 2006 | AP1: 2007 | AQ1: 2008 | AR1: 2009 | AS1: 2010 | AT1: 2011 | AU1: 2012 | AV1: 2013 | AW1: 2014 | AX1: 2015 | AY1: 2016 | AZ1: 2017 | BA1: 2018 | BB1: 2019 | BC1: 2020 | BD1: 2021 | BE1: 2022
A2: 01000 | B2: 39158.518 | C2: 38650.312 | D2: 37599.57 | E2: 39477.463 | F2: 39989.894 | G2: 39968.78 | H2: 43203.207 | I2: 40624.801 | J2: 41184.028 | K2: 45049.756 | L2: 44518.695 | M2: 47531.524 | N2: 49980.482 | O2: 48731.852 | P2: 47712.43 | Q2: 48749.416 | R2: 49280.812 | S2: 49178.903 | T2: 50055.651 | U2: 48856.276 | V2: 51127.725 | W2: 47936.374 | X2: 46717.146 | Y2: 48397.555 | Z2: 46713.689 | AA2: 48453.715 | AB2: 53357.677 | AC2: 51317.848 | AD2: 50103.637 | AE2: 49306.557 | AF2: 51012.219 | AG2: 52253.578 | AH2: 53068.53 | AI2: 51370.952 | AJ2: 49577.561 | AK2: 51738.253 | AL2: 50336.364 | AM2: 50593.936 | AN2: 49993.304 | AO2: 50482.307 | AP2: 50622.981 | AQ2: 51288.072 | AR2: 52138.985 | AS2: 51115.381 | AT2: 51939.369 | AU2: 51132.975 | AV2: 51962.32 | AW2: 51260.314 | AX2: 53815.232 | AY2: 54109.514 | AZ2: 54622.469 | BA2: 54318.847 | BB2: 51561.033 | BC2: 53402.835 | BD2: 53643.955 | BE2: 54314.361
A3: 10120 | B3: 61168.908 | C3: 63366.112 | D3: 62908.687 | E3: 66315.865 | F3: 69522.091 | G3: 70582.374 | H3: 71085.547 | I3: 72967.32 | J3: 72152.64 | K3: 75759.772 | L3: 77865.086 | M3: 81362 | N3: 89053.188 | O3: 93553.418 | P3: 94169.026 | Q3: 90833.077 | R3: 87704.507 | S3: 89727.186 | T3: 94513.239 | U3: 100591.64 | V3: 100836.82 | W3: 98946.674 | X3: 98253.018 | Y3: 103669.6 | Z3: 104457.9 | AA3: 109206.93 | AB3: 115836.74 | AC3: 117252.91 | AD3: 114809.72 | AE3: 110282.69 | AF3: 109138.62 | AG3: 113121.14 | AH3: 111352.93 | AI3: 112674.14 | AJ3: 114029.63 | AK3: 120528.93 | AL3: 124582.68 | AM3: 125432.27 | AN3: 128358.35 | AO3: 129842.14 | AP3: 128854.42 | AQ3: 128455.78 | AR3: 121554.51 | AS3: 115038.18 | AT3: 116451.86 | AU3: 114000.84 | AV3: 115688.26 | AW3: 116298.81 | AX3: 120274.32 | AY3: 120429.91 | AZ3: 123525.11 | BA3: 125198.66 | BB3: 124712.78 | BC3: 130185.31 | BD3: 130242.37 | BE3: 129268.23
A4: Privat | B4: 489183.39 | C4: 497803.42 | D4: 531106.12 | E4: 560532.26 | F4: 566577.19 | G4: 592048.13 | H4: 622281.6 | I4: 608316.33 | J4: 588619.41 | K4: 640041.42 | L4: 650211.49 | M4: 669190.43 | N4: 699957.72 | O4: 694794.77 | P4: 673091.66 | Q4: 670003.85 | R4: 680531.57 | S4: 734884.47 | T4: 782277.13 | U4: 846029.52 | V4: 857565.27 | W4: 861698.99 | X4: 855473.9 | Y4: 870566.77 | Z4: 867837.43 | AA4: 880672.57 | AB4: 890368.65 | AC4: 933914.2 | AD4: 971154.19 | AE4: 998547.18 | AF4: 1027281.1 | AG4: 1064664.4 | AH4: 1120096.7 | AI4: 1167078.2 | AJ4: 1212130.2 | AK4: 1239178.1 | AL4: 1226530.9 | AM4: 1253237.9 | AN4: 1365647 | AO4: 1456220.4 | AP4: 1516413.1 | AQ4: 1526217.8 | AR4: 1376908.8 | AS4: 1356348.3 | AT4: 1400960 | AU4: 1418591.1 | AV4: 1411060.2 | AW4: 1453357.9 | AX4: 1510304.9 | AY4: 1569023 | AZ4: 1605494.4 | BA4: 1637654.6 | BB4: 1666063 | BC4: 1642472.1 | BD4: 1742584.3 | BE4: 1839306
A5: REST | B5: 429425.77 | C5: 438104.29 | D5: 481460.68 | E5: 508854.09 | F5: 510244.46 | G5: 540634.97 | H5: 570883.72 | I5: 556252.43 | J5: 535578.38 | K5: 583106.24 | L5: 591924.48 | M5: 608211.11 | N5: 628418.8 | O5: 618325.33 | P5: 593573.52 | Q5: 593445.7 | R5: 609143.43 | S5: 667096.98 | T5: 710926.28 | U5: 775663.24 | V5: 789733.13 | W5: 796441.78 | X5: 793487.58 | Y5: 800866.82 | Z5: 801200.15 | AA5: 809276.4 | AB5: 814819.29 | AC5: 864082.93 | AD5: 912068.8 | AE5: 951107.78 | AF5: 981114.47 | AG5: 1017067.6 | AH5: 1081882.8 | AI5: 1133494 | AJ5: 1185092.3 | AK5: 1205063.8 | AL5: 1191577.4 | AM5: 1223673.4 | AN5: 1342970 | AO5: 1437216.6 | AP5: 1499775.9 | AQ5: 1517743.2 | AR5: 1379351.6 | AS5: 1364739.9 | AT5: 1400676.1 | AU5: 1427973.9 | AV5: 1417020.8 | AW5: 1463315.3 | AX5: 1517724.4 | AY5: 1581461.1 | AZ5: 1617080.5 | BA5: 1650726.9 | BB5: 1681786.2 | BC5: 1658028.6 | BD5: 1767698.2 | BE5: 1864350.3

Sheet K
A1: ANVENDELSE | B1: 1966 | C1: 1967 | D1: 1968 | E1: 1969 | F1: 1970 | G1: 1971 | H1: 1972 | I1: 1973 | J1: 1974 | K1: 1975 | L1: 1976 | M1: 1977 | N1: 1978 | O1: 1979 | P1: 1980 | Q1: 1981 | R1: 1982 | S1: 1983 | T1: 1984 | U1: 1985 | V1: 1986 | W1: 1987 | X1: 1988 | Y1: 1989 | Z1: 1990 | AA1: 1991 | AB1: 1992 | AC1: 1993 | AD1: 1994 | AE1: 1995 | AF1: 1996 | AG1: 1997 | AH1: 1998 | AI1: 1999 | AJ1: 2000 | AK1: 2001 | AL1: 2002 | AM1: 2003 | AN1: 2004 | AO1: 2005 | AP1: 2006 | AQ1: 2007 | AR1: 2008 | AS1: 2009 | AT1: 2010 | AU1: 2011 | AV1: 2012 | AW1: 2013 | AX1: 2014 | AY1: 2015 | AZ1: 2016 | BA1: 2017 | BB1: 2018 | BC1: 2019 | BD1: 2020 | BE1: 2021 | BF1: 2022 | BG1: 2023 | BH1: 2024
A2: 01000 | B2: 222779 | C2: 224430 | D2: 224282 | E2: 225092 | F2: 225532 | G2: 226385 | H2: 229269 | I2: 235171 | J2: 240479 | K2: 244016 | L2: 249923 | M2: 257543 | N2: 265709 | O2: 273950 | P2: 274839 | Q2: 271574 | R2: 269172 | S2: 265387 | T2: 264710 | U2: 266226 | V2: 266885 | W2: 266110 | X2: 264303 | Y2: 267224 | Z2: 270771 | AA2: 270977 | AB2: 269956 | AC2: 265165 | AD2: 261404 | AE2: 258846 | AF2: 255722 | AG2: 253481 | AH2: 250903 | AI2: 243755 | AJ2: 242098 | AK2: 242131 | AL2: 240161 | AM2: 238063 | AN2: 236088 | AO2: 234687 | AP2: 235845 | AQ2: 239330 | AR2: 242244 | AS2: 239024 | AT2: 234064 | AU2: 229103 | AV2: 225090 | AW2: 222016 | AX2: 218477 | AY2: 215268 | AZ2: 211288 | BA2: 208278 | BB2: 204256 | BC2: 200726 | BD2: 196514 | BE2: 194470 | BF2: 190650 | BG2: 187393 | BH2: 184590
A3: 10120 | B3: 34654 | C3: 36904 | D3: 38025 | E3: 39447 | F3: 40346 | G3: 41710 | H3: 42921 | I3: 44127 | J3: 46869 | K3: 48514 | L3: 50580 | M3: 52444 | N3: 54643 | O3: 57092 | P3: 58318 | Q3: 59085 | R3: 59216 | S3: 59268 | T3: 60351 | U3: 61829 | V3: 63940 | W3: 66178 | X3: 68823 | Y3: 71028 | Z3: 72698 | AA3: 75678 | AB3: 78426 | AC3: 79444 | AD3: 80168 | AE3: 80875 | AF3: 83394 | AG3: 83779 | AH3: 84571 | AI3: 84521 | AJ3: 86866 | AK3: 88848 | AL3: 90559 | AM3: 93051 | AN3: 95676 | AO3: 95904 | AP3: 95868 | AQ3: 96614 | AR3: 99622 | AS3: 102062 | AT3: 99903 | AU3: 98584 | AV3: 99448 | AW3: 99126 | AX3: 98817 | AY3: 98167 | AZ3: 97863 | BA3: 98143 | BB3: 100338 | BC3: 101517 | BD3: 101385 | BE3: 101864 | BF3: 102660 | BG3: 103486 | BH3: 104607
A4: Privat | B4: 2328289 | C4: 2420953 | D4: 2512851 | E4: 2625053 | F4: 2731578 | G4: 2833885 | H4: 2968039 | I4: 3113691 | J4: 3216009 | K4: 3292020 | L4: 3408556 | M4: 3511869 | N4: 3615136 | O4: 3713343 | P4: 3780940 | Q4: 3807718 | R4: 3850841 | S4: 3900678 | T4: 3969100 | U4: 4059681 | V4: 4195239 | W4: 4321877 | X4: 4413324 | Y4: 4504518 | Z4: 4595977 | AA4: 4658767 | AB4: 4707856 | AC4: 4740237 | AD4: 4773036 | AE4: 4825957 | AF4: 4885502 | AG4: 4955736 | AH4: 5039873 | AI4: 5107743 | AJ4: 5203157 | AK4: 5285017 | AL4: 5356277 | AM4: 5425441 | AN4: 5498539 | AO4: 5587189 | AP4: 5723562 | AQ4: 5850835 | AR4: 5942911 | AS4: 5987917 | AT4: 5990758 | AU4: 5995379 | AV4: 6010959 | AW4: 6036155 | AX4: 6077431 | AY4: 6133100 | AZ4: 6213595 | BA4: 6311588 | BB4: 6417049 | BC4: 6501720 | BD4: 6591703 | BE4: 6734739 | BF4: 6874669 | BG4: 6992400 | BH4: 7114398
A5: REST | B5: 2618163 | C5: 2738303 | D5: 2867006 | E5: 3015495 | F5: 3161059 | G5: 3302298 | H5: 3467494 | I5: 3631240 | J5: 3755637 | K5: 3856260 | L5: 3992820 | M5: 4114787 | N5: 4233512 | O5: 4350333 | P5: 4435830 | Q5: 4471498 | R5: 4517509 | S5: 4564886 | T5: 4625448 | U5: 4710206 | V5: 4837386 | W5: 4962141 | X5: 5055391 | Y5: 5137935 | Z5: 5217291 | AA5: 5264800 | AB5: 5305384 | AC5: 5328639 | AD5: 5354683 | AE5: 5403081 | AF5: 5462484 | AG5: 5531111 | AH5: 5612542 | AI5: 5682056 | AJ5: 5773271 | AK5: 5852073 | AL5: 5918328 | AM5: 5980902 | AN5: 6046439 | AO5: 6132550 | AP5: 6270696 | AQ5: 6395005 | AR5: 6486901 | AS5: 6533631 | AT5: 6550770 | AU5: 6568622 | AV5: 6599838 | AW5: 6638025 | AX5: 6696875 | AY5: 6769376 | AZ5: 6870825 | BA5: 6985059 | BB5: 7107156 | BC5: 7209258 | BD5: 7324959 | BE5: 7488001 | BF5: 7648052 | BG5: 7786450 | BH5: 7930718

Sheet L
A1: ANVENDELSE | B1: 1966 | C1: 1967 | D1: 1968 | E1: 1969 | F1: 1970 | G1: 1971 | H1: 1972 | I1: 1973 | J1: 1974 | K1: 1975 | L1: 1976 | M1: 1977 | N1: 1978 | O1: 1979 | P1: 1980 | Q1: 1981 | R1: 1982 | S1: 1983 | T1: 1984 | U1: 1985 | V1: 1986 | W1: 1987 | X1: 1988 | Y1: 1989 | Z1: 1990 | AA1: 1991 | AB1: 1992 | AC1: 1993 | AD1: 1994 | AE1: 1995 | AF1: 1996 | AG1: 1997 | AH1: 1998 | AI1: 1999 | AJ1: 2000 | AK1: 2001 | AL1: 2002 | AM1: 2003 | AN1: 2004 | AO1: 2005 | AP1: 2006 | AQ1: 2007 | AR1: 2008 | AS1: 2009 | AT1: 2010 | AU1: 2011 | AV1: 2012 | AW1: 2013 | AX1: 2014 | AY1: 2015 | AZ1: 2016 | BA1: 2017 | BB1: 2018 | BC1: 2019 | BD1: 2020 | BE1: 2021 | BF1: 2022
A2: 01000 | B2: 630.077 | C2: 595.974 | D2: 561.953 | E2: 532.92 | F2: 505.492 | G2: 472.538 | H2: 463.15 | I2: 454.509 | J2: 433.263 | K2: 415.44 | L2: 408.086 | M2: 393.844 | N2: 380.021 | O2: 361.6 | P2: 342.439 | Q2: 325.525 | R2: 314.708 | S2: 305.717 | T2: 297.005 | U2: 286.292 | V2: 277.373 | W2: 272.733 | X2: 247.527 | Y2: 239.832 | Z2: 229.64 | AA2: 224.577 | AB2: 216.746 | AC2: 205.929 | AD2: 187.306 | AE2: 180.889 | AF2: 173.049 | AG2: 162.332 | AH2: 160.81 | AI2: 152.28 | AJ2: 149.02 | AK2: 145.343 | AL2: 145.637 | AM2: 134.391 | AN2: 133.301 | AO2: 125.588 | AP2: 117.953 | AQ2: 114.771 | AR2: 109.397 | AS2: 101.938 | AT2: 98.594 | AU2: 97.135 | AV2: 95.702 | AW2: 94.814 | AX2: 95.678 | AY2: 97.467 | AZ2: 91.694 | BA2: 92.464 | BB2: 89.982 | BC2: 85.014 | BD2: 85.49 | BE2: 86.997 | BF2: 84.49
A3: 10120 | B3: 232.125 | C3: 220.326 | D3: 210.205 | E3: 204.42 | F3: 202.642 | G3: 194.114 | H3: 187.292 | I3: 179.902 | J3: 174.334 | K3: 156.33 | L3: 155.216 | M3: 152.588 | N3: 149.102 | O3: 150.151 | P3: 147.911 | Q3: 145.985 | R3: 146.121 | S3: 147.457 | T3: 147.552 | U3: 145.082 | V3: 148.494 | W3: 140.336 | X3: 138.844 | Y3: 133.495 | Z3: 129.957 | AA3: 129.1 | AB3: 127.466 | AC3: 124.695 | AD3: 121.438 | AE3: 123.972 | AF3: 120.697 | AG3: 117.906 | AH3: 115.14 | AI3: 116.399 | AJ3: 117.301 | AK3: 117.036 | AL3: 116.729 | AM3: 110.661 | AN3: 106.601 | AO3: 99.25 | AP3: 95.156 | AQ3: 90.557 | AR3: 89.332 | AS3: 83.22 | AT3: 79.289 | AU3: 76.719 | AV3: 73.253 | AW3: 70.479 | AX3: 66.267 | AY3: 64.949 | AZ3: 65.699 | BA3: 67.126 | BB3: 65.335 | BC3: 65.519 | BD3: 70.152 | BE3: 70.24 | BF3: 69.952
A4: Privat | B4: 4005.275 | C4: 3893.867 | D4: 3812.789 | E4: 3762.969 | F4: 3723.123 | G4: 3604.532 | H4: 3514.151 | I4: 3435.632 | J4: 3343.361 | K4: 3118.256 | L4: 3174.012 | M4: 3109.71 | N4: 3055.256 | O4: 3029.475 | P4: 2953.509 | Q4: 2789.238 | R4: 2784.644 | S4: 2764.548 | T4: 2820.456 | U4: 2867.423 | V4: 2957.498 | W4: 2898.773 | X4: 2814.231 | Y4: 2765.429 | Z4: 2727.54 | AA4: 2699.07 | AB4: 2699.99 | AC4: 2627.877 | AD4: 2599.036 | AE4: 2654.04 | AF4: 2676.015 | AG4: 2731.916 | AH4: 2792.281 | AI4: 2859.613 | AJ4: 2929.856 | AK4: 2953.905 | AL4: 2933.736 | AM4: 2869.431 | AN4: 2852.465 | AO4: 2866.743 | AP4: 2937.49 | AQ4: 2976.606 | AR4: 3006.822 | AS4: 2803.28 | AT4: 2719.164 | AU4: 2768.068 | AV4: 2722.961 | AW4: 2725.009 | AX4: 2724.198 | AY4: 2766.634 | AZ4: 2847.098 | BA4: 2885.301 | BB4: 2877.876 | BC4: 2901.013 | BD4: 2776.337 | BE4: 2946.767 | BF4: 3099.813
A5: REST | B5: 3742.182 | C5: 3720.867 | D5: 3695.254 | E5: 3716.009 | F5: 3741.101 | G5: 3694.889 | H5: 3653.882 | I5: 3614.336 | J5: 3566.698 | K5: 3379.346 | L5: 3472.797 | M5: 3418.194 | N5: 3410.781 | O5: 3444.395 | P5: 3477.283 | Q5: 3356.998 | R5: 3400.968 | S5: 3394.252 | T5: 3445.565 | U5: 3514.7 | V5: 3625.889 | W5: 3568.13 | X5: 3517.672 | Y5: 3475.337 | Z5: 3434.81 | AA5: 3395.609 | AB5: 3413.744 | AC5: 3357.281 | AD5: 3342.697 | AE5: 3401.971 | AF5: 3431.762 | AG5: 3539.072 | AH5: 3632.582 | AI5: 3714.509 | AJ5: 3772.557 | AK5: 3824.171 | AL5: 3809.762 | AM5: 3776.588 | AN5: 3761.275 | AO5: 3814.54 | AP5: 3929.729 | AQ5: 3967.488 | AR5: 4018.058 | AS5: 3861.885 | AT5: 3790.107 | AU5: 3830.075 | AV5: 3769.454 | AW5: 3781.533 | AX5: 3776.795 | AY5: 3815.08 | AZ5: 3899.913 | BA5: 3935.591 | BB5: 3934.302 | BC5: 3972.38 | BD5: 3827.066 | BE5: 4062.261 | BF5: 4225.398

Sheet P
A1: ANVENDELSE | B1: 1967 | C1: 1968 | D1: 1969 | E1: 1970 | F1: 1971 | G1: 1972 | H1: 1973 | I1: 1974 | J1: 1975 | K1: 1976 | L1: 1977 | M1: 1978 | N1: 1979 | O1: 1980 | P1: 1981 | Q1: 1982 | R1: 1983 | S1: 1984 | T1: 1985 | U1: 1986 | V1: 1987 | W1: 1988 | X1: 1989 | Y1: 1990 | Z1: 1991 | AA1: 1992 | AB1: 1993 | AC1: 1994 | AD1: 1995 | AE1: 1996 | AF1: 1997 | AG1: 1998 | AH1: 1999 | AI1: 2000 | AJ1: 2001 | AK1: 2002 | AL1: 2003 | AM1: 2004 | AN1: 2005 | AO1: 2006 | AP1: 2007 | AQ1: 2008 | AR1: 2009 | AS1: 2010 | AT1: 2011 | AU1: 2012 | AV1: 2013 | AW1: 2014 | AX1: 2015 | AY1: 2016 | AZ1: 2017 | BA1: 2018 | BB1: 2019 | BC1: 2020 | BD1: 2021 | BE1: 2022
A2: 01000 | B2: 0.25607391 | C2: 0.25834004 | D2: 0.28105258 | E2: 0.30430121 | F2: 0.29811967 | G2: 0.3339359 | H2: 0.43052799 | I2: 0.44414889 | J2: 0.48715192 | K2: 0.5640882 | L2: 0.59514356 | M2: 0.6345172 | N2: 0.65096351 | O2: 0.72318177 | P2: 0.81190981 | Q2: 0.91041812 | R2: 0.95466565 | S2: 0.99197673 | T2: 0.98749151 | U2: 0.95475842 | V2: 0.95360648 | W2: 0.93289799 | X2: 0.97239892 | Y2: 0.90614873 | Z2: 0.89339057 | AA2: 0.9027064 | AB2: 0.80025435 | AC2: 0.80089488 | AD2: 0.83564746 | AE2: 0.84700116 | AF2: 0.84671658 | AG2: 0.75191861 | AH2: 0.73512719 | AI2: 0.80247949 | AJ2: 0.85718239 | AK2: 0.78091773 | AL2: 0.75515379 | AM2: 0.77755657 | AN2: 0.71833855 | AO2: 0.73132553 | AP2: 0.76268103 | AQ2: 0.83607121 | AR2: 0.79607803 | AS2: 0.84462464 | AT2: 0.94835462 | AU2: 1.0293523 | AV2: 0.9779207 | AW2: 0.93853411 | AX2: 0.86804807 | AY2: 0.8813666 | AZ2: 0.9560939 | BA2: 0.91154158 | BB2: 0.98517616 | BC2: 1 | BD2: 0.97836787 | BE2: 1.1755229
A3: 10120 | B3: 0.21736726 | C3: 0.21710019 | D3: 0.23343467 | E3: 0.25019141 | F3: 0.25792979 | G3: 0.27667241 | H3: 0.35413554 | I3: 0.38365037 | J3: 0.41428954 | K3: 0.45273991 | L3: 0.48772052 | M3: 0.51748751 | N3: 0.52452863 | O3: 0.57813656 | P3: 0.65156258 | Q3: 0.72420846 | R3: 0.74937649 | S3: 0.8071227 | T3: 0.80627525 | U3: 0.76773198 | V3: 0.75546495 | W3: 0.7647754 | X3: 0.81507702 | Y3: 0.7943401 | Z3: 0.79175995 | AA3: 0.8113854 | AB3: 0.75479964 | AC3: 0.76114401 | AD3: 0.76856146 | AE3: 0.78565486 | AF3: 0.79803586 | AG3: 0.75402237 | AH3: 0.73069725 | AI3: 0.78026275 | AJ3: 0.81970009 | AK3: 0.82018067 | AL3: 0.80459867 | AM3: 0.81073778 | AN3: 0.81833701 | AO3: 0.83200361 | AP3: 0.86051449 | AQ3: 0.92183343 | AR3: 0.88637583 | AS3: 0.91582157 | AT3: 0.95976415 | AU3: 0.99275846 | AV3: 1.0090947 | AW3: 0.98179215 | AX3: 0.96693149 | AY3: 0.97212259 | AZ3: 0.98167364 | BA3: 0.9721503 | BB3: 0.9972466 | BC3: 1 | BD3: 0.99145651 | BE3: 1.1472759
A4: Privat | B4: 0.13385216 | C4: 0.13861823 | D4: 0.14731478 | E4: 0.1590853 | F4: 0.1679589 | G4: 0.18036533 | H4: 0.20500282 | I4: 0.24010783 | J4: 0.26491165 | K4: 0.2875602 | L4: 0.31038809 | M4: 0.33191039 | N4: 0.35422797 | O4: 0.39293269 | P4: 0.44186123 | Q4: 0.48892587 | R4: 0.52199306 | S4: 0.55185749 | T4: 0.57285028 | U4: 0.56338293 | V4: 0.57271612 | W4: 0.58460042 | X4: 0.62083014 | Y4: 0.63107736 | Z4: 0.64476656 | AA4: 0.65310671 | AB4: 0.64842101 | AC4: 0.65986452 | AD4: 0.6722035 | AE4: 0.68180568 | AF4: 0.69630638 | AG4: 0.69489446 | AH4: 0.69990148 | AI4: 0.73354179 | AJ4: 0.75226471 | AK4: 0.75724342 | AL4: 0.76103765 | AM4: 0.77517331 | AN4: 0.79725781 | AO4: 0.81982154 | AP4: 0.84299682 | AQ4: 0.88342793 | AR4: 0.8611562 | AS4: 0.89703601 | AT4: 0.91765698 | AU4: 0.94171381 | AV4: 0.94899262 | AW4: 0.9512778 | AX4: 0.95218359 | AY4: 0.94081603 | AZ4: 0.96222829 | BA4: 0.97624078 | BB4: 0.99192193 | BC4: 1 | BD4: 1.051389 | BE4: 1.2068704
A5: REST | B5: 0.11367524 | C5: 0.11970203 | D5: 0.12712092 | E5: 0.1379434 | F5: 0.14817806 | G5: 0.15925596 | H5: 0.17599834 | I5: 0.21077905 | J5: 0.23578933 | K5: 0.2547441 | L5: 0.27537931 | M5: 0.29513295 | N5: 0.31843116 | O5: 0.35329295 | P5: 0.39662562 | Q5: 0.43949182 | R5: 0.47188153 | S5: 0.49739374 | T5: 0.51982296 | U5: 0.51672073 | V5: 0.53285898 | W5: 0.54884824 | X5: 0.58187566 | Y5: 0.59855472 | Z5: 0.61564213 | AA5: 0.62424257 | AB5: 0.62877082 | AC5: 0.64020326 | AD5: 0.65076452 | AE5: 0.66043461 | AF5: 0.67617658 | AG5: 0.68328877 | AH5: 0.69275442 | AI5: 0.72089398 | AJ5: 0.73839614 | AK5: 0.74851574 | AL5: 0.75647841 | AM5: 0.77184925 | AN5: 0.79589363 | AO5: 0.81825641 | AP5: 0.84085023 | AQ5: 0.87822555 | AR5: 0.86662997 | AS5: 0.89841806 | AT5: 0.91182114 | AU5: 0.93274208 | AV5: 0.94063557 | AW5: 0.94452562 | AX5: 0.94667601 | AY5: 0.93774849 | AZ5: 0.95693456 | BA5: 0.97344332 | BB5: 0.98632641 | BC5: 1 | BD5: 1.0496921 | BE5: 1.1875979

Sheet w
A1: ANVENDELSE | B1: 1966 | C1: 1967 | D1: 1968 | E1: 1969 | F1: 1970 | G1: 1971 | H1: 1972 | I1: 1973 | J1: 1974 | K1: 1975 | L1: 1976 | M1: 1977 | N1: 1978 | O1: 1979 | P1: 1980 | Q1: 1981 | R1: 1982 | S1: 1983 | T1: 1984 | U1: 1985 | V1: 1986 | W1: 1987 | X1: 1988 | Y1: 1989 | Z1: 1990 | AA1: 1991 | AB1: 1992 | AC1: 1993 | AD1: 1994 | AE1: 1995 | AF1: 1996 | AG1: 1997 | AH1: 1998 | AI1: 1999 | AJ1: 2000 | AK1: 2001 | AL1: 2002 | AM1: 2003 | AN1: 2004 | AO1: 2005 | AP1: 2006 | AQ1: 2007 | AR1: 2008 | AS1: 2009 | AT1: 2010 | AU1: 2011 | AV1: 2012 | AW1: 2013 | AX1: 2014 | AY1: 2015 | AZ1: 2016 | BA1: 2017 | BB1: 2018 | BC1: 2019 | BD1: 2020 | BE1: 2021 | BF1: 2022
A2: 01000 | B2: 4.9614659 | C2: 5.3261863 | D2: 5.6442061 | E2: 6.0123327 | F2: 5.8437461 | G2: 6.86028 | H2: 7.0786711 | I2: 7.9727202 | J2: 9.6403693 | K2: 11.505817 | L2: 12.853657 | M2: 14.346346 | N2: 16.749786 | O2: 19.344179 | P2: 22.662031 | Q2: 25.412391 | R2: 28.234244 | S2: 32.004413 | T2: 35.982725 | U2: 39.726702 | V2: 43.975964 | W2: 49.244809 | X2: 54.206254 | Y2: 57.809751 | Z2: 61.150908 | AA2: 62.964672 | AB2: 68.243047 | AC2: 70.472785 | AD2: 72.401971 | AE2: 73.668419 | AF2: 77.602928 | AG2: 82.112148 | AH2: 85.654427 | AI2: 87.363624 | AJ2: 90.147712 | AK2: 91.297341 | AL2: 97.14543 | AM2: 103.01562 | AN2: 108.39572 | AO2: 109.31073 | AP2: 113.52155 | AQ2: 120.93852 | AR2: 127.13193 | AS2: 132.90639 | AT2: 140.4119 | AU2: 143.61532 | AV2: 146.408 | AW2: 150.45915 | AX2: 156.52284 | AY2: 175.97839 | AZ2: 179.46352 | BA2: 182.14425 | BB2: 189.6717 | BC2: 197.71026 | BD2: 205.68694 | BE2: 203.39064 | BF2: 217.89115
A3: 10120 | B3: 10.642166 | C3: 11.953693 | D3: 13.270209 | E3: 14.817641 | F3: 16.770804 | G3: 19.7178 | H3: 22.357043 | I3: 26.961596 | J3: 32.740298 | K3: 40.098082 | L3: 44.334284 | M3: 49.171518 | N3: 54.381386 | O3: 60.086146 | P3: 65.502649 | Q3: 72.561179 | R3: 78.850417 | S3: 85.204956 | T3: 90.681675 | U3: 95.726497 | V3: 100.14818 | W3: 113.00424 | X3: 118.64512 | Y3: 124.33357 | Z3: 131.58692 | AA3: 136.4622 | AB3: 140.12418 | AC3: 142.0781 | AD3: 146.61712 | AE3: 147.38063 | AF3: 152.68933 | AG3: 157.86554 | AH3: 168.62299 | AI3: 166.71729 | AJ3: 171.25747 | AK3: 177.91464 | AL3: 186.38922 | AM3: 198.10179 | AN3: 204.59416 | AO3: 215.89704 | AP3: 225.25355 | AQ3: 239.9327 | AR3: 247.39118 | AS3: 252.65251 | AT3: 262.04289 | AU3: 260.51514 | AV3: 266.62836 | AW3: 271.5241 | AX3: 276.05941 | AY3: 277.41873 | AZ3: 294.32353 | BA3: 299.88461 | BB3: 309.84822 | BC3: 316.77175 | BD3: 314.17493 | BE3: 326.18735 | BF3: 333.34154
A4: Privat | B4: 10.312987 | C4: 11.600269 | D4: 12.969816 | E4: 14.721626 | F4: 16.4194 | G4: 18.753253 | H4: 21.059298 | I4: 24.725791 | J4: 29.597821 | K4: 35.416866 | L4: 39.478798 | M4: 44.582485 | N4: 49.837362 | O4: 55.340124 | P4: 61.534723 | Q4: 68.695138 | R4: 76.378325 | S4: 84.173787 | T4: 90.062285 | U4: 96.206133 | V4: 101.58234 | W4: 112.58822 | X4: 120.23263 | Y4: 127.26408 | Z4: 134.59333 | AA4: 139.67843 | AB4: 143.46638 | AC4: 146.42297 | AD4: 152.02628 | AE4: 155.80511 | AF4: 162.84915 | AG4: 166.34018 | AH4: 171.86196 | AI4: 175.10932 | AJ4: 178.99855 | AK4: 186.12955 | AL4: 194.66273 | AM4: 203.37372 | AN4: 209.0886 | AO4: 218.6608 | AP4: 226.92328 | AQ4: 240.6112 | AR4: 248.03532 | AS4: 256.06107 | AT4: 262.59157 | AU4: 264.19393 | AV4: 270.42136 | AW4: 272.95611 | AX4: 278.91267 | AY4: 286.52096 | AZ4: 287.36456 | BA4: 293.97478 | BB4: 305.19848 | BC4: 311.10504 | BD4: 327.95566 | BE4: 328.0687 | BF4: 336.69936
A5: REST | B5: 11.57843 | C5: 12.994332 | D5: 14.604469 | E5: 16.579907 | F5: 18.656783 | G5: 21.379339 | H5: 23.970374 | I5: 27.734018 | J5: 33.053165 | K5: 39.41599 | L5: 43.800474 | M5: 49.329405 | N5: 54.723886 | O5: 60.128075 | P5: 65.23713 | Q5: 72.806233 | R5: 81.366639 | S5: 88.756504 | T5: 94.018266 | U5: 99.506818 | V5: 103.77431 | W5: 114.86774 | X5: 123.04579 | Y5: 129.6554 | Z5: 136.01277 | AA5: 142.22567 | AB5: 146.13481 | AC5: 149.70152 | AD5: 155.14169 | AE5: 159.2887 | AF5: 166.92529 | AG5: 169.26072 | AH5: 174.44241 | AI5: 179.20911 | AJ5: 184.59864 | AK5: 191.2066 | AL5: 199.7988 | AM5: 207.22356 | AN5: 213.51149 | AO5: 220.49602 | AP5: 227.05593 | AQ5: 238.42066 | AR5: 247.31225 | AS5: 256.32685 | AT5: 263.39882 | AU5: 264.63435 | AV5: 271.6613 | AW5: 275.58602 | AX5: 281.98289 | AY5: 288.79274 | AZ5: 290.27159 | BA5: 296.43418 | BB5: 306.32276 | BC5: 311.95188 | BD5: 327.73115 | BE5: 327.71366 | BF5: 336.59787

Sheet P_K
A1: ANVENDELSE | B1: 1966 | C1: 1967 | D1: 1968 | E1: 1969 | F1: 1970 | G1: 1971 | H1: 1972 | I1: 1973 | J1: 1974 | K1: 1975 | L1: 1976 | M1: 1977 | N1: 1978 | O1: 1979 | P1: 1980 | Q1: 1981 | R1: 1982 | S1: 1983 | T1: 1984 | U1: 1985 | V1: 1986 | W1: 1987 | X1: 1988 | Y1: 1989 | Z1: 1990 | AA1: 1991 | AB1: 1992 | AC1: 1993 | AD1: 1994 | AE1: 1995 | AF1: 1996 | AG1: 1997 | AH1: 1998 | AI1: 1999 | AJ1: 2000 | AK1: 2001 | AL1: 2002 | AM1: 2003 | AN1: 2004 | AO1: 2005 | AP1: 2006 | AQ1: 2007 | AR1: 2008 | AS1: 2009 | AT1: 2010 | AU1: 2011 | AV1: 2012 | AW1: 2013 | AX1: 2014 | AY1: 2015 | AZ1: 2016 | BA1: 2017 | BB1: 2018 | BC1: 2019 | BD1: 2020 | BE1: 2021 | BF1: 2022 | BG1: 2023 | BH1: 2024
A2: 01000 | AD2: 0.060751278 | AE2: 0.069791081 | AF2: 0.085026536 | AG2: 0.070368963 | AH2: 0.067863342 | AI2: 0.088871606 | AJ2: 0.062415609 | AK2: 0.056085129 | AL2: 0.059875374 | AM2: 0.063636068 | AN2: 0.070909567 | AO2: 0.045636799 | AP2: 0.063955834 | AQ2: 0.052150347 | AR2: 0.066197293 | AS2: 0.072959482 | AT2: 0.074747652 | AU2: 0.074345659 | AV2: 0.055688748 | AW2: 0.06165053 | AX2: 0.058095357 | AY2: 0.056166675 | AZ2: 0.046997512 | BA2: 0.063610903 | BB2: 0.093953035 | BC2: 0.069468615 | BD2: 0.068133568 | BE2: 0.10072659 | BF2: 0.065872729
A3: 10120 | AD3: 0.10203538 | AE3: 0.10777479 | AF3: 0.11877328 | AG3: 0.11164507 | AH3: 0.10658308 | AI3: 0.0963468 | AJ3: 0.11085744 | AK3: 0.086690043 | AL3: 0.093857836 | AM3: 0.09654273 | AN3: 0.10400685 | AO3: 0.083365909 | AP3: 0.10278033 | AQ3: 0.074265195 | AR3: 0.098188281 | AS3: 0.10325658 | AT3: 0.10760116 | AU3: 0.10489538 | AV3: 0.095932698 | AW3: 0.095640066 | AX3: 0.078553793 | AY3: 0.07951904 | AZ3: 0.077908112 | BA3: 0.094663324 | BB3: 0.095160056 | BC3: 0.083019975 | BD3: 0.083904178 | BE3: 0.086398922 | BF3: 0.082330124
A4: Privat | AD4: 0.086433793 | AE4: 0.094132987 | AF4: 0.094800995 | AG4: 0.097947835 | AH4: 0.093258046 | AI4: 0.090793286 | AJ4: 0.085624726 | AK4: 0.075434044 | AL4: 0.080025935 | AM4: 0.082903004 | AN4: 0.086110743 | AO4: 0.072018317 | AP4: 0.081504575 | AQ4: 0.066056071 | AR4: 0.080667379 | AS4: 0.099280284 | AT4: 0.097714354 | AU4: 0.088841726 | AV4: 0.078334472 | AW4: 0.082724478 | AX4: 0.083205545 | AY4: 0.078723432 | AZ4: 0.072903316 | BA4: 0.080126154 | BB4: 0.082995408 | BC4: 0.081217804 | BD4: 0.083883584 | BE4: 0.082905144 | BF4: 0.063548345
A5: REST | AD5: 0.089550877 | AE5: 0.095563278 | AF5: 0.093422145 | AG5: 0.094739862 | AH5: 0.091017427 | AI5: 0.087634851 | AJ5: 0.083132466 | AK5: 0.073182359 | AL5: 0.07897033 | AM5: 0.082359985 | AN5: 0.085365409 | AO5: 0.071647686 | AP5: 0.08076912 | AQ5: 0.066085404 | AR5: 0.081532434 | AS5: 0.098867346 | AT5: 0.098193075 | AU5: 0.090370048 | AV5: 0.080607895 | AW5: 0.085510326 | AX5: 0.08566152 | AY5: 0.081148775 | AZ5: 0.075072538 | BA5: 0.080983122 | BB5: 0.082669874 | BC5: 0.080932536 | BD5: 0.084380497 | BE5: 0.082775737 | BF5: 0.063257686

Sheet KL
A1: ANVENDELSE | B1: 1994 | C1: 1995 | D1: 1996 | E1: 1997 | F1: 1998 | G1: 1999 | H1: 2000 | I1: 2001 | J1: 2002 | K1: 2003 | L1: 2004 | M1: 2005 | N1: 2006 | O1: 2007 | P1: 2008 | Q1: 2009 | R1: 2010 | S1: 2011 | T1: 2012 | U1: 2013 | V1: 2014 | W1: 2015 | X1: 2016 | Y1: 2017 | Z1: 2018 | AA1: 2019 | AB1: 2020 | AC1: 2021 | AD1: 2022
A2: 01000 | B2: 52117.794 | C2: 50900.442 | D2: 49681.538 | E2: 48143.426 | F2: 47708.981 | G2: 46314.405 | H2: 45117.473 | I2: 44432.633 | J2: 44480.111 | K2: 42600.847 | L2: 42241.35 | M2: 40925.503 | N2: 39424.938 | O2: 39026.41 | P2: 38328.713 | Q2: 37355.83 | R2: 36543.067 | S2: 35879.711 | T2: 35222.069 | U2: 34756.946 | V2: 34683.366 | W2: 34775.854 | X2: 33362.229 | Y2: 33300.801 | Z2: 32593.134 | AA2: 31418.74 | AB2: 31265.505 | AC2: 31288.388 | AD2: 30691.04
A3: 10120 | B3: 41053.802 | C3: 41759.501 | D3: 41128.759 | E3: 40942.503 | F3: 40365.296 | G3: 40787.837 | H3: 41003.31 | I3: 41301.986 | J3: 41472.717 | K3: 40135.482 | L3: 39397.689 | M3: 37857.534 | N3: 36744.013 | O3: 35523.214 | P3: 35229.502 | Q3: 33872.477 | R3: 33070.653 | S3: 32127.489 | T3: 31029.396 | U3: 30326.43 | V3: 29083.172 | W3: 28650.367 | X3: 28823.509 | Y3: 29246.826 | Z3: 28738.801 | AA3: 28997.102 | AB3: 30557.868 | AC3: 30574.44 | AD3: 30523.704
A4: Privat | B4: 1225407.7 | C4: 1242795.7 | D4: 1255462.1 | E4: 1277006.2 | F4: 1301906 | G4: 1330330.8 | H4: 1356944.2 | I4: 1375790.7 | J4: 1380125.2 | K4: 1371087.4 | L4: 1374650.5 | M4: 1386943.9 | N4: 1416927.3 | O4: 1442726.8 | P4: 1463823.9 | Q4: 1412634.3 | R4: 1394308 | S4: 1408259.2 | T4: 1395263.5 | U4: 1397199.9 | V4: 1399261.9 | W4: 1416234.5 | X4: 1446856.2 | Y4: 1466272.9 | Z4: 1472584.5 | AA4: 1489320.8 | AB4: 1455978.1 | AC4: 1519428.8 | AD4: 1581749.9
A5: REST | B5: 1527969.9 | C5: 1546477.3 | D5: 1561291.6 | E5: 1596610.2 | F5: 1630908.7 | G5: 1664171.9 | H5: 1689272.5 | I5: 1715552.3 | J5: 1720985.9 | K5: 1719611.2 | L5: 1722950.2 | M5: 1745689.9 | N5: 1789467.5 | O5: 1815573.7 | P5: 1843060 | Q5: 1805786.2 | R5: 1790700.5 | S5: 1804084.2 | T5: 1787836.6 | U5: 1794529.7 | V5: 1796799.1 | W5: 1814378.2 | X5: 1848027 | Y5: 1868512.6 | Z5: 1878314 | AA5: 1901400.2 | AB5: 1862622.6 | AC5: 1949504.5 | AD5: 2016873.8

Sheet JKL
A1: ANVENDELSE | B1: 1994 | C1: 1995 | D1: 1996 | E1: 1997 | F1: 1998 | G1: 1999 | H1: 2000 | I1: 2001 | J1: 2002 | K1: 2003 | L1: 2004 | M1: 2005 | N1: 2006 | O1: 2007 | P1: 2008 | Q1: 2009 | R1: 2010 | S1: 2011 | T1: 2012 | U1: 2013 | V1: 2014 | W1: 2015 | X1: 2016 | Y1: 2017 | Z1: 2018 | AA1: 2019 | AB1: 2020 | AC1: 2021 | AD1: 2022
A2: 01000 | B2: 39615.423 | C2: 38703.353 | D2: 37843.795 | E2: 36756.849 | F2: 36466.9 | G2: 35429.093 | H2: 34504.781 | I2: 34006.56 | J2: 34046.776 | K2: 32626.197 | L2: 32344.644 | M2: 31282.764 | N2: 29799.95 | O2: 29463.372 | P2: 28938.182 | Q2: 28443.2 | R2: 27834.982 | S2: 27251.991 | T2: 26664.953 | U2: 26233.149 | V2: 26206.615 | W2: 26195.87 | X2: 25089.115 | Y2: 24975.354 | Z2: 24306.916 | AA2: 23237.553 | AB2: 23089.686 | AC2: 23204.748 | AD2: 22673.607
A3: 10120 | B3: 0 | C3: 0 | D3: 0 | E3: 0 | F3: 0 | G3: 0 | H3: 0 | I3: 0 | J3: 0 | K3: 0 | L3: 0 | M3: 0 | N3: 0 | O3: 0 | P3: 0 | Q3: 0 | R3: 0 | S3: 0 | T3: 0 | U3: 0 | V3: 0 | W3: 0 | X3: 0 | Y3: 0 | Z3: 0 | AA3: 0 | AB3: 0 | AC3: 0 | AD3: 0
A4: REST | B4: 0 | C4: 0 | D4: 0 | E4: 0 | F4: 0 | G4: 0 | H4: 0 | I4: 0 | J4: 0 | K4: 0 | L4: 0 | M4: 0 | N4: 0 | O4: 0 | P4: 0 | Q4: 0 | R4: 0 | S4: 0 | T4: 0 | U4: 0 | V4: 0 | W4: 0 | X4: 0 | Y4: 0 | Z4: 0 | AA4: 0 | AB4: 0 | AC4: 0 | AD4: 0

Sheet P_KL
A1: ANVENDELSE | B1: 1994 | C1: 1995 | D1: 1996 | E1: 1997 | F1: 1998 | G1: 1999 | H1: 2000 | I1: 2001 | J1: 2002 | K1: 2003 | L1: 2004 | M1: 2005 | N1: 2006 | O1: 2007 | P1: 2008 | Q1: 2009 | R1: 2010 | S1: 2011 | T1: 2012 | U1: 2013 | V1: 2014 | W1: 2015 | X1: 2016 | Y1: 2017 | Z1: 2018 | AA1: 2019 | AB1: 2020 | AC1: 2021 | AD1: 2022
A2: 01000 | B2: 0.5694121 | C2: 0.62035501 | D2: 0.71346775 | E2: 0.65078662 | F2: 0.64940884 | G2: 0.76888134 | H2: 0.63509005 | I2: 0.60434501 | J2: 0.64413311 | K2: 0.68386032 | L2: 0.74184557 | M2: 0.59880691 | N2: 0.7204948 | O2: 0.67093704 | P2: 0.77635834 | Q2: 0.83598365 | R2: 0.86793431 | S2: 0.87398331 | T2: 0.76017118 | U2: 0.80984611 | V2: 0.80380746 | W2: 0.84621455 | X2: 0.79660741 | Y2: 0.90949967 | Z2: 1.1242478 | AA2: 0.98676346 | AB2: 1 | AC2: 1.1984003 | AD2: 1.0173887
A3: 10120 | B3: 0.63115103 | C3: 0.64443612 | D3: 0.6816428 | E3: 0.68202981 | F3: 0.70220843 | G3: 0.67554531 | H3: 0.7184454 | I3: 0.68647991 | J3: 0.72568847 | K3: 0.76404035 | L3: 0.79923661 | M3: 0.77670287 | N3: 0.8516072 | O3: 0.81207128 | P3: 0.89659224 | Q3: 0.92442524 | R3: 0.96034766 | S3: 0.94828548 | T3: 0.93424129 | U3: 0.94465941 | V3: 0.8967559 | W3: 0.90316668 | X3: 0.93621212 | Y3: 1.0050415 | Z3: 1.0293892 | AA3: 1.0030241 | AB3: 1 | AC3: 1.0358694 | AD3: 1.0386862
A4: Privat | B4: 0.65065849 | C4: 0.68776721 | D4: 0.70530553 | E4: 0.72462162 | F4: 0.71885117 | G4: 0.71659641 | H4: 0.70572373 | I4: 0.68278241 | J4: 0.71839964 | K4: 0.74781135 | L4: 0.77227612 | M4: 0.73640233 | N4: 0.79081995 | O4: 0.75790761 | P4: 0.83148031 | Q4: 0.92568895 | R4: 0.93170036 | S4: 0.89711719 | T4: 0.86414799 | U4: 0.88796288 | V4: 0.90163304 | W4: 0.8972773 | X4: 0.87428376 | Y4: 0.91788668 | Z4: 0.95211704 | AA4: 0.95596257 | AB4: 1 | AC4: 0.99597384 | AD4: 0.93045813
A5: REST | B5: 0.64426937 | C5: 0.67373434 | D5: 0.68326909 | E5: 0.69286435 | F5: 0.69199508 | G5: 0.69138756 | H5: 0.68846437 | I5: 0.67004359 | J5: 0.708581 | K5: 0.73646721 | L5: 0.76056082 | M5: 0.72857669 | N5: 0.77409188 | O5: 0.74840172 | P5: 0.82122482 | Q5: 0.90265454 | R5: 0.91516668 | S5: 0.88942961 | T5: 0.86843753 | U5: 0.89470878 | V5: 0.90871245 | W5: 0.90639536 | X5: 0.88728105 | Y5: 0.92198246 | Z5: 0.94896591 | AA5: 0.95423242 | AB5: 1 | AC5: 0.99393303 | AD5: 0.94007068

Sheet P_JKL
A1: ANVENDELSE | B1: 1994 | C1: 1995 | D1: 1996 | E1: 1997 | F1: 1998 | G1: 1999 | H1: 2000 | I1: 2001 | J1: 2002 | K1: 2003 | L1: 2004 | M1: 2005 | N1: 2006 | O1: 2007 | P1: 2008 | Q1: 2009 | R1: 2010 | S1: 2011 | T1: 2012 | U1: 2013 | V1: 2014 | W1: 2015 | X1: 2016 | Y1: 2017 | Z1: 2018 | AA1: 2019 | AB1: 2020 | AC1: 2021 | AD1: 2022
A2: 01000 | B2: 0.78955065 | C2: 0.86603523 | D2: 0.98633788 | E2: 0.89070213 | F2: 0.87230866 | G2: 1.0602147 | H2: 0.89728176 | I2: 0.81573364 | J2: 0.85435782 | K2: 0.85378233 | L2: 0.9207597 | M2: 0.6713107 | N2: 0.89180965 | O2: 0.92796618 | P2: 1.1712725 | Q2: 1.1292171 | R2: 1.0266244 | S2: 1.0203331 | T2: 0.76705998 | U2: 0.81458429 | V2: 0.82163463 | W2: 0.86560481 | X2: 0.78623653 | Y2: 0.93580081 | Z2: 1.1852182 | AA2: 0.99639826 | AB2: 1 | AC2: 1.2943497 | AD2: 1.1943897
A3: 10120 | B3: 0.91204468 | C3: 0.94214976 | D3: 0.99038459 | E3: 0.97438183 | F3: 0.98142971 | G3: 0.98264568 | H3: 1.0548166 | I3: 0.96482557 | J3: 1.0033153 | K3: 0.99748008 | L3: 1.035665 | M3: 0.93453306 | N3: 1.1041385 | O3: 1.1661255 | P3: 1.4004694 | Q3: 1.3002981 | R3: 1.1830881 | S3: 1.1499318 | T3: 1.0084345 | U3: 1.0009334 | V3: 0.95270531 | W3: 0.94581899 | X3: 0.97567968 | Y3: 1.0703929 | Z3: 1.0588539 | AA3: 1.0189032 | AB3: 1 | AC3: 1.0764477 | AD3: 1.2266574
A4: Privat | B4: 0.65589992 | C4: 0.69353212 | D4: 0.71111879 | E4: 0.73016093 | F4: 0.72388762 | G4: 0.72246915 | H4: 0.71183593 | I4: 0.6877213 | J4: 0.72323068 | K4: 0.75157125 | L4: 0.77598231 | M4: 0.73846947 | N4: 0.79448832 | O4: 0.7634618 | P4: 0.8395602 | Q4: 0.93189817 | R4: 0.93504293 | S4: 0.89997427 | T4: 0.86482615 | U4: 0.88843922 | V4: 0.90247473 | W4: 0.89786349 | X4: 0.87450514 | Y4: 0.91833838 | Z4: 0.95212152 | AA4: 0.9559423 | AB4: 1 | AC4: 0.99636431 | AD4: 0.93260223
A5: REST | B5: 0.64831935 | C5: 0.67816131 | D5: 0.68769376 | E5: 0.69702119 | F5: 0.69577508 | G5: 0.69584333 | H5: 0.69315252 | I5: 0.67381809 | J5: 0.71227713 | K5: 0.73929888 | L5: 0.76334433 | M5: 0.73008331 | N5: 0.77681478 | O5: 0.75266041 | P5: 0.8274733 | Q5: 0.90737988 | R5: 0.91769339 | S5: 0.89161937 | T5: 0.86898565 | U5: 0.89511152 | V5: 0.9094009 | W5: 0.90689417 | X5: 0.8875119 | Y5: 0.92235433 | Z5: 0.94895569 | AA5: 0.95420896 | AB5: 1 | AC5: 0.9942285 | AD5: 0.94178693

Sheet P_O
A1: ANVENDELSE | B1: 1967 | C1: 1968 | D1: 1969 | E1: 1970 | F1: 1971 | G1: 1972 | H1: 1973 | I1: 1974 | J1: 1975 | K1: 1976 | L1: 1977 | M1: 1978 | N1: 1979 | O1: 1980 | P1: 1981 | Q1: 1982 | R1: 1983 | S1: 1984 | T1: 1985 | U1: 1986 | V1: 1987 | W1: 1988 | X1: 1989 | Y1: 1990 | Z1: 1991 | AA1: 1992 | AB1: 1993 | AC1: 1994 | AD1: 1995 | AE1: 1996 | AF1: 1997 | AG1: 1998 | AH1: 1999 | AI1: 2000 | AJ1: 2001 | AK1: 2002 | AL1: 2003 | AM1: 2004 | AN1: 2005 | AO1: 2006 | AP1: 2007 | AQ1: 2008 | AR1: 2009 | AS1: 2010 | AT1: 2011 | AU1: 2012 | AV1: 2013 | AW1: 2014 | AX1: 2015 | AY1: 2016 | AZ1: 2017 | BA1: 2018 | BB1: 2019 | BC1: 2020 | BD1: 2021 | BE1: 2022
A2: 01000 | AC2: 0.92524062 | AD2: 0.93772332 | AE2: 0.98915716 | AF2: 0.92829362 | AG2: 0.88676803 | AH2: 0.96471811 | AI2: 0.87678264 | AJ2: 0.84788308 | AK2: 0.88567324 | AL2: 0.85774934 | AM2: 0.88385955 | AN2: 0.79290526 | AO2: 0.86489302 | AP2: 0.88708999 | AQ2: 1.1287624 | AR2: 1.0705243 | AS2: 0.97383911 | AT2: 1.0399151 | AU2: 0.93485053 | AV2: 0.98230049 | AW2: 0.91504954 | AX2: 0.96403101 | AY2: 0.93123881 | AZ2: 0.94549997 | BA2: 1.0401406 | BB2: 0.95888405 | BC2: 0.95011224 | BD2: 1.0617468 | BE2: 1.206521
A3: 10120 | AC3: 0.7590511 | AD3: 0.76436305 | AE3: 0.7912604 | AF3: 0.78702307 | AG3: 0.75315257 | AH3: 0.71766984 | AI3: 0.77244161 | AJ3: 0.793133 | AK3: 0.7874137 | AL3: 0.7827383 | AM3: 0.79172534 | AN3: 0.78806174 | AO3: 0.82780204 | AP3: 0.84472724 | AQ3: 0.92554372 | AR3: 0.88718743 | AS3: 0.93000776 | AT3: 0.9767265 | AU3: 1.0080666 | AV3: 1.0135364 | AW3: 0.96639152 | AX3: 0.93782514 | AY3: 0.93949328 | AZ3: 0.9821566 | BA3: 0.96966514 | BB3: 0.97890271 | BC3: 0.99606609 | BD3: 0.99767844 | BE3: 1.1414728
A4: Privat | AC4: 0.71094284 | AD4: 0.73427929 | AE4: 0.7407833 | AF4: 0.75042651 | AG4: 0.74374692 | AH4: 0.73628051 | AI4: 0.72733982 | AJ4: 0.72521752 | AK4: 0.74520905 | AL4: 0.75454441 | AM4: 0.76330345 | AN4: 0.74743943 | AO4: 0.77369027 | AP4: 0.76861228 | AQ4: 0.82967868 | AR4: 0.87808036 | AS4: 0.8836848 | AT4: 0.87468872 | AU4: 0.86521771 | AV4: 0.87318059 | AW4: 0.8737278 | AX4: 0.86610098 | AY4: 0.84180978 | AZ4: 0.86318278 | BA4: 0.87924676 | BB4: 0.88438824 | BC4: 0.90500792 | BD4: 0.9160714 | BE4: 0.96720873
A5: REST | AC5: 0.7057984 | AD5: 0.72574698 | AE5: 0.72504734 | AF5: 0.7327866 | AG5: 0.73262498 | AH5: 0.72823588 | AI5: 0.71969739 | AJ5: 0.71728543 | AK5: 0.74161575 | AL5: 0.75578295 | AM5: 0.76583913 | AN5: 0.75151286 | AO5: 0.77685084 | AP5: 0.77171361 | AQ5: 0.8296781 | AR5: 0.882758 | AS5: 0.89049336 | AT5: 0.87885849 | AU5: 0.87111062 | AV5: 0.88248225 | AW5: 0.88525134 | AX5: 0.87666938 | AY5: 0.85561958 | AZ5: 0.87477421 | BA5: 0.89001986 | BB5: 0.89564472 | BC5: 0.92318125 | BD5: 0.93329443 | BE5: 0.97364624

Sheet mu_Y_Mtot
A1: ANVENDELSE | B1: 1967 | C1: 1968 | D1: 1969 | E1: 1970 | F1: 1971 | G1: 1972 | H1: 1973 | I1: 1974 | J1: 1975 | K1: 1976 | L1: 1977 | M1: 1978 | N1: 1979 | O1: 1980 | P1: 1981 | Q1: 1982 | R1: 1983 | S1: 1984 | T1: 1985 | U1: 1986 | V1: 1987 | W1: 1988 | X1: 1989 | Y1: 1990 | Z1: 1991 | AA1: 1992 | AB1: 1993 | AC1: 1994 | AD1: 1995 | AE1: 1996 | AF1: 1997 | AG1: 1998 | AH1: 1999 | AI1: 2000 | AJ1: 2001 | AK1: 2002 | AL1: 2003 | AM1: 2004 | AN1: 2005 | AO1: 2006 | AP1: 2007 | AQ1: 2008 | AR1: 2009 | AS1: 2010 | AT1: 2011 | AU1: 2012 | AV1: 2013 | AW1: 2014 | AX1: 2015 | AY1: 2016 | AZ1: 2017 | BA1: 2018 | BB1: 2019 | BC1: 2020 | BD1: 2021 | BE1: 2022
A2: 01000 | AC2: 0.45414116 | AD2: 0.43400665 | AE2: 0.40894357 | AF2: 0.46417701 | AG2: 0.46070302 | AH2: 0.41038295 | AI2: 0.48475435 | AJ2: 0.52385073 | AK2: 0.5248715 | AL2: 0.53651836 | AM2: 0.52412548 | AN2: 0.63416985 | AO2: 0.57322389 | AP2: 0.60233316 | AQ2: 0.55948612 | AR2: 0.56008225 | AS2: 0.60904474 | AT2: 0.63696714 | AU2: 0.73702743 | AV2: 0.72774015 | AW2: 0.72959801 | AX2: 0.71038997 | AY2: 0.73164458 | AZ2: 0.6989695 | BA2: 0.64431851 | BB2: 0.70270546 | BC2: 0.70899326 | BD2: 0.66069438 | BE2: 0.74293967
A3: 10120 | AC3: 0.77589329 | AD3: 0.76936169 | AE3: 0.75248058 | AF3: 0.76000868 | AG3: 0.74782283 | AH3: 0.74383635 | AI3: 0.74402406 | AJ3: 0.77245109 | AK3: 0.74922433 | AL3: 0.73931027 | AM3: 0.74153255 | AN3: 0.76885392 | AO3: 0.75707102 | AP3: 0.78123768 | AQ3: 0.77589629 | AR3: 0.75450205 | AS3: 0.75498555 | AT3: 0.78209796 | AU3: 0.79794094 | AV3: 0.8054627 | AW3: 0.81896214 | AX3: 0.80999433 | AY3: 0.80393362 | AZ3: 0.80511985 | BA3: 0.7974915 | BB3: 0.81134123 | BC3: 0.81085545 | BD3: 0.8139524 | BE3: 0.85757837
A4: Privat | AC4: 0.4370405 | AD4: 0.4352628 | AE4: 0.43699385 | AF4: 0.44034543 | AG4: 0.44667757 | AH4: 0.45692101 | AI4: 0.48385541 | AJ4: 0.5102425 | AK4: 0.49843252 | AL4: 0.48796497 | AM4: 0.48889324 | AN4: 0.5355288 | AO4: 0.53372851 | AP4: 0.56624203 | AQ4: 0.54948607 | AR4: 0.48824954 | AS4: 0.49779459 | AT4: 0.53039756 | AU4: 0.55653184 | AV4: 0.54652732 | AW4: 0.54776663 | AX4: 0.55108943 | AY4: 0.5624336 | AZ4: 0.55914485 | BA4: 0.55786796 | BB4: 0.56199852 | BC4: 0.54622088 | BD4: 0.57110938 | BE4: 0.6355895
A5: REST | AC5: 0.36438664 | AD5: 0.36957826 | AE5: 0.37797029 | AF5: 0.3839362 | AG5: 0.3914995 | AH5: 0.40549476 | AI5: 0.42922165 | AJ5: 0.45310905 | AK5: 0.44175933 | AL5: 0.43083422 | AM5: 0.43258349 | AN5: 0.47643655 | AO5: 0.47766379 | AP5: 0.50666573 | AQ5: 0.48985628 | AR5: 0.43514616 | AS5: 0.44044834 | AT5: 0.46613933 | AU5: 0.488238 | AV5: 0.47575799 | AW5: 0.47922175 | AX5: 0.48417518 | AY5: 0.4953228 | AZ5: 0.49436442 | BA5: 0.4962463 | BB5: 0.49903226 | BC5: 0.4823802 | BD5: 0.50683068 | BE5: 0.56397803

Sheet mu_Y_KL
A1: ANVENDELSE | B1: 1967 | C1: 1968 | D1: 1969 | E1: 1970 | F1: 1971 | G1: 1972 | H1: 1973 | I1: 1974 | J1: 1975 | K1: 1976 | L1: 1977 | M1: 1978 | N1: 1979 | O1: 1980 | P1: 1981 | Q1: 1982 | R1: 1983 | S1: 1984 | T1: 1985 | U1: 1986 | V1: 1987 | W1: 1988 | X1: 1989 | Y1: 1990 | Z1: 1991 | AA1: 1992 | AB1: 1993 | AC1: 1994 | AD1: 1995 | AE1: 1996 | AF1: 1997 | AG1: 1998 | AH1: 1999 | AI1: 2000 | AJ1: 2001 | AK1: 2002 | AL1: 2003 | AM1: 2004 | AN1: 2005 | AO1: 2006 | AP1: 2007 | AQ1: 2008 | AR1: 2009 | AS1: 2010 | AT1: 2011 | AU1: 2012 | AV1: 2013 | AW1: 2014 | AX1: 2015 | AY1: 2016 | AZ1: 2017 | BA1: 2018 | BB1: 2019 | BC1: 2020 | BD1: 2021 | BE1: 2022
A2: 01000 | AC2: 0.40268249 | AD2: 0.42657259 | AE2: 0.46227532 | AF2: 0.42035188 | AG2: 0.43496845 | AH2: 0.47125737 | AI2: 0.39840387 | AJ2: 0.38901682 | AK2: 0.39419658 | AL2: 0.42469414 | AM2: 0.44485468 | AN2: 0.38291143 | AO2: 0.41115854 | AP2: 0.34291141 | AQ2: 0.32221644 | AR2: 0.36879275 | AS2: 0.4068457 | AT2: 0.37725609 | AU2: 0.34679693 | AV2: 0.35306544 | AW2: 0.36460394 | AX2: 0.37059619 | AY2: 0.35374517 | AZ2: 0.39230259 | BA2: 0.45230886 | BB2: 0.41599091 | BC2: 0.41509092 | BD2: 0.44294077 | BE2: 0.3017816
A3: 10120 | AC3: 0.21278477 | AD3: 0.22129344 | AE3: 0.23439313 | AF3: 0.23272979 | AG3: 0.24558191 | AH3: 0.25167845 | AI3: 0.24883159 | AJ3: 0.22388106 | AK3: 0.23932902 | AL3: 0.24713628 | AM3: 0.2494639 | AN3: 0.22678439 | AO3: 0.23508114 | AP3: 0.21083619 | AQ3: 0.21378374 | AR3: 0.23686746 | AS3: 0.23826281 | AT3: 0.2121366 | AU3: 0.19713912 | AV3: 0.19154858 | AW3: 0.1814325 | AX3: 0.18579931 | AY3: 0.19374081 | AZ3: 0.19632462 | BA3: 0.20214325 | BB3: 0.19234513 | BC3: 0.1903288 | BD3: 0.19426583 | BE3: 0.15994601
A4: Privat | AC4: 0.53803711 | AD4: 0.5427725 | AE4: 0.54449767 | AF4: 0.54514815 | AG4: 0.54064867 | AH4: 0.53388944 | AI4: 0.51472209 | AJ4: 0.48967864 | AK4: 0.50100887 | AL4: 0.51469108 | AM4: 0.51761972 | AN4: 0.47563889 | AO4: 0.48148522 | AP4: 0.45176168 | AQ4: 0.46624416 | AR4: 0.52280764 | AS4: 0.51700254 | AT4: 0.48790975 | AU4: 0.46385392 | AV4: 0.47465798 | AW4: 0.47469086 | AX4: 0.47108129 | AY4: 0.46332146 | AZ4: 0.46999417 | BA4: 0.47362635 | BB4: 0.47016469 | BC4: 0.48420039 | BD4: 0.46365514 | BE4: 0.39780891
A5: REST | AC5: 0.6066584 | AD5: 0.60461444 | AE5: 0.60104218 | AF5: 0.59773263 | AG5: 0.59228116 | AH5: 0.58197227 | AI5: 0.5665963 | AJ5: 0.54384203 | AK5: 0.55565788 | AL5: 0.56860803 | AM5: 0.57043349 | AN5: 0.53009191 | AO5: 0.53240519 | AP5: 0.50567239 | AQ5: 0.52124914 | AR5: 0.57090888 | AS5: 0.56899038 | AT5: 0.54703305 | AU5: 0.52698017 | AV5: 0.53995532 | AW5: 0.53815557 | AX5: 0.53448327 | AY5: 0.52623995 | AZ5: 0.52991817 | BA5: 0.53027395 | BB5: 0.52777991 | BC5: 0.54190396 | BD5: 0.52052197 | BE5: 0.4609103

Sheet mu_Y_JKL
A1: ANVENDELSE | B1: 1967 | C1: 1968 | D1: 1969 | E1: 1970 | F1: 1971 | G1: 1972 | H1: 1973 | I1: 1974 | J1: 1975 | K1: 1976 | L1: 1977 | M1: 1978 | N1: 1979 | O1: 1980 | P1: 1981 | Q1: 1982 | R1: 1983 | S1: 1984 | T1: 1985 | U1: 1986 | V1: 1987 | W1: 1988 | X1: 1989 | Y1: 1990 | Z1: 1991 | AA1: 1992 | AB1: 1993 | AC1: 1994 | AD1: 1995 | AE1: 1996 | AF1: 1997 | AG1: 1998 | AH1: 1999 | AI1: 2000 | AJ1: 2001 | AK1: 2002 | AL1: 2003 | AM1: 2004 | AN1: 2005 | AO1: 2006 | AP1: 2007 | AQ1: 2008 | AR1: 2009 | AS1: 2010 | AT1: 2011 | AU1: 2012 | AV1: 2013 | AW1: 2014 | AX1: 2015 | AY1: 2016 | AZ1: 2017 | BA1: 2018 | BB1: 2019 | BC1: 2020 | BD1: 2021 | BE1: 2022
A2: 01000 | AC2: 0.46814491 | AD2: 0.50047666 | AE2: 0.53647208 | AF2: 0.48260999 | AG2: 0.48792609 | AH2: 0.54739011 | AI2: 0.4775069 | AJ2: 0.43971521 | AK2: 0.43559852 | AL2: 0.43402842 | AM2: 0.45109228 | AN2: 0.33957619 | AO2: 0.41009789 | AP2: 0.39464924 | AQ2: 0.41521129 | AR2: 0.41510311 | AS2: 0.38549419 | AT2: 0.35042577 | AU2: 0.26564063 | AV2: 0.26850824 | AW2: 0.28346259 | AX2: 0.28750599 | AY2: 0.26153051 | AZ2: 0.30533267 | BA2: 0.36129005 | BB2: 0.31158127 | BC2: 0.30654612 | BD2: 0.36309807 | BE2: 0.27463676
A3: 10120 | AC3: 0.21278477 | AD3: 0.22129344 | AE3: 0.23439313 | AF3: 0.23272979 | AG3: 0.24558191 | AH3: 0.25167845 | AI3: 0.24883159 | AJ3: 0.22388106 | AK3: 0.23932902 | AL3: 0.24713628 | AM3: 0.2494639 | AN3: 0.22678439 | AO3: 0.23508114 | AP3: 0.21083619 | AQ3: 0.21378374 | AR3: 0.23686746 | AS3: 0.23826281 | AT3: 0.2121366 | AU3: 0.19713912 | AV3: 0.19154858 | AW3: 0.1814325 | AX3: 0.18579931 | AY3: 0.19374081 | AZ3: 0.19632462 | BA3: 0.20214325 | BB3: 0.19234513 | BC3: 0.1903288 | BD3: 0.19426583 | BE3: 0.15994601
A4: Privat | AC4: 0.53803711 | AD4: 0.5427725 | AE4: 0.54449767 | AF4: 0.54514815 | AG4: 0.54064867 | AH4: 0.53388944 | AI4: 0.51472209 | AJ4: 0.48967864 | AK4: 0.50100887 | AL4: 0.51469108 | AM4: 0.51761972 | AN4: 0.47563889 | AO4: 0.48148522 | AP4: 0.45176168 | AQ4: 0.46624416 | AR4: 0.52280764 | AS4: 0.51700254 | AT4: 0.48790975 | AU4: 0.46385392 | AV4: 0.47465798 | AW4: 0.47469086 | AX4: 0.47108129 | AY4: 0.46332146 | AZ4: 0.46999417 | BA4: 0.47362635 | BB4: 0.47016469 | BC4: 0.48420039 | BD4: 0.46365514 | BE4: 0.39780891
A5: REST | AC5: 0.6066584 | AD5: 0.60461444 | AE5: 0.60104218 | AF5: 0.59773263 | AG5: 0.59228116 | AH5: 0.58197227 | AI5: 0.5665963 | AJ5: 0.54384203 | AK5: 0.55565788 | AL5: 0.56860803 | AM5: 0.57043349 | AN5: 0.53009191 | AO5: 0.53240519 | AP5: 0.50567239 | AQ5: 0.52124914 | AR5: 0.57090888 | AS5: 0.56899038 | AT5: 0.54703305 | AU5: 0.52698017 | AV5: 0.53995532 | AW5: 0.53815557 | AX5: 0.53448327 | AY5: 0.52623995 | AZ5: 0.52991817 | BA5: 0.53027395 | BB5: 0.52777991 | BC5: 0.54190396 | BD5: 0.52052197 | BE5: 0.4609103

Sheet mu_JKL_J
A1: ANVENDELSE | B1: 1966 | C1: 1967 | D1: 1968 | E1: 1969 | F1: 1970 | G1: 1971 | H1: 1972 | I1: 1973 | J1: 1974 | K1: 1975 | L1: 1976 | M1: 1977 | N1: 1978 | O1: 1979 | P1: 1980 | Q1: 1981 | R1: 1982 | S1: 1983 | T1: 1984 | U1: 1985 | V1: 1986 | W1: 1987 | X1: 1988 | Y1: 1989 | Z1: 1990 | AA1: 1991 | AB1: 1992 | AC1: 1993 | AD1: 1994 | AE1: 1995 | AF1: 1996 | AG1: 1997 | AH1: 1998 | AI1: 1999 | AJ1: 2000 | AK1: 2001 | AL1: 2002 | AM1: 2003 | AN1: 2004 | AO1: 2005 | AP1: 2006 | AQ1: 2007 | AR1: 2008 | AS1: 2009 | AT1: 2010 | AU1: 2011 | AV1: 2012 | AW1: 2013 | AX1: 2014 | AY1: 2015 | AZ1: 2016 | BA1: 2017 | BB1: 2018 | BC1: 2019 | BD1: 2020 | BE1: 2021 | BF1: 2022 | BG1: 2023 | BH1: 2024 | BI1: 2025
A2: 01000 | AD2: 5.8735534e-05 | AE2: 5.9108212e-05 | AF2: 6.0816363e-05 | AG2: 6.3457071e-05 | AH2: 6.5073094e-05 | AI2: 6.700849e-05 | AJ2: 6.6700467e-05 | AK2: 6.7322393e-05 | AL2: 6.7554414e-05 | AM2: 6.9981801e-05 | AN2: 7.0289164e-05 | AO2: 7.2749006e-05 | AP2: 7.8479193e-05 | AQ2: 7.9940849e-05 | AR2: 8.003737e-05 | AS2: 8.4884999e-05 | AT2: 8.602294e-05 | AU2: 8.8499993e-05 | AV2: 9.1064702e-05 | AW2: 9.2236316e-05 | AX2: 9.1812468e-05 | AY2: 9.3053829e-05 | AZ2: 9.3731124e-05 | BA2: 9.4714855e-05 | BB2: 9.7064804e-05 | BC2: 0.0001008462 | BD2: 0.00010144196 | BE2: 9.980091e-05 | BF2: 0.00010175029

Sheet mu_JKL_KL
A1: ANVENDELSE | B1: 1994 | C1: 1995 | D1: 1996 | E1: 1997 | F1: 1998 | G1: 1999 | H1: 2000 | I1: 2001 | J1: 2002 | K1: 2003 | L1: 2004 | M1: 2005 | N1: 2006 | O1: 2007 | P1: 2008 | Q1: 2009 | R1: 2010 | S1: 2011 | T1: 2012 | U1: 2013 | V1: 2014 | W1: 2015 | X1: 2016 | Y1: 2017 | Z1: 2018 | AA1: 2019 | AB1: 2020 | AC1: 2021 | AD1: 2022
A2: 01000 | B2: 1.3155935 | C2: 1.315143 | D2: 1.3128054 | E2: 1.3097811 | F2: 1.3082818 | G2: 1.3072422 | H2: 1.3075716 | I2: 1.3065901 | J2: 1.3064412 | K2: 1.3057252 | L2: 1.3059766 | M2: 1.3082445 | N2: 1.3229867 | O2: 1.3245738 | P2: 1.3245031 | Q2: 1.3133484 | R2: 1.3128468 | S2: 1.3165905 | T2: 1.3209125 | U2: 1.3249247 | V2: 1.3234584 | W2: 1.3275319 | X2: 1.3297491 | Y2: 1.3333465 | Z2: 1.3408996 | AA2: 1.3520675 | AB2: 1.3540897 | AC2: 1.3483615 | AD2: 1.353602

Sheet mu_KL_K
A1: ANVENDELSE | B1: 1966 | C1: 1967 | D1: 1968 | E1: 1969 | F1: 1970 | G1: 1971 | H1: 1972 | I1: 1973 | J1: 1974 | K1: 1975 | L1: 1976 | M1: 1977 | N1: 1978 | O1: 1979 | P1: 1980 | Q1: 1981 | R1: 1982 | S1: 1983 | T1: 1984 | U1: 1985 | V1: 1986 | W1: 1987 | X1: 1988 | Y1: 1989 | Z1: 1990 | AA1: 1991 | AB1: 1992 | AC1: 1993 | AD1: 1994 | AE1: 1995 | AF1: 1996 | AG1: 1997 | AH1: 1998 | AI1: 1999 | AJ1: 2000 | AK1: 2001 | AL1: 2002 | AM1: 2003 | AN1: 2004 | AO1: 2005 | AP1: 2006 | AQ1: 2007 | AR1: 2008 | AS1: 2009 | AT1: 2010 | AU1: 2011 | AV1: 2012 | AW1: 2013 | AX1: 2014 | AY1: 2015 | AZ1: 2016 | BA1: 2017 | BB1: 2018 | BC1: 2019 | BD1: 2020 | BE1: 2021 | BF1: 2022 | BG1: 2023 | BH1: 2024
A2: 01000 | AD2: 2.0786514 | AE2: 2.1431597 | AF2: 2.2249409 | AG2: 2.1817657 | AH2: 2.1527425 | AI2: 2.2853422 | AJ2: 2.1359542 | AK2: 2.1053013 | AL2: 2.1047164 | AM2: 2.1806131 | AN2: 2.2034878 | AO2: 2.0601139 | AP2: 2.2595281 | AQ2: 2.1751952 | AR2: 2.3322984 | AS2: 2.4448275 | AT2: 2.4529054 | AU2: 2.4343705 | AV2: 2.2864322 | AW2: 2.3116832 | AX2: 2.2379934 | AY2: 2.1228886 | AZ2: 2.0799679 | BA2: 2.1893327 | BB2: 2.3677551 | BC2: 2.249139 | BD2: 2.1922124 | BE2: 2.3325298 | BF2: 2.1199641
A3: 10120 | AD3: 0.93358685 | AE3: 0.93881639 | AF3: 0.97753754 | AG3: 0.98758595 | AH3: 0.97637337 | AI3: 0.95140168 | AJ3: 0.97609962 | AK3: 0.91921148 | AL3: 0.94530791 | AM3: 0.98638043 | AN3: 1.0447321 | AO3: 1.035009 | AP3: 1.1202589 | AQ3: 1.0366637 | AR3: 1.1321903 | AS3: 1.2238458 | AT3: 1.2858097 | AU3: 1.288928 | AV3: 1.2783099 | AW3: 1.31196 | AX3: 1.2868946 | AY3: 1.3049166 | AZ3: 1.2598013 | BA3: 1.3005854 | BB3: 1.31747 | BC3: 1.2772013 | BD3: 1.2329037 | BE3: 1.2277121 | BF3: 1.2106351
A4: Privat | AD4: 1.7252485 | AE4: 1.7334652 | AF4: 1.7224795 | AG4: 1.7181838 | AH4: 1.6816959 | AI4: 1.6579506 | AJ4: 1.6190223 | AK4: 1.5668542 | AL4: 1.591746 | AM4: 1.6207245 | AN4: 1.6411816 | AO4: 1.5642982 | AP4: 1.588867 | AQ4: 1.4948612 | AR4: 1.5720538 | AS4: 1.7223788 | AT4: 1.7425687 | AU4: 1.6869659 | AV4: 1.6447743 | AW4: 1.6648722 | AX4: 1.6630693 | AY4: 1.6212717 | AZ4: 1.5692518 | BA4: 1.5977993 | BB4: 1.6151167 | BC4: 1.6070568 | BD4: 1.6570828 | BE4: 1.6049101 | BF4: 1.4552779
A5: REST | AD5: 1.5838077 | AE5: 1.5852989 | AF5: 1.5613515 | AG5: 1.5436366 | AH5: 1.5065771 | AI5: 1.4761943 | AJ5: 1.443981 | AK5: 1.3878397 | AL5: 1.4137161 | AM5: 1.4328275 | AN5: 1.447282 | AO5: 1.3696933 | AP5: 1.387709 | AQ5: 1.3082482 | AR5: 1.377364 | AS5: 1.4831445 | AT5: 1.4940458 | AU5: 1.4547914 | AV5: 1.4197178 | AW5: 1.4378626 | AX5: 1.4364254 | AY5: 1.4058212 | AZ5: 1.3639809 | BA5: 1.3898938 | BB5: 1.4010078 | BC5: 1.3931886 | BD5: 1.4396686 | BE5: 1.3902705 | BF5: 1.2614449

Sheet mu_KL_L
A1: ANVENDELSE | B1: 1966 | C1: 1967 | D1: 1968 | E1: 1969 | F1: 1970 | G1: 1971 | H1: 1972 | I1: 1973 | J1: 1974 | K1: 1975 | L1: 1976 | M1: 1977 | N1: 1978 | O1: 1979 | P1: 1980 | Q1: 1981 | R1: 1982 | S1: 1983 | T1: 1984 | U1: 1985 | V1: 1986 | W1: 1987 | X1: 1988 | Y1: 1989 | Z1: 1990 | AA1: 1991 | AB1: 1992 | AC1: 1993 | AD1: 1994 | AE1: 1995 | AF1: 1996 | AG1: 1997 | AH1: 1998 | AI1: 1999 | AJ1: 2000 | AK1: 2001 | AL1: 2002 | AM1: 2003 | AN1: 2004 | AO1: 2005 | AP1: 2006 | AQ1: 2007 | AR1: 2008 | AS1: 2009 | AT1: 2010 | AU1: 2011 | AV1: 2012 | AW1: 2013 | AX1: 2014 | AY1: 2015 | AZ1: 2016 | BA1: 2017 | BB1: 2018 | BC1: 2019 | BD1: 2020 | BE1: 2021 | BF1: 2022
A2: 01000 | AD2: 0.024962906 | AE2: 0.024018563 | AF2: 0.022728751 | AG2: 0.023348268 | AH2: 0.023757764 | AI2: 0.021833095 | AJ2: 0.023974389 | AK2: 0.024342285 | AL2: 0.024349192 | AM2: 0.023449102 | AN2: 0.023172616 | AO2: 0.024632275 | AP2: 0.022642114 | AQ2: 0.023486954 | AR2: 0.021936036 | AS2: 0.020726069 | AT2: 0.020635373 | AU2: 0.020835592 | AV2: 0.022282684 | AW2: 0.022051458 | AX2: 0.022722762 | AY2: 0.023701255 | AZ2: 0.023998196 | BA2: 0.023129336 | BB2: 0.021472654 | BC2: 0.022543853 | BD2: 0.023021444 | BE2: 0.021677675 | BF2: 0.023555633
A3: 10120 | AD3: 0.026146995 | AE3: 0.026077894 | AF3: 0.025565342 | AG3: 0.025418804 | AH3: 0.02555044 | AI3: 0.025843364 | AJ3: 0.025549659 | AK3: 0.026168696 | AL3: 0.02589909 | AM3: 0.025466833 | AN3: 0.024864383 | AO3: 0.024898599 | AP3: 0.024111405 | AQ3: 0.024808922 | AR3: 0.024011331 | AS3: 0.02317616 | AT3: 0.022602044 | AU3: 0.02257271 | AV3: 0.022658492 | AW3: 0.022369264 | AX3: 0.022541711 | AY3: 0.022407295 | AZ3: 0.022740091 | BA3: 0.022424362 | BB3: 0.022289741 | BC3: 0.022583264 | BD3: 0.022897371 | BE3: 0.022934582 | BF3: 0.023052867
A4: Privat | AD4: 0.018791348 | AE4: 0.018688043 | AF4: 0.018795254 | AG4: 0.018820394 | AH4: 0.019177668 | AI4: 0.019389271 | AJ4: 0.01976834 | AK4: 0.020232863 | AL4: 0.019983393 | AM4: 0.019702973 | AN4: 0.019500742 | AO4: 0.020155436 | AP4: 0.019941113 | AQ4: 0.020664127 | AR4: 0.020067049 | AS4: 0.018809971 | AT4: 0.018624237 | AU4: 0.01910397 | AV4: 0.019434185 | AW4: 0.019283621 | AX4: 0.019298121 | AY4: 0.019611392 | AZ4: 0.01998432 | BA4: 0.019778107 | BB4: 0.019649371 | BC4: 0.019703704 | BD4: 0.019348325 | BE4: 0.019712976 | BF4: 0.020683111
A5: REST | AD5: 0.019617635 | AE5: 0.019582384 | AF5: 0.019824639 | AG5: 0.019991882 | AH5: 0.020342551 | AI5: 0.020613827 | AJ5: 0.020906191 | AK5: 0.021394063 | AL5: 0.021144718 | AM5: 0.020959631 | AN5: 0.020815042 | AO5: 0.021470654 | AP5: 0.021309581 | AQ5: 0.021917215 | AR5: 0.021379136 | AS5: 0.020485285 | AT5: 0.020383275 | AU5: 0.020718787 | AV5: 0.020992603 | AW5: 0.020851987 | AX5: 0.020861349 | AY5: 0.021090324 | AZ5: 0.021391633 | BA5: 0.021202945 | BB5: 0.021118884 | BC5: 0.021171451 | BD5: 0.020842421 | BE5: 0.021188418 | BF5: 0.022017563

Sheet markup
A1: ANVENDELSE | B1: 1966 | C1: 1967 | D1: 1968 | E1: 1969 | F1: 1970 | G1: 1971 | H1: 1972 | I1: 1973 | J1: 1974 | K1: 1975 | L1: 1976 | M1: 1977 | N1: 1978 | O1: 1979 | P1: 1980 | Q1: 1981 | R1: 1982 | S1: 1983 | T1: 1984 | U1: 1985 | V1: 1986 | W1: 1987 | X1: 1988 | Y1: 1989 | Z1: 1990 | AA1: 1991 | AB1: 1992 | AC1: 1993 | AD1: 1994 | AE1: 1995 | AF1: 1996 | AG1: 1997 | AH1: 1998 | AI1: 1999 | AJ1: 2000 | AK1: 2001 | AL1: 2002 | AM1: 2003 | AN1: 2004 | AO1: 2005 | AP1: 2006 | AQ1: 2007 | AR1: 2008 | AS1: 2009 | AT1: 2010 | AU1: 2011 | AV1: 2012 | AW1: 2013 | AX1: 2014 | AY1: 2015 | AZ1: 2016 | BA1: 2017 | BB1: 2018 | BC1: 2019 | BD1: 2020 | BE1: 2021 | BF1: 2022
A2: 01000 | AD2: -0.11507612 | AE2: -0.092774731 | AF2: -0.12561853 | AG2: -0.072587451 | AH2: -0.14044042 | AI2: -0.22451701 | AJ2: -0.069752496 | AK2: 0.027591186 | AL2: -0.10050117 | AM2: -0.093769209 | AN2: -0.0956724 | AO2: -0.097097258 | AP2: -0.14725383 | AQ2: -0.13463893 | AR2: -0.26170526 | AS2: -0.24258597 | AT2: -0.12761478 | AU2: -0.080126013 | AV2: 0.10303758 | AW2: 0.0020679067 | AX2: 0.035285011 | AY2: -0.084415637 | AZ2: -0.043905895 | BA2: 0.020843921 | BB2: -0.10950034 | BC2: 0.041278074 | BD2: 0.074322927 | BE2: -0.055838531 | BF2: -0.0096706166
A3: 10120 | AD3: 0.0090350964 | AE3: 0.0096512526 | AF3: -0.0024480986 | AG3: 0.016953187 | AH3: 0.0023614807 | AI3: 0.018553578 | AJ3: 0.010080435 | AK3: 0.033563659 | AL3: 0.041184757 | AM3: 0.028304692 | AN3: 0.024617043 | AO3: 0.03860196 | AP3: 0.0042912238 | AQ3: 0.014579635 | AR3: -0.0088109162 | AS3: -0.0037750044 | AT3: -0.016250415 | AU3: -0.01872377 | AV3: -0.016761486 | AW3: -0.0058992822 | AX3: 0.013701536 | AY3: 0.028024269 | AZ3: 0.031365628 | BA3: -0.0035962507 | BB3: -0.00073499608 | BC3: 0.015220474 | BD3: 0.0031585642 | BE3: -0.0085228844 | BF3: 0.0022215309
A4: Privat | AD4: -0.070556881 | AE4: -0.083058911 | AF4: -0.077329976 | AG4: -0.071646919 | AH4: -0.06681824 | AI4: -0.050951487 | AJ4: 0.0064469699 | AK4: 0.034369724 | AL4: 0.013779917 | AM4: 0.0056554236 | AN4: 0.012372642 | AO4: 0.065155123 | AP4: 0.058383751 | AQ4: 0.09524033 | AR4: 0.062421456 | AS4: -0.020619186 | AT4: 0.012866541 | AU4: 0.046252879 | AV4: 0.085050407 | AW4: 0.081712371 | AX4: 0.08232358 | AY4: 0.092585583 | AZ4: 0.11029431 | BA4: 0.10755685 | BB4: 0.10380371 | BC4: 0.11385668 | BD4: 0.10863335 | BE4: 0.14803542 | BF4: 0.24076954
A5: REST | AD5: -0.093836476 | AE5: -0.10354396 | AF5: -0.088672166 | AG5: -0.078114529 | AH5: -0.069379476 | AI5: -0.050988032 | AJ5: -0.0010792463 | AK5: 0.025747516 | AL5: 0.0063153491 | AM5: -0.0025821684 | AN5: 0.0043008903 | AO5: 0.055271494 | AP5: 0.049640022 | AQ5: 0.086021581 | AR5: 0.054585117 | AS5: -0.021426473 | AT5: 0.0052057923 | AU5: 0.033645184 | AV5: 0.066643511 | AW5: 0.060010658 | AX5: 0.059959759 | AY5: 0.072233047 | AZ5: 0.087886537 | BA5: 0.08603149 | BB5: 0.085960814 | BC5: 0.092598202 | BD5: 0.084975344 | BE5: 0.12317829 | BF5: 0.21180822

Sheet tau_Y
A1: ANVENDELSE | B1: 1966 | C1: 1967 | D1: 1968 | E1: 1969 | F1: 1970 | G1: 1971 | H1: 1972 | I1: 1973 | J1: 1974 | K1: 1975 | L1: 1976 | M1: 1977 | N1: 1978 | O1: 1979 | P1: 1980 | Q1: 1981 | R1: 1982 | S1: 1983 | T1: 1984 | U1: 1985 | V1: 1986 | W1: 1987 | X1: 1988 | Y1: 1989 | Z1: 1990 | AA1: 1991 | AB1: 1992 | AC1: 1993 | AD1: 1994 | AE1: 1995 | AF1: 1996 | AG1: 1997 | AH1: 1998 | AI1: 1999 | AJ1: 2000 | AK1: 2001 | AL1: 2002 | AM1: 2003 | AN1: 2004 | AO1: 2005 | AP1: 2006 | AQ1: 2007 | AR1: 2008 | AS1: 2009 | AT1: 2010 | AU1: 2011 | AV1: 2012 | AW1: 2013 | AX1: 2014 | AY1: 2015 | AZ1: 2016 | BA1: 2017 | BB1: 2018 | BC1: 2019 | BD1: 2020 | BE1: 2021 | BF1: 2022
A2: 01000 | B2: 0.0098366098 | C2: 0.011010736 | D2: 0.011489784 | E2: 0.010678426 | F2: 0.013474516 | G2: 0.014081492 | H2: 0.01214688 | I2: 0.010075704 | J2: 0.0075624167 | K2: 0.010718664 | L2: 0.0071171765 | M2: 0.0067690496 | N2: 0.0043174857 | O2: 0.0017784731 | P2: -0.00085908139 | Q2: -0.006465579 | R2: -0.0074468399 | S2: -0.011902928 | T2: -0.0091064575 | U2: -0.0088610174 | V2: -0.0076712889 | W2: -0.004493121 | X2: -0.01141193 | Y2: -0.010091937 | Z2: -0.0097470633 | AA2: -0.0097604473 | AB2: -0.014347183 | AC2: -0.011941627 | AD2: -0.021828713 | AE2: -0.017724658 | AF2: -0.020695482 | AG2: -0.016487848 | AH2: -0.013527877 | AI2: -0.017370551 | AJ2: -0.016116938 | AK2: -0.016177157 | AL2: -0.019762848 | AM2: -0.028514772 | AN2: -0.027201369 | AO2: 0.0033833808 | AP2: -0.00841816 | AQ2: -0.006477035 | AR2: 0.0032541545 | AS2: -0.01819386 | AT2: -0.0058126418 | AU2: -0.0086100224 | AV2: -0.0017678809 | AW2: -0.0065131437 | AX2: -0.0092923294 | AY2: -0.016545196 | AZ2: -0.010091902 | BA2: -0.009442515 | BB2: -0.015874047 | BC2: -0.013309204 | BD2: -0.02030646 | BE2: -0.024033456 | BF2: -0.01617802
A3: 10120 | B3: 0.00036971097 | C3: 0.00046914055 | D3: 0.00057042193 | E3: 0.00049929567 | F3: 0.00060865958 | G3: 0.00066850956 | H3: 0.00062300433 | I3: 0.00061645208 | J3: -0.0022950381 | K3: 0.00048676769 | L3: -0.000698372 | M3: -0.00067178058 | N3: -0.00077286769 | O3: -0.0017956967 | P3: -0.0027560729 | Q3: -0.0022482009 | R3: -0.0023267984 | S3: -0.0032078484 | T3: -0.0023237287 | U3: -0.0014686186 | V3: -0.0010278343 | W3: -0.00036291047 | X3: -0.0043589682 | Y3: -0.005399992 | Z3: -0.004884171 | AA3: -0.0036639208 | AB3: -0.0098839464 | AC3: -0.0052241545 | AD3: -0.0062216068 | AE3: -0.0041188069 | AF3: -0.0046475991 | AG3: -0.0029108785 | AH3: -0.0012037651 | AI3: -0.00039389257 | AJ3: 4.4346782e-05 | AK3: -6.5092919e-05 | AL3: 0.00041169578 | AM3: -0.00036625352 | AN3: -0.00058862541 | AO3: -0.00017771987 | AP3: 0.00078099855 | AQ3: 0.0040504779 | AR3: 0.0048448433 | AS3: 0.0028710354 | AT3: 0.0010130423 | AU3: 0.0013831387 | AV3: 0.0016027172 | AW3: 0.0015259495 | AX3: 0.0022044797 | AY3: 0.0029296401 | AZ3: 0.0032627854 | BA3: 0.0031157151 | BB3: 0.0033003265 | BC3: 0.0034660138 | BD3: 0.00078839333 | BE3: 0.0023061279 | BF3: 0.0028560706
A4: Privat | B4: 0.0079877474 | C4: 0.0083229887 | D4: 0.0084240888 | E4: 0.0076105484 | F4: 0.0090238286 | G4: 0.0096073391 | H4: 0.0084215912 | I4: 0.007904201 | J4: 0.0024309752 | K4: 0.0076741658 | L4: 0.004391876 | M4: 0.0050869838 | N4: 0.0060223532 | O4: 0.0053008943 | P4: 0.0044653085 | Q4: 0.0027832524 | R4: 0.00069057971 | S4: -0.0015019815 | T4: -0.0010907998 | U4: -0.00032356131 | V4: 0.00078262746 | W4: 0.003298719 | X4: -0.00014023653 | Y4: -0.0017722764 | Z4: -0.0024643877 | AA4: -0.0014895129 | AB4: -0.0054682641 | AC4: -0.0011483811 | AD4: -0.0013868708 | AE4: -0.0016149841 | AF4: -0.0024767621 | AG4: -0.00050869499 | AH4: 0.0012151778 | AI4: 0.0016250837 | AJ4: 0.0020666227 | AK4: 0.0028283451 | AL4: 0.0023368702 | AM4: 0.0029335016 | AN4: 0.0031391647 | AO4: 0.0014053782 | AP4: 0.0011727644 | AQ4: 0.001403697 | AR4: 0.0022229871 | AS4: 0.0013734512 | AT4: 0.0022135489 | AU4: 0.002744252 | AV4: 0.0030986015 | AW4: 0.0047244353 | AX4: 0.0059446553 | AY4: 0.0062286868 | AZ4: 0.0065900322 | BA4: 0.0064896728 | BB4: 0.0058988793 | BC4: 0.0069437666 | BD4: -0.0033109612 | BE4: -0.00027897503 | BF4: 0.005655686
A5: REST | B5: 0.0091607228 | C5: 0.0091697457 | D5: 0.0089816805 | E5: 0.0080481442 | F5: 0.0094347932 | G5: 0.0099948062 | H5: 0.0087816904 | I5: 0.0083432613 | J5: 0.0029850347 | K5: 0.0079724622 | L5: 0.0049038561 | M5: 0.0056489881 | N5: 0.0068351121 | O5: 0.0063750027 | P5: 0.0058602369 | Q5: 0.004422099 | R5: 0.0022929236 | S5: 0.00031482839 | T5: 0.00036191808 | U5: 0.00096121664 | V5: 0.0019255998 | W5: 0.0042228592 | X5: 0.0014317753 | Y5: -0.00013847942 | Z5: -0.00095874056 | AA5: -0.00018397573 | AB5: -0.0031501708 | AC5: 0.00094817013 | AD5: 0.00099206504 | AE5: 0.00025247459 | AF5: -0.00048613481 | AG5: 0.00093445218 | AH5: 0.0021897015 | AI5: 0.0023872751 | AJ5: 0.0027448292 | AK5: 0.0035914126 | AL5: 0.0029698909 | AM5: 0.0035114138 | AN5: 0.0035316732 | AO5: 0.0035855638 | AP5: 0.003486173 | AQ5: 0.0032843302 | AR5: 0.0037251482 | AS5: 0.0032255359 | AT5: 0.0036743051 | AU5: 0.0037353586 | AV5: 0.003850339 | AW5: 0.0055535029 | AX5: 0.0066019686 | AY5: 0.0071086993 | AZ5: 0.0074466505 | BA5: 0.0072652442 | BB5: 0.0071561768 | BC5: 0.0079161682 | BD5: -0.0016262494 | BE5: 0.0013699667 | BF5: 0.0065476709

Sheet J
A1: ANVENDELSE | B1: 1982 | C1: 1983 | D1: 1984 | E1: 1985 | F1: 1986 | G1: 1987 | H1: 1988 | I1: 1989 | J1: 1990 | K1: 1991 | L1: 1992 | M1: 1993 | N1: 1994 | O1: 1995 | P1: 1996 | Q1: 1997 | R1: 1998 | S1: 1999 | T1: 2000 | U1: 2001 | V1: 2002 | W1: 2003 | X1: 2004 | Y1: 2005 | Z1: 2006 | AA1: 2007 | AB1: 2008 | AC1: 2009 | AD1: 2010 | AE1: 2011 | AF1: 2012 | AG1: 2013 | AH1: 2014 | AI1: 2015 | AJ1: 2016 | AK1: 2017 | AL1: 2018 | AM1: 2019 | AN1: 2020 | AO1: 2021 | AP1: 2022 | AQ1: 2023 | AR1: 2024
A2: 01000 | B2: 2.622497 | C2: 2.609892 | D2: 2.62638 | E2: 2.613536 | F2: 2.604464 | G2: 2.587243 | H2: 2.569828 | I2: 2.555043 | J2: 2.571041 | K2: 2.557627 | L2: 2.548395 | M2: 2.326833 | N2: 2.287686 | O2: 2.301522 | P2: 2.332482 | Q2: 2.373014 | R2: 2.37405 | S2: 2.301485 | T2: 2.289403 | U2: 2.30001 | V2: 2.28324 | W2: 2.273478 | X2: 2.27579 | Y2: 2.338676 | Z2: 2.355327 | AA2: 2.316136 | AB2: 2.414401 | AC2: 2.394447 | AD2: 2.411801 | AE2: 2.428236 | AF2: 2.419649 | AG2: 2.406094 | AH2: 2.437626 | AI2: 2.351631 | AJ2: 2.365537 | AK2: 2.359346 | AL2: 2.343419 | AM2: 2.342263 | AN2: 2.315855 | AO2: 2.307046 | AP2: 2.289825 | AQ2: 2.226855 | AR2: 2.187941
A3: 10120 | B3: 0 | C3: 0 | D3: 0 | E3: 0 | F3: 0 | G3: 0 | H3: 0 | I3: 0 | J3: 0 | K3: 0 | L3: 0 | M3: 0 | N3: 0 | O3: 0 | P3: 0 | Q3: 0 | R3: 0 | S3: 0 | T3: 0 | U3: 0 | V3: 0 | W3: 0 | X3: 0 | Y3: 0 | Z3: 0 | AA3: 0 | AB3: 0 | AC3: 0 | AD3: 0 | AE3: 0 | AF3: 0 | AG3: 0 | AH3: 0 | AI3: 0 | AJ3: 0 | AK3: 0 | AL3: 0 | AM3: 0 | AN3: 0 | AO3: 0 | AP3: 0 | AQ3: 0 | AR3: 0
A4: REST | B4: 0 | C4: 0 | D4: 0 | E4: 0 | F4: 0 | G4: 0 | H4: 0 | I4: 0 | J4: 0 | K4: 0 | L4: 0 | M4: 0 | N4: 0 | O4: 0 | P4: 0 | Q4: 0 | R4: 0 | S4: 0 | T4: 0 | U4: 0 | V4: 0 | W4: 0 | X4: 0 | Y4: 0 | Z4: 0 | AA4: 0 | AB4: 0 | AC4: 0 | AD4: 0 | AE4: 0 | AF4: 0 | AG4: 0 | AH4: 0 | AI4: 0 | AJ4: 0 | AK4: 0 | AL4: 0 | AM4: 0 | AN4: 0 | AO4: 0 | AP4: 0 | AQ4: 0 | AR4: 0

Sheet I
A1: ANVENDELSE | B1: 1993 | C1: 1994 | D1: 1995 | E1: 1996 | F1: 1997 | G1: 1998 | H1: 1999 | I1: 2000 | J1: 2001 | K1: 2002 | L1: 2003 | M1: 2004 | N1: 2005 | O1: 2006 | P1: 2007 | Q1: 2008 | R1: 2009 | S1: 2010 | T1: 2011 | U1: 2012 | V1: 2013 | W1: 2014 | X1: 2015 | Y1: 2016 | Z1: 2017 | AA1: 2018 | AB1: 2019 | AC1: 2020 | AD1: 2021 | AE1: 2022
A2: 01000 | B2: 8517 | C2: 9728 | D2: 10927 | E2: 11353 | F2: 12656 | G2: 12769 | H2: 12084 | I2: 13504 | J2: 15186 | K2: 12935 | L2: 12715 | M2: 12932 | N2: 13633 | O2: 16218 | P2: 18825 | Q2: 17701 | R2: 10689 | S2: 8644 | T2: 8309 | U2: 8939 | V2: 9511 | W2: 8883 | X2: 8888 | Y2: 7848 | Z2: 8513 | AA2: 8038 | AB2: 8390 | AC2: 8046 | AD2: 9806 | AE2: 8443
A3: 10120 | B3: 6200 | C3: 6403 | D3: 6422 | E3: 8467 | F3: 6945 | G3: 7452 | H3: 6764 | I3: 9085 | J3: 8940 | K3: 8872 | L3: 9786 | M3: 10159 | N3: 7977 | O3: 7682 | P3: 8309 | Q3: 10157 | R3: 9554 | S3: 5055 | T3: 5742 | U3: 7822 | V3: 6584 | W3: 6501 | X3: 5929 | Y3: 6149 | Z3: 6629 | AA3: 8630 | AB3: 7652 | AC3: 6167 | AD3: 6949 | AE3: 7507
A4: Privat | B4: 197582.53 | C4: 212301 | D4: 235278.48 | E4: 246779.32 | F4: 276373.84 | G4: 297422.4 | H4: 296407.36 | I4: 322563.06 | J4: 319255.57 | K4: 314270.42 | L4: 321928.7 | M4: 333558.64 | N4: 353343.38 | O4: 402578.68 | P4: 405643.12 | Q4: 391463.89 | R4: 334033.33 | S4: 303179.19 | T4: 305612.21 | U4: 312755.15 | V4: 321291.82 | W4: 336712.66 | X4: 354498.86 | Y4: 384260.28 | Z4: 408291.92 | AA4: 427060.05 | AB4: 422421.47 | AC4: 436756 | AD4: 504637 | AE4: 518134.4
A5: REST | B5: 220178.33 | C5: 234878 | D5: 259916.54 | E5: 272174.13 | F5: 301814.96 | G5: 322655.16 | H5: 323133.32 | I5: 346923.26 | J5: 344435.16 | K5: 337674.99 | L5: 343777.85 | M5: 356264.02 | N5: 380831.53 | O5: 433235.25 | P5: 433375.01 | Q5: 421609.96 | R5: 369212.09 | S5: 351103.31 | T5: 354452 | U5: 365512.8 | V5: 373114.94 | W5: 393560.9 | X5: 410542.43 | Y5: 445290.4 | Z5: 464444.7 | AA5: 482229.54 | AB5: 478827.43 | AC5: 501927 | AD5: 565242 | AE5: 576240.78

Sheet P_Mtot
A1: ANVENDELSE | B1: 1967 | C1: 1968 | D1: 1969 | E1: 1970 | F1: 1971 | G1: 1972 | H1: 1973 | I1: 1974 | J1: 1975 | K1: 1976 | L1: 1977 | M1: 1978 | N1: 1979 | O1: 1980 | P1: 1981 | Q1: 1982 | R1: 1983 | S1: 1984 | T1: 1985 | U1: 1986 | V1: 1987 | W1: 1988 | X1: 1989 | Y1: 1990 | Z1: 1991 | AA1: 1992 | AB1: 1993 | AC1: 1994 | AD1: 1995 | AE1: 1996 | AF1: 1997 | AG1: 1998 | AH1: 1999 | AI1: 2000 | AJ1: 2001 | AK1: 2002 | AL1: 2003 | AM1: 2004 | AN1: 2005 | AO1: 2006 | AP1: 2007 | AQ1: 2008 | AR1: 2009 | AS1: 2010 | AT1: 2011 | AU1: 2012 | AV1: 2013 | AW1: 2014 | AX1: 2015 | AY1: 2016 | AZ1: 2017 | BA1: 2018 | BB1: 2019 | BC1: 2020 | BD1: 2021 | BE1: 2022
A2: 01000 | B2: 0.16855227 | C2: 0.16809657 | D2: 0.17319735 | E2: 0.18574621 | F2: 0.19192256 | G2: 0.2095164 | H2: 0.25922303 | I2: 0.29686757 | J2: 0.31630721 | K2: 0.35133113 | L2: 0.38290768 | M2: 0.39024911 | N2: 0.42272464 | O2: 0.48320025 | P2: 0.55868372 | Q2: 0.61482717 | R2: 0.65402117 | S2: 0.67810093 | T2: 0.66418483 | U2: 0.65266172 | V2: 0.62537738 | W2: 0.64282913 | X2: 0.68200341 | Y2: 0.65120048 | Z2: 0.66005519 | AA2: 0.66588207 | AB2: 0.62951884 | AC2: 0.63207635 | AD2: 0.63633113 | AE2: 0.65306079 | AF2: 0.67179002 | AG2: 0.63288368 | AH2: 0.62255088 | AI2: 0.66835718 | AJ2: 0.69838886 | AK2: 0.71470207 | AL2: 0.71996186 | AM2: 0.73251826 | AN2: 0.75678233 | AO2: 0.76922158 | AP2: 0.84715543 | AQ2: 0.94863749 | AR2: 0.89207594 | AS2: 0.91444646 | AT2: 0.98381439 | AU2: 1.0191455 | AV2: 1.0367889 | AW2: 1.0148095 | AX2: 0.99768786 | AY2: 0.96043556 | AZ2: 0.96924513 | BA2: 0.99639629 | BB2: 1.0089555 | BC2: 1 | BD2: 1.0766556 | BE2: 1.3114812
A3: 10120 | B3: 0.22823088 | C3: 0.2274004 | D3: 0.24447423 | E3: 0.2610832 | F3: 0.25924843 | G3: 0.28800426 | H3: 0.37869224 | I3: 0.41005272 | J3: 0.42789319 | K3: 0.47703098 | L3: 0.51671973 | M3: 0.54414809 | N3: 0.54767567 | O3: 0.60557724 | P3: 0.68738018 | Q3: 0.76182575 | R3: 0.79041362 | S3: 0.83772692 | T3: 0.83452376 | U3: 0.78590243 | V3: 0.75544554 | W3: 0.78327375 | X3: 0.8594587 | Y3: 0.82418669 | Z3: 0.8146291 | AA3: 0.81762132 | AB3: 0.7487871 | AC3: 0.76162629 | AD3: 0.77195901 | AE3: 0.78289225 | AF3: 0.79729797 | AG3: 0.7485308 | AH3: 0.71806287 | AI3: 0.76666594 | AJ3: 0.81488183 | AK3: 0.76839921 | AL3: 0.7426405 | AM3: 0.75812351 | AN3: 0.77664629 | AO3: 0.79292382 | AP3: 0.82548709 | AQ3: 0.89339304 | AR3: 0.84343072 | AS3: 0.89384387 | AT3: 0.96075544 | AU3: 1.0065037 | AV3: 1.0181519 | AW3: 0.98434532 | AX3: 0.92977862 | AY3: 0.93126967 | AZ3: 0.98252805 | BA3: 0.95379117 | BB3: 0.98815179 | BC3: 1 | BD3: 1.0227591 | BE3: 1.2453425
A4: Privat | B4: 0.1411831 | C4: 0.14529652 | D4: 0.1537002 | E4: 0.16522111 | F4: 0.17312503 | G4: 0.18476874 | H4: 0.21259378 | I4: 0.26064206 | J4: 0.28141807 | K4: 0.3056241 | L4: 0.32980149 | M4: 0.34865421 | N4: 0.37652796 | O4: 0.42757765 | P4: 0.48896774 | Q4: 0.54204307 | R4: 0.5768587 | S4: 0.60323281 | T4: 0.62400843 | U4: 0.60313869 | V4: 0.6013352 | W4: 0.61502434 | X4: 0.65856622 | Y4: 0.66650978 | Z4: 0.67711594 | AA4: 0.68190618 | AB4: 0.66989516 | AC4: 0.68335719 | AD4: 0.70160337 | AE4: 0.7102125 | AF4: 0.72691317 | AG4: 0.72453426 | AH4: 0.72565717 | AI4: 0.75566749 | AJ4: 0.77684627 | AK4: 0.77737761 | AL4: 0.78198551 | AM4: 0.79357784 | AN4: 0.81640247 | AO4: 0.83821019 | AP4: 0.86782291 | AQ4: 0.91366513 | AR4: 0.89572811 | AS4: 0.92437742 | AT4: 0.96045954 | AU4: 0.98152599 | AV4: 0.98219558 | AW4: 0.97766988 | AX4: 0.96349014 | AY4: 0.95352724 | AZ4: 0.97838661 | BA4: 0.99514264 | BB4: 1.0059604 | BC4: 1 | BD4: 1.0522099 | BE4: 1.1880643
A5: REST | B5: 0.12381712 | C5: 0.12972007 | D5: 0.1369294 | E5: 0.14733657 | F5: 0.15716746 | G5: 0.16573996 | H5: 0.18243897 | I5: 0.2318998 | J5: 0.25354305 | K5: 0.27305657 | L5: 0.294343 | M5: 0.31361044 | N5: 0.34466526 | O5: 0.394655 | P5: 0.45144481 | Q5: 0.50128029 | R5: 0.53664877 | S5: 0.55815315 | T5: 0.58475451 | U5: 0.56802932 | V5: 0.57351896 | W5: 0.58601164 | X5: 0.62446042 | Y5: 0.6417552 | Z5: 0.65635313 | AA5: 0.66213632 | AB5: 0.66173544 | AC5: 0.67484509 | AD5: 0.69254101 | AE5: 0.70018458 | AF5: 0.71687189 | AG5: 0.72368833 | AH5: 0.72924946 | AI5: 0.75580712 | AJ5: 0.77393489 | AK5: 0.78128435 | AL5: 0.78886662 | AM5: 0.79989977 | AN5: 0.82118388 | AO5: 0.84290455 | AP5: 0.86821432 | AQ5: 0.90905179 | AR5: 0.90115247 | AS5: 0.92619535 | AT5: 0.9554432 | AU5: 0.97344528 | AV5: 0.97341748 | AW5: 0.97334136 | AX5: 0.96368613 | AY5: 0.95471163 | AZ5: 0.97679116 | BA5: 0.99596229 | BB5: 1.0044894 | BC5: 1 | BD5: 1.0499221 | BE5: 1.166408

Sheet P_J
B1: 1966 | C1: 1967 | D1: 1968 | E1: 1969 | F1: 1970 | G1: 1971 | H1: 1972 | I1: 1973 | J1: 1974 | K1: 1975 | L1: 1976 | M1: 1977 | N1: 1978 | O1: 1979 | P1: 1980 | Q1: 1981 | R1: 1982 | S1: 1983 | T1: 1984 | U1: 1985 | V1: 1986 | W1: 1987 | X1: 1988 | Y1: 1989 | Z1: 1990 | AA1: 1991 | AB1: 1992 | AC1: 1993 | AD1: 1994 | AE1: 1995 | AF1: 1996 | AG1: 1997 | AH1: 1998 | AI1: 1999 | AJ1: 2000 | AK1: 2001 | AL1: 2002 | AM1: 2003 | AN1: 2004 | AO1: 2005 | AP1: 2006 | AQ1: 2007 | AR1: 2008 | AS1: 2009 | AT1: 2010 | AU1: 2011 | AV1: 2012 | AW1: 2013 | AX1: 2014 | AY1: 2015 | AZ1: 2016 | BA1: 2017 | BB1: 2018 | BC1: 2019 | BD1: 2020 | BE1: 2021 | BF1: 2022 | BG1: 2023 | BH1: 2024 | BI1: 2025
A2: 0 | AB2: 2806.7363 | AC2: 1102.7277 | AD2: 688.43795 | AE2: 848.94642 | AF2: 817.10852 | AG2: 603.78018 | AH2: 348.82165 | AI2: 822.29228 | AJ2: 1002.3323 | AK2: 387.7232 | AL2: 190.0064 | AM2: -559.44994 | AN2: -683.93582 | AO2: -1540.5725 | AP2: -782.31435 | AQ2: 491.12014 | AR2: 1786.4589 | AS2: 368.49043 | AT2: -1311.7471 | AU2: -1472.8249 | AV2: -2603.1997 | AW2: -2801.5081 | AX2: -2637.6716 | AY2: -2770.1388 | AZ2: -2913.1354 | BA2: -2923.2735 | BB2: -3320.3094 | BC2: -3349.3826 | BD2: -3490.564 | BE2: -3221.6854 | BF2: -1796.0603

Sheet P_Jord
B1: 1982 | C1: 1983 | D1: 1984 | E1: 1985 | F1: 1986 | G1: 1987 | H1: 1988 | I1: 1989 | J1: 1990 | K1: 1991 | L1: 1992 | M1: 1993 | N1: 1994 | O1: 1995 | P1: 1996 | Q1: 1997 | R1: 1998 | S1: 1999 | T1: 2000 | U1: 2001 | V1: 2002 | W1: 2003 | X1: 2004 | Y1: 2005 | Z1: 2006 | AA1: 2007 | AB1: 2008 | AC1: 2009 | AD1: 2010 | AE1: 2011 | AF1: 2012 | AG1: 2013 | AH1: 2014 | AI1: 2015 | AJ1: 2016 | AK1: 2017 | AL1: 2018 | AM1: 2019 | AN1: 2020 | AO1: 2021 | AP1: 2022 | AQ1: 2023 | AR1: 2024 | AS1: 2025
A2: 0 | B2: 45825.502 | C2: 51810.608 | D2: 57156.987 | E2: 67819.589 | F2: 66007.478 | G2: 65298.184 | H2: 65307.753 | I2: 66502.462 | J2: 61563.379 | K2: 64213.928 | L2: 62699.55 | M2: 61858.599 | N2: 63305.493 | O2: 71828.409 | P2: 73542.952 | Q2: 83973.523 | R2: 91592.738 | S2: 99478.808 | T2: 105976.19 | U2: 117087.74 | V2: 118049.71 | W2: 119573.42 | X2: 132817.65 | Y2: 148000 | Z2: 185000 | AA2: 219990 | AB2: 257325 | AC2: 210010 | AD2: 171596 | AE2: 130209 | AF2: 130729 | AG2: 117152 | AH2: 128287 | AI2: 139866 | AJ2: 130916 | AK2: 128897 | AL2: 132099 | AM2: 131251 | AN2: 130383 | AO2: 135451 | AP2: 147610 | AQ2: 159603 | AR2: 167583 | AS2: 174500

Sheet P_I
A1: ANVENDELSE | B1: 1992 | C1: 1993 | D1: 1994 | E1: 1995 | F1: 1996 | G1: 1997 | H1: 1998 | I1: 1999 | J1: 2000 | K1: 2001 | L1: 2002 | M1: 2003 | N1: 2004 | O1: 2005 | P1: 2006 | Q1: 2007 | R1: 2008 | S1: 2009 | T1: 2010 | U1: 2011 | V1: 2012 | W1: 2013 | X1: 2014 | Y1: 2015 | Z1: 2016 | AA1: 2017 | AB1: 2018 | AC1: 2019 | AD1: 2020 | AE1: 2021 | AF1: 2022
A2: 01000 | B2: 0 | C2: 0.59891981 | D2: 0.61780428 | E2: 0.62368445 | F2: 0.6146393 | G2: 0.64103982 | H2: 0.65792153 | I2: 0.66401854 | J2: 0.66950533 | K2: 0.69320427 | L2: 0.71696946 | M2: 0.72670075 | N2: 0.73275595 | O2: 0.77004328 | P2: 0.79750894 | Q2: 0.81848606 | R2: 0.85424552 | S2: 0.83553186 | T2: 0.8393105 | U2: 0.85088458 | V2: 0.89461908 | W2: 0.906319 | X2: 0.92592593 | Y2: 0.93778128 | Z2: 0.9672528 | AA2: 0.97615412 | AB2: 0.94103011 | AC2: 0.97365912 | AD2: 1 | AE2: 1.0043851 | AF2: 1.0685775
A3: 10120 | B3: 0 | C3: 0.70532258 | D3: 0.72013119 | E3: 0.72734351 | F3: 0.7146569 | G3: 0.7362131 | H3: 0.74597424 | I3: 0.75458309 | J3: 0.76224546 | K3: 0.78232662 | L3: 0.80737151 | M3: 0.81923156 | N3: 0.82065164 | O3: 0.8404162 | P3: 0.85732882 | Q3: 0.89336864 | R3: 0.92665157 | S3: 0.91563743 | T3: 0.89871414 | U3: 0.90978753 | V3: 0.92316543 | W3: 0.92755164 | X3: 0.96092909 | Y3: 0.96474954 | Z3: 0.97544316 | AA3: 0.96605823 | AB3: 0.96732329 | AC3: 0.99242028 | AD3: 1 | AE3: 1.0012952 | AF3: 1.0655388
A4: Privat | B4: 0 | C4: 0.73022144 | D4: 0.74273321 | E4: 0.7456823 | F4: 0.74686972 | G4: 0.75301266 | H4: 0.75533652 | I4: 0.76736622 | J4: 0.7776867 | K4: 0.79813174 | L4: 0.81398052 | M4: 0.81849181 | N4: 0.82627749 | O4: 0.83922048 | P4: 0.85937487 | Q4: 0.89145355 | R4: 0.92709445 | S4: 0.89058778 | T4: 0.89226769 | U4: 0.90949899 | V4: 0.93093273 | W4: 0.93645086 | X4: 0.93680469 | Y4: 0.94693677 | Z4: 0.96238414 | AA4: 0.97031311 | AB4: 0.97873355 | AC4: 0.99311241 | AD4: 1 | AE4: 1.0179594 | AF4: 1.1054854
A5: REST | B5: 0 | C5: 0.7182496 | D5: 0.72813972 | E5: 0.73099619 | F5: 0.73458854 | G5: 0.74450915 | H5: 0.74776426 | I5: 0.76174131 | J5: 0.77419428 | K5: 0.79630371 | L5: 0.81185757 | M5: 0.81612298 | N5: 0.82537663 | O5: 0.83883549 | P5: 0.86030626 | Q5: 0.89248108 | R5: 0.92645345 | S5: 0.8937871 | T5: 0.8955085 | U5: 0.91174546 | V5: 0.9319318 | W5: 0.93612977 | X5: 0.9360686 | Y5: 0.94504484 | Z5: 0.95984777 | AA5: 0.96920472 | AB5: 0.97951072 | AC5: 0.99439793 | AD5: 1 | AE5: 1.0185213 | AF5: 1.1049392

Sheet tau_MD
A1: ANVENDELSE | B1: 1967 | C1: 1968 | D1: 1969 | E1: 1970 | F1: 1971 | G1: 1972 | H1: 1973 | I1: 1974 | J1: 1975 | K1: 1976 | L1: 1977 | M1: 1978 | N1: 1979 | O1: 1980 | P1: 1981 | Q1: 1982 | R1: 1983 | S1: 1984 | T1: 1985 | U1: 1986 | V1: 1987 | W1: 1988 | X1: 1989 | Y1: 1990 | Z1: 1991 | AA1: 1992 | AB1: 1993 | AC1: 1994 | AD1: 1995 | AE1: 1996 | AF1: 1997 | AG1: 1998 | AH1: 1999 | AI1: 2000 | AJ1: 2001 | AK1: 2002 | AL1: 2003 | AM1: 2004 | AN1: 2005 | AO1: 2006 | AP1: 2007 | AQ1: 2008 | AR1: 2009 | AS1: 2010 | AT1: 2011 | AU1: 2012 | AV1: 2013 | AW1: 2014 | AX1: 2015 | AY1: 2016 | AZ1: 2017 | BA1: 2018 | BB1: 2019 | BC1: 2020 | BD1: 2021 | BE1: 2022
A2: 01000 | B2: -0.012376349 | C2: -0.016765219 | D2: -0.022534432 | E2: -0.0033629352 | F2: -0.0062708077 | G2: -0.0065536906 | H2: -0.050160878 | I2: -0.054100473 | J2: -0.066165749 | K2: -0.058304545 | L2: -0.050215399 | M2: -0.050746189 | N2: -0.053230046 | O2: -0.043144279 | P2: -0.03859202 | Q2: -0.040589376 | R2: -0.049547595 | S2: -0.055913349 | T2: -0.057299766 | U2: -0.042904945 | V2: -0.051068282 | W2: -0.033441146 | X2: -0.017255782 | Y2: -0.029627826 | Z2: -0.020575914 | AA2: -0.030052952 | AB2: -0.060261219 | AC2: -0.061475366 | AD2: -0.066185113 | AE2: -0.065204186 | AF2: -0.054699244 | AG2: -0.063749631 | AH2: -0.063919655 | AI2: -0.05981241 | AJ2: -0.060179283 | AK2: -0.022637157 | AL2: -0.015080068 | AM2: -0.01379316 | AN2: 0.033835602 | AO2: 0.032178119 | AP2: 0.039765899 | AQ2: 0.033112143 | AR2: 0.036430674 | AS2: 0.036490522 | AT2: 0.040177883 | AU2: 0.039962964 | AV2: 0.03747227 | AW2: 0.035396835 | AX2: 0.033915056 | AY2: 0.033843178 | AZ2: 0.028406447 | BA2: 0.029015031 | BB2: 0.027379908 | BC2: 0.026431837 | BD2: 0.028306325 | BE2: 0.024897035
A3: 10120 | B3: -0.017138945 | C3: -0.032985841 | D3: -0.034422637 | E3: -0.046213123 | F3: -0.064327658 | G3: -0.044760281 | H3: -0.004961815 | I3: -0.0032847311 | J3: -0.016000976 | K3: -0.0034004631 | L3: 0.0043499588 | M3: 0.0019333677 | N3: 0.0037045308 | O3: 0.0020440913 | P3: 0.003813425 | Q3: 0.0014723824 | R3: 0.002958261 | S3: -0.0022129541 | T3: -0.0022681363 | U3: -0.0002345411 | V3: -0.0099864434 | W3: -0.0079212166 | X3: 0.006846676 | Y3: 0.0067387169 | Z3: 0.0076830983 | AA3: 0.0023537438 | AB3: -0.0031050841 | AC3: -0.00027029362 | AD3: -0.0023572128 | AE3: -0.0027298842 | AF3: -0.0025350968 | AG3: -0.00043101845 | AH3: 0.0028970078 | AI3: 0.0044174752 | AJ3: 0.0037580368 | AK3: -0.012425547 | AL3: -0.019315908 | AM3: -0.01623095 | AN3: 0.018559469 | AO3: 0.014062023 | AP3: 0.014694934 | AQ3: 0.017760676 | AR3: 0.015249556 | AS3: 0.015461604 | AT3: 0.017062291 | AU3: 0.022838767 | AV3: 0.016329863 | AW3: 0.013469039 | AX3: 0.011907845 | AY3: 0.01142018 | AZ3: 0.0086934295 | BA3: 0.0092794035 | BB3: 0.0049286323 | BC3: 0.0050627683 | BD3: 0.006226074 | BE3: 0.0061585633
A4: Privat | B4: 0.020491268 | C4: 0.014672605 | D4: 0.012478574 | E4: 0.011455112 | F4: 0.0047691899 | G4: 0.012284785 | H4: 0.0097711622 | I4: 0.011522892 | J4: 0.0075525337 | K4: 0.015155637 | L4: 0.020930661 | M4: 0.022637073 | N4: 0.022969554 | O4: 0.020979578 | P4: 0.020747809 | Q4: 0.01969811 | R4: 0.020995923 | S4: 0.011405996 | T4: 0.01496992 | U4: 0.027510938 | V4: 0.027421503 | W4: 0.030388539 | X4: 0.034909818 | Y4: 0.035529302 | Z4: 0.036664893 | AA4: 0.034163616 | AB4: 0.031736278 | AC4: 0.03120021 | AD4: 0.031729121 | AE4: 0.034720697 | AF4: 0.038589754 | AG4: 0.043918322 | AH4: 0.045214827 | AI4: 0.039575621 | AJ4: 0.039687457 | AK4: 0.040309667 | AL4: 0.040639066 | AM4: 0.042676239 | AN4: 0.048416311 | AO4: 0.046969789 | AP4: 0.046519952 | AQ4: 0.043889872 | AR4: 0.044685975 | AS4: 0.046305882 | AT4: 0.045453982 | AU4: 0.044980894 | AV4: 0.043994697 | AW4: 0.042315693 | AX4: 0.040919909 | AY4: 0.0403963 | AZ4: 0.038210457 | BA4: 0.038293695 | BB4: 0.035861952 | BC4: 0.035962912 | BD4: 0.035847097 | BE4: 0.033442533
A5: REST | B5: 0.040971187 | C5: 0.043202636 | D5: 0.040825566 | E5: 0.040882688 | F5: 0.039095715 | G5: 0.042522171 | H5: 0.033201086 | I5: 0.034531364 | J5: 0.033038714 | K5: 0.039696549 | L5: 0.046082501 | M5: 0.051480965 | N5: 0.054950939 | O5: 0.056658355 | P5: 0.055775266 | Q5: 0.054296157 | R5: 0.055241622 | S5: 0.038587121 | T5: 0.042926145 | U5: 0.056524103 | V5: 0.060246573 | W5: 0.062819873 | X5: 0.063839021 | Y5: 0.064835098 | Z5: 0.065607245 | AA5: 0.065974611 | AB5: 0.065943153 | AC5: 0.06288451 | AD5: 0.061491622 | AE5: 0.06431379 | AF5: 0.067356696 | AG5: 0.074735229 | AH5: 0.074470648 | AI5: 0.069200371 | AJ5: 0.069691814 | AK5: 0.070741597 | AL5: 0.07147332 | AM5: 0.073189897 | AN5: 0.071895439 | AO5: 0.070057667 | AP5: 0.067728792 | AQ5: 0.065803431 | AR5: 0.069465891 | AS5: 0.071205487 | AT5: 0.069411293 | AU5: 0.068888609 | AV5: 0.068368146 | AW5: 0.066716705 | AX5: 0.064691153 | AY5: 0.063869397 | AZ5: 0.061898004 | BA5: 0.061876778 | BB5: 0.058693095 | BC5: 0.060297733 | BD5: 0.059293315 | BE5: 0.055250275

Sheet tau_MF
A1: ANVENDELSE | B1: TILGANG2 | C1: 1967 | D1: 1968 | E1: 1969 | F1: 1970 | G1: 1971 | H1: 1972 | I1: 1973 | J1: 1974 | K1: 1975 | L1: 1976 | M1: 1977 | N1: 1978 | O1: 1979 | P1: 1980 | Q1: 1981 | R1: 1982 | S1: 1983 | T1: 1984 | U1: 1985 | V1: 1986 | W1: 1987 | X1: 1988 | Y1: 1989 | Z1: 1990 | AA1: 1991 | AB1: 1992 | AC1: 1993 | AD1: 1994 | AE1: 1995 | AF1: 1996 | AG1: 1997 | AH1: 1998 | AI1: 1999 | AJ1: 2000 | AK1: 2001 | AL1: 2002 | AM1: 2003 | AN1: 2004 | AO1: 2005 | AP1: 2006 | AQ1: 2007 | AR1: 2008 | AS1: 2009 | AT1: 2010 | AU1: 2011 | AV1: 2012 | AW1: 2013 | AX1: 2014 | AY1: 2015 | AZ1: 2016 | BA1: 2017 | BB1: 2018 | BC1: 2019 | BD1: 2020 | BE1: 2021 | BF1: 2022
A2: 01000 | B2: 01000 | C2: 0 | D2: 0 | E2: 0 | F2: 0 | G2: 0 | H2: 0 | I2: 0 | J2: 0 | K2: 0 | L2: 0 | M2: 0 | N2: 0 | O2: 0 | P2: 0 | Q2: 0 | R2: 0 | S2: 0 | T2: 0 | U2: 0 | V2: 0 | W2: 0 | X2: 0 | Y2: 0 | Z2: 0 | AA2: 0 | AB2: 0 | AC2: 0 | AD2: 0 | AE2: 0 | AF2: 0 | AG2: 0 | AH2: 0 | AI2: 0 | AJ2: 0 | AK2: 0 | AL2: 0 | AM2: 0 | AN2: 0 | AO2: 0.001842041 | AP2: 0.0014387585 | AQ2: 0.00323606 | AR2: 0.00074371302 | AS2: 0.00099889496 | AT2: 0.00036996876 | AU2: 0.00037898416 | AV2: 0.00015476363 | AW2: 0.00010564363 | AX2: 0.0018005051 | AY2: 0.0027114454 | AZ2: 0.0020487845 | BA2: 0.0031910654 | BB2: 0.0025939543 | BC2: 0.0020474313 | BD2: 0.0030241495 | BE2: 0.0028596906 | BF2: 0.00083750739
B3: 10120 | C3: 0 | D3: 0 | E3: 0 | F3: 0 | G3: 0 | H3: 0 | I3: 0 | J3: 0 | K3: 0 | L3: 0 | M3: 0 | N3: 0 | O3: 0 | P3: 0 | Q3: 0 | R3: 0 | S3: 0 | T3: 0 | U3: 0 | V3: 0 | W3: 0 | X3: 0 | Y3: 0 | Z3: 0 | AA3: 0 | AB3: 0 | AC3: 0 | AD3: 0 | AE3: 0 | AF3: 0 | AG3: 0 | AH3: 0 | AI3: 0 | AJ3: 0 | AK3: 0 | AL3: 0 | AM3: 0 | AN3: 0 | AO3: 0.00099838542 | AP3: 0.00087008654 | AQ3: 0.00054678916 | AR3: 0.00063402672 | AS3: 0.00047394553 | AT3: 9.9717687e-05 | AU3: 8.2988642e-05 | AV3: 4.3366648e-05 | AW3: 5.0334625e-05 | AX3: 0.00097918906 | AY3: 0.00064934081 | AZ3: 0.001889396 | BA3: 0.002689966 | BB3: 0.0036951628 | BC3: 0.0026131309 | BD3: 0.0027211328 | BE3: 0.0018291737 | BF3: 0.0021156734
B4: Privat | C4: 0 | D4: 0 | E4: 0 | F4: 0 | G4: 0 | H4: 0 | I4: 0 | J4: 0 | K4: 0 | L4: 0 | M4: 0 | N4: 0 | O4: 0 | P4: 0 | Q4: 0 | R4: 0 | S4: 0 | T4: 0 | U4: 0 | V4: 0 | W4: 0 | X4: 0 | Y4: 0 | Z4: 0 | AA4: 0 | AB4: 0 | AC4: 0 | AD4: 0 | AE4: 0 | AF4: 0 | AG4: 0 | AH4: 0 | AI4: 0 | AJ4: 0 | AK4: 0 | AL4: 0 | AM4: 0 | AN4: 0 | AO4: 0.001592512 | AP4: 0.0013237852 | AQ4: 0.0016657212 | AR4: 0.0017758314 | AS4: 0.00086444096 | AT4: 0.00028636538 | AU4: 0.00026194773 | AV4: 0.00014914708 | AW4: 0.00012548547 | AX4: 0.0015853258 | AY4: 0.0021919412 | AZ4: 0.0024494363 | BA4: 0.0038549916 | BB4: 0.0035907398 | BC4: 0.0031096993 | BD4: 0.0034853576 | BE4: 0.0031624089 | BF4: 0.0020209082
B5: REST | C5: 0 | D5: 0 | E5: 0 | F5: 0 | G5: 0 | H5: 0 | I5: 0 | J5: 0 | K5: 0 | L5: 0 | M5: 0 | N5: 0 | O5: 0 | P5: 0 | Q5: 0 | R5: 0 | S5: 0 | T5: 0 | U5: 0 | V5: 0 | W5: 0 | X5: 0 | Y5: 0 | Z5: 0 | AA5: 0 | AB5: 0 | AC5: 0 | AD5: 0 | AE5: 0 | AF5: 0 | AG5: 0 | AH5: 0 | AI5: 0 | AJ5: 0 | AK5: 0 | AL5: 0 | AM5: 0 | AN5: 0 | AO5: 0.0022092195 | AP5: 0.0018020941 | AQ5: 0.0028002846 | AR5: 0.0029104181 | AS5: 0.0012556069 | AT5: 0.00050531999 | AU5: 0.00040714759 | AV5: 0.00027679673 | AW5: 0.00021471954 | AX5: 0.0023111455 | AY5: 0.0042111735 | AZ5: 0.0032926475 | BA5: 0.0053100951 | BB5: 0.0037524819 | BC5: 0.0040182335 | BD5: 0.0047507635 | BE5: 0.0049687104 | BF5: 0.0021006307
A6: 10120 | B6: 01000 | C6: 0 | D6: 0 | E6: 0 | F6: 0 | G6: 0 | H6: 0 | I6: 0 | J6: 0 | K6: 0 | L6: 0 | M6: 0 | N6: 0 | O6: 0 | P6: 0 | Q6: 0 | R6: 0 | S6: 0 | T6: 0 | U6: 0 | V6: 0 | W6: 0 | X6: 0 | Y6: 0 | Z6: 0 | AA6: 0 | AB6: 0 | AC6: 0 | AD6: 0 | AE6: 0 | AF6: 0 | AG6: 0 | AH6: 0 | AI6: 0 | AJ6: 0 | AK6: 0 | AL6: 0 | AM6: 0 | AN6: 0 | AO6: 0.0067324969 | AP6: 0.0060516895 | AQ6: 0.005422955 | AR6: 0.0022090069 | AS6: 0.0040604467 | AT6: 0.0021234439 | AU6: 0.0002723034 | AV6: 0.00017697984 | AW6: 0.00014150476 | AX6: 0.001472029 | AY6: 0.0013802895 | AZ6: 0.0019062549 | BA6: 0.0022032769 | BB6: 0.0031907646 | BC6: 0.0012586673 | BD6: 0.0021573679 | BE6: 0.0033186751 | BF6: 0.0010205563
B7: 10120 | C7: 0 | D7: 0 | E7: 0 | F7: 0 | G7: 0 | H7: 0 | I7: 0 | J7: 0 | K7: 0 | L7: 0 | M7: 0 | N7: 0 | O7: 0 | P7: 0 | Q7: 0 | R7: 0 | S7: 0 | T7: 0 | U7: 0 | V7: 0 | W7: 0 | X7: 0 | Y7: 0 | Z7: 0 | AA7: 0 | AB7: 0 | AC7: 0 | AD7: 0 | AE7: 0 | AF7: 0 | AG7: 0 | AH7: 0 | AI7: 0 | AJ7: 0 | AK7: 0 | AL7: 0 | AM7: 0 | AN7: 0 | AO7: 0.020514498 | AP7: 0.016421614 | AQ7: 0.015613955 | AR7: 0.011638197 | AS7: 0.01005172 | AT7: 0.0027382307 | AU7: 0.0019283462 | AV7: 0.00064670288 | AW7: 0.00041268241 | AX7: 0.0054861511 | AY7: 0.0065547141 | AZ7: 0.0065575592 | BA7: 0.006094307 | BB7: 0.0067098761 | BC7: 0.0059904792 | BD7: 0.006050697 | BE7: 0.0059394422 | BF7: 0.0063922574
B8: Privat | C8: 0 | D8: 0 | E8: 0 | F8: 0 | G8: 0 | H8: 0 | I8: 0 | J8: 0 | K8: 0 | L8: 0 | M8: 0 | N8: 0 | O8: 0 | P8: 0 | Q8: 0 | R8: 0 | S8: 0 | T8: 0 | U8: 0 | V8: 0 | W8: 0 | X8: 0 | Y8: 0 | Z8: 0 | AA8: 0 | AB8: 0 | AC8: 0 | AD8: 0 | AE8: 0 | AF8: 0 | AG8: 0 | AH8: 0 | AI8: 0 | AJ8: 0 | AK8: 0 | AL8: 0 | AM8: 0 | AN8: 0 | AO8: 0.012168061 | AP8: 0.0097814483 | AQ8: 0.0096188166 | AR8: 0.0066532832 | AS8: 0.0061617239 | AT8: 0.0020306887 | AU8: 0.0013129465 | AV8: 0.00061388624 | AW8: 0.00039824375 | AX8: 0.0044509 | AY8: 0.0055762339 | AZ8: 0.0053758034 | BA8: 0.0051910011 | BB8: 0.00541644 | BC8: 0.0047400187 | BD8: 0.0045165813 | BE8: 0.0047412994 | BF8: 0.0050897865
B9: REST | C9: 0 | D9: 0 | E9: 0 | F9: 0 | G9: 0 | H9: 0 | I9: 0 | J9: 0 | K9: 0 | L9: 0 | M9: 0 | N9: 0 | O9: 0 | P9: 0 | Q9: 0 | R9: 0 | S9: 0 | T9: 0 | U9: 0 | V9: 0 | W9: 0 | X9: 0 | Y9: 0 | Z9: 0 | AA9: 0 | AB9: 0 | AC9: 0 | AD9: 0 | AE9: 0 | AF9: 0 | AG9: 0 | AH9: 0 | AI9: 0 | AJ9: 0 | AK9: 0 | AL9: 0 | AM9: 0 | AN9: 0 | AO9: 0.004038923 | AP9: 0.0029488358 | AQ9: 0.0030028009 | AR9: 0.0025309821 | AS9: 0.0023553065 | AT9: 0.0012161753 | AU9: 0.00078018632 | AV9: 0.00065392053 | AW9: 0.000432692 | AX9: 0.0035224736 | AY9: 0.0049988182 | AZ9: 0.0045289268 | BA9: 0.0046651552 | BB9: 0.0042782912 | BC9: 0.003983126 | BD9: 0.0031446625 | BE9: 0.0035445802 | BF9: 0.004195481
A10: Privat | B10: 01000 | C10: 0 | D10: 0 | E10: 0 | F10: 0 | G10: 0 | H10: 0 | I10: 0 | J10: 0 | K10: 0 | L10: 0 | M10: 0 | N10: 0 | O10: 0 | P10: 0 | Q10: 0 | R10: 0 | S10: 0 | T10: 0 | U10: 0 | V10: 0 | W10: 0 | X10: 0 | Y10: 0 | Z10: 0 | AA10: 0 | AB10: 0 | AC10: 0 | AD10: 0 | AE10: 0 | AF10: 0 | AG10: 0 | AH10: 0 | AI10: 0 | AJ10: 0 | AK10: 0 | AL10: 0 | AM10: 0 | AN10: 0 | AO10: 0.0045465759 | AP10: 0.0043732437 | AQ10: 0.0042717579 | AR10: 0.0019398597 | AS10: 0.0030885098 | AT10: 0.0014987186 | AU10: 0.00033191141 | AV10: 0.00018795266 | AW10: 0.00015251147 | AX10: 0.0018781904 | AY10: 0.0019774325 | AZ10: 0.0018046941 | BA10: 0.0023996713 | BB10: 0.0026219201 | BC10: 0.0015585385 | BD10: 0.0020963619 | BE10: 0.002412111 | BF10: 0.0010301433
B11: 10120 | C11: 0 | D11: 0 | E11: 0 | F11: 0 | G11: 0 | H11: 0 | I11: 0 | J11: 0 | K11: 0 | L11: 0 | M11: 0 | N11: 0 | O11: 0 | P11: 0 | Q11: 0 | R11: 0 | S11: 0 | T11: 0 | U11: 0 | V11: 0 | W11: 0 | X11: 0 | Y11: 0 | Z11: 0 | AA11: 0 | AB11: 0 | AC11: 0 | AD11: 0 | AE11: 0 | AF11: 0 | AG11: 0 | AH11: 0 | AI11: 0 | AJ11: 0 | AK11: 0 | AL11: 0 | AM11: 0 | AN11: 0 | AO11: 0.013653751 | AP11: 0.011193137 | AQ11: 0.010319792 | AR11: 0.0083464029 | AS11: 0.0071103614 | AT11: 0.0018972601 | AU11: 0.0013402672 | AV11: 0.00050125206 | AW11: 0.00033916938 | AX11: 0.0043036173 | AY11: 0.0048013357 | AZ11: 0.0052967036 | BA11: 0.0049650419 | BB11: 0.0053841676 | BC11: 0.0047197356 | BD11: 0.004706184 | BE11: 0.0044313629 | BF11: 0.0048283118
B12: Privat | C12: 0 | D12: 0 | E12: 0 | F12: 0 | G12: 0 | H12: 0 | I12: 0 | J12: 0 | K12: 0 | L12: 0 | M12: 0 | N12: 0 | O12: 0 | P12: 0 | Q12: 0 | R12: 0 | S12: 0 | T12: 0 | U12: 0 | V12: 0 | W12: 0 | X12: 0 | Y12: 0 | Z12: 0 | AA12: 0 | AB12: 0 | AC12: 0 | AD12: 0 | AE12: 0 | AF12: 0 | AG12: 0 | AH12: 0 | AI12: 0 | AJ12: 0 | AK12: 0 | AL12: 0 | AM12: 0 | AN12: 0 | AO12: 0.0026169602 | AP12: 0.0022598503 | AQ12: 0.0024004042 | AR12: 0.0020607258 | AS12: 0.0019517834 | AT12: 0.0010185217 | AU12: 0.00078847549 | AV12: 0.00054574678 | AW12: 0.00040744467 | AX12: 0.0020141626 | AY12: 0.0026940811 | AZ12: 0.0024937932 | BA12: 0.0023901812 | BB12: 0.0023644347 | BC12: 0.0021843902 | BD12: 0.0022243238 | BE12: 0.0024129363 | BF12: 0.0019188596
B13: REST | C13: 0 | D13: 0 | E13: 0 | F13: 0 | G13: 0 | H13: 0 | I13: 0 | J13: 0 | K13: 0 | L13: 0 | M13: 0 | N13: 0 | O13: 0 | P13: 0 | Q13: 0 | R13: 0 | S13: 0 | T13: 0 | U13: 0 | V13: 0 | W13: 0 | X13: 0 | Y13: 0 | Z13: 0 | AA13: 0 | AB13: 0 | AC13: 0 | AD13: 0 | AE13: 0 | AF13: 0 | AG13: 0 | AH13: 0 | AI13: 0 | AJ13: 0 | AK13: 0 | AL13: 0 | AM13: 0 | AN13: 0 | AO13: 0.0015211609 | AP13: 0.001405533 | AQ13: 0.0015946201 | AR13: 0.0015208691 | AS13: 0.0014453214 | AT13: 0.00092537068 | AU13: 0.00074365081 | AV13: 0.00055409683 | AW13: 0.00041730748 | AX13: 0.0017817184 | AY13: 0.0024869024 | AZ13: 0.0022439011 | BA13: 0.0021641922 | BB13: 0.002106201 | BC13: 0.0019874832 | BD13: 0.0020142967 | BE13: 0.0022547207 | BF13: 0.0017214434
A14: REST | B14: 01000 | C14: 0 | D14: 0 | E14: 0 | F14: 0 | G14: 0 | H14: 0 | I14: 0 | J14: 0 | K14: 0 | L14: 0 | M14: 0 | N14: 0 | O14: 0 | P14: 0 | Q14: 0 | R14: 0 | S14: 0 | T14: 0 | U14: 0 | V14: 0 | W14: 0 | X14: 0 | Y14: 0 | Z14: 0 | AA14: 0 | AB14: 0 | AC14: 0 | AD14: 0 | AE14: 0 | AF14: 0 | AG14: 0 | AH14: 0 | AI14: 0 | AJ14: 0 | AK14: 0 | AL14: 0 | AM14: 0 | AN14: 0 | AO14: 0.0017864492 | AP14: 0.0036700024 | AQ14: 0.0052900825 | AR14: 0.010447402 | AS14: 0.011875425 | AT14: 0.0025821455 | AU14: 0.0016236575 | AV14: 0.00096731686 | AW14: 0.0008935402 | AX14: 0.0026690399 | AY14: 0.0026192627 | AZ14: 0.0014024303 | BA14: 0.0019598205 | BB14: 0.001618663 | BC14: 0.0017317582 | BD14: 0.0014467193 | BE14: 0.0012732171 | BF14: 0.0011924479
B15: 10120 | C15: 0 | D15: 0 | E15: 0 | F15: 0 | G15: 0 | H15: 0 | I15: 0 | J15: 0 | K15: 0 | L15: 0 | M15: 0 | N15: 0 | O15: 0 | P15: 0 | Q15: 0 | R15: 0 | S15: 0 | T15: 0 | U15: 0 | V15: 0 | W15: 0 | X15: 0 | Y15: 0 | Z15: 0 | AA15: 0 | AB15: 0 | AC15: 0 | AD15: 0 | AE15: 0 | AF15: 0 | AG15: 0 | AH15: 0 | AI15: 0 | AJ15: 0 | AK15: 0 | AL15: 0 | AM15: 0 | AN15: 0 | AO15: 0.01338163 | AP15: 0.011511752 | AQ15: 0.011045242 | AR15: 0.011507662 | AS15: 0.011731868 | AT15: 0.0029837261 | AU15: 0.0019577919 | AV15: 0.0013381888 | AW15: 0.0010515158 | AX15: 0.0045129764 | AY15: 0.0046375457 | AZ15: 0.0054245699 | BA15: 0.0044160866 | BB15: 0.0043655013 | BC15: 0.003833018 | BD15: 0.0036532284 | BE15: 0.003617036 | BF15: 0.0040564881
B16: Privat | C16: 0 | D16: 0 | E16: 0 | F16: 0 | G16: 0 | H16: 0 | I16: 0 | J16: 0 | K16: 0 | L16: 0 | M16: 0 | N16: 0 | O16: 0 | P16: 0 | Q16: 0 | R16: 0 | S16: 0 | T16: 0 | U16: 0 | V16: 0 | W16: 0 | X16: 0 | Y16: 0 | Z16: 0 | AA16: 0 | AB16: 0 | AC16: 0 | AD16: 0 | AE16: 0 | AF16: 0 | AG16: 0 | AH16: 0 | AI16: 0 | AJ16: 0 | AK16: 0 | AL16: 0 | AM16: 0 | AN16: 0 | AO16: 0.002140198 | AP16: 0.0031707961 | AQ16: 0.0024511721 | AR16: 0.0022180712 | AS16: 0.0029631036 | AT16: 0.0013252001 | AU16: 0.00092740618 | AV16: 0.00089945833 | AW16: 0.00066291693 | AX16: 0.0018014066 | AY16: 0.002411036 | AZ16: 0.002201018 | BA16: 0.0020727587 | BB16: 0.0020404755 | BC16: 0.0019274016 | BD16: 0.0022476352 | BE16: 0.0022537649 | BF16: 0.0017169075
B17: REST | C17: 0 | D17: 0 | E17: 0 | F17: 0 | G17: 0 | H17: 0 | I17: 0 | J17: 0 | K17: 0 | L17: 0 | M17: 0 | N17: 0 | O17: 0 | P17: 0 | Q17: 0 | R17: 0 | S17: 0 | T17: 0 | U17: 0 | V17: 0 | W17: 0 | X17: 0 | Y17: 0 | Z17: 0 | AA17: 0 | AB17: 0 | AC17: 0 | AD17: 0 | AE17: 0 | AF17: 0 | AG17: 0 | AH17: 0 | AI17: 0 | AJ17: 0 | AK17: 0 | AL17: 0 | AM17: 0 | AN17: 0 | AO17: 0.0017248803 | AP17: 0.0028763341 | AQ17: 0.0021208766 | AR17: 0.0018951507 | AS17: 0.0026484933 | AT17: 0.0012642278 | AU17: 0.00089159844 | AV17: 0.00088417432 | AW17: 0.00064820972 | AX17: 0.0017057043 | AY17: 0.0023298132 | AZ17: 0.0020947787 | BA17: 0.0019955651 | BB17: 0.0019686887 | BC17: 0.001865616 | BD17: 0.0022031299 | BE17: 0.0022186963 | BF17: 0.0016586926

Sheet theta_Y_Mtot
A1: ANVENDELSE | B1: 1967 | C1: 1968 | D1: 1969 | E1: 1970 | F1: 1971 | G1: 1972 | H1: 1973 | I1: 1974 | J1: 1975 | K1: 1976 | L1: 1977 | M1: 1978 | N1: 1979 | O1: 1980 | P1: 1981 | Q1: 1982 | R1: 1983 | S1: 1984 | T1: 1985 | U1: 1986 | V1: 1987 | W1: 1988 | X1: 1989 | Y1: 1990 | Z1: 1991 | AA1: 1992 | AB1: 1993 | AC1: 1994 | AD1: 1995 | AE1: 1996 | AF1: 1997 | AG1: 1998 | AH1: 1999 | AI1: 2000 | AJ1: 2001 | AK1: 2002 | AL1: 2003 | AM1: 2004 | AN1: 2005 | AO1: 2006 | AP1: 2007 | AQ1: 2008 | AR1: 2009 | AS1: 2010 | AT1: 2011 | AU1: 2012 | AV1: 2013 | AW1: 2014 | AX1: 2015 | AY1: 2016 | AZ1: 2017 | BA1: 2018 | BB1: 2019 | BC1: 2020 | BD1: 2021 | BE1: 2022
A2: 01000 | AC2: 0.07199509 | AD2: 0.061894865 | AE2: 0.050762689 | AF2: 0.077436449 | AG2: 0.07552143 | AH2: 0.051360713 | AI2: 0.089482692 | AJ2: 0.11588445 | AK2: 0.11663887 | AL2: 0.12549178 | AM2: 0.11608718 | AN2: 0.21912165 | AO2: 0.15646394 | AP2: 0.18455362 | AQ2: 0.14431043 | AR2: 0.14482361 | AS2: 0.19149789 | AT2: 0.22236005 | AU2: 0.36164199 | AV2: 0.34667388 | AW2: 0.34963278 | AX2: 0.31988171 | AY2: 0.35291262 | AZ2: 0.30305916 | BA2: 0.23103016 | BB2: 0.30849237 | BC2: 0.31779009 | BD2: 0.25118983 | BE2: 0.3714028
A3: 10120 | AC3: 0.42921345 | AD3: 0.41728733 | AE3: 0.387541 | AF3: 0.40061619 | AG3: 0.37960251 | AH3: 0.3728991 | AI3: 0.37321285 | AJ3: 0.42289898 | AK3: 0.38197908 | AL3: 0.36538927 | AM3: 0.3690632 | AN3: 0.41637002 | AO3: 0.39547777 | AP3: 0.43914769 | AQ3: 0.42921898 | AR3: 0.3910222 | AS3: 0.39185807 | AT3: 0.44076169 | AU3: 0.47123315 | AV3: 0.48620353 | AW3: 0.51390094 | AX3: 0.49538167 | AY3: 0.48313367 | AZ3: 0.48551402 | BA3: 0.47034898 | BB3: 0.49813281 | BC3: 0.49713934 | BD3: 0.50349678 | BE3: 0.59921048
A4: Privat | AC4: 0.063348881 | AD4: 0.062494028 | AE4: 0.063326344 | AF4: 0.064959844 | AG4: 0.068126144 | AH4: 0.073474578 | AI4: 0.088930759 | AJ4: 0.10615052 | AK4: 0.098179595 | AL4: 0.091473541 | AM4: 0.092054873 | AN4: 0.12472192 | AO4: 0.12332979 | AP4: 0.15020129 | AQ4: 0.13589045 | AR4: 0.091651476 | AS4: 0.097761363 | AT4: 0.12078279 | AU4: 0.14178601 | AV4: 0.1334667 | AW4: 0.13447821 | AX4: 0.13721669 | AY4: 0.14686022 | AZ4: 0.14401722 | BA4: 0.14292386 | BB4: 0.14648188 | BC4: 0.13321741 | BD4: 0.15454833 | BE4: 0.22076101
A5: REST | AC5: 0.034557435 | AD5: 0.036226083 | AE5: 0.039041414 | AF5: 0.041133616 | AG5: 0.043897256 | AH5: 0.049349659 | AI5: 0.059649309 | AJ5: 0.071451135 | AK5: 0.065657718 | AL5: 0.060399589 | AM5: 0.061220914 | AN5: 0.084466322 | AO5: 0.085193753 | AP5: 0.10369038 | AQ5: 0.092660705 | AR5: 0.062438221 | AS5: 0.065010465 | AT5: 0.078533056 | AU5: 0.091644258 | AV5: 0.084065985 | AW5: 0.086123511 | AX5: 0.089126817 | AY5: 0.096152604 | AZ5: 0.095533863 | BA5: 0.096751479 | BB5: 0.09857393 | BC5: 0.088030176 | BD5: 0.10380294 | BE5: 0.14820879

Sheet theta_Y_KL
A1: ANVENDELSE | B1: 1967 | C1: 1968 | D1: 1969 | E1: 1970 | F1: 1971 | G1: 1972 | H1: 1973 | I1: 1974 | J1: 1975 | K1: 1976 | L1: 1977 | M1: 1978 | N1: 1979 | O1: 1980 | P1: 1981 | Q1: 1982 | R1: 1983 | S1: 1984 | T1: 1985 | U1: 1986 | V1: 1987 | W1: 1988 | X1: 1989 | Y1: 1990 | Z1: 1991 | AA1: 1992 | AB1: 1993 | AC1: 1994 | AD1: 1995 | AE1: 1996 | AF1: 1997 | AG1: 1998 | AH1: 1999 | AI1: 2000 | AJ1: 2001 | AK1: 2002 | AL1: 2003 | AM1: 2004 | AN1: 2005 | AO1: 2006 | AP1: 2007 | AQ1: 2008 | AR1: 2009 | AS1: 2010 | AT1: 2011 | AU1: 2012 | AV1: 2013 | AW1: 2014 | AX1: 2015 | AY1: 2016 | AZ1: 2017 | BA1: 2018 | BB1: 2019 | BC1: 2020 | BD1: 2021 | BE1: 2022
A2: 01000 | AC2: 0.048217996 | AD2: 0.058430977 | AE2: 0.076383991 | AF2: 0.055638656 | AG2: 0.062353262 | AH2: 0.081444268 | AI2: 0.046531299 | AJ2: 0.042976191 | AK2: 0.044913424 | AL2: 0.057577689 | AM2: 0.067203806 | AN2: 0.040768787 | AO2: 0.051684982 | AP2: 0.028223214 | AQ2: 0.02293466 | AR2: 0.035970068 | AS2: 0.049899833 | AT2: 0.038796051 | AU2: 0.029303364 | AV2: 0.031106469 | AW2: 0.034626174 | AX2: 0.036559744 | AY2: 0.031306541 | AZ2: 0.044198131 | BA2: 0.071031391 | BB2: 0.053737747 | BC2: 0.053351192 | BD2: 0.066244862 | BE2: 0.018434975
A3: 10120 | AC3: 0.0057517736 | AD3: 0.0065548359 | AE3: 0.0079399223 | AF3: 0.0077536571 | AG3: 0.0092751562 | AH3: 0.010065147 | AI3: 0.0096906236 | AJ3: 0.0068138286 | AK3: 0.0085110771 | AL3: 0.0094722908 | AM3: 0.009772951 | AN3: 0.0071128535 | AO3: 0.0080178747 | AP3: 0.0055780685 | AQ3: 0.0058422778 | AR3: 0.0082227669 | AS3: 0.0083853433 | AT3: 0.0056935793 | AU3: 0.0044590539 | AV3: 0.0040513191 | AW3: 0.0033810401 | AX3: 0.0036599937 | AY3: 0.0042079482 | AZ3: 0.0043979389 | BA3: 0.0048476448 | BB3: 0.0041077496 | BC3: 0.0039659601 | BD3: 0.0042460786 | BE3: 0.002221151
A4: Privat | AC4: 0.12667982 | AD4: 0.13043459 | AE4: 0.13182166 | AF4: 0.13234731 | AG4: 0.12874107 | AH4: 0.12345379 | AI4: 0.10928889 | AJ4: 0.092548745 | AK4: 0.099881422 | AL4: 0.10926694 | AM4: 0.1113532 | AN4: 0.083995855 | AO4: 0.087486938 | AP4: 0.07074536 | AQ4: 0.078591944 | AR4: 0.11511707 | AS4: 0.11091124 | AT4: 0.091439039 | AU4: 0.077256927 | AV4: 0.08341983 | AW4: 0.083439091 | AX4: 0.081342874 | AY4: 0.076961711 | AZ4: 0.080718841 | BA4: 0.082817006 | BB4: 0.0808165 | BC4: 0.089142291 | BD4: 0.077146626 | BE4: 0.046300075
A5: REST | AC5: 0.18900823 | AD5: 0.18689387 | AE5: 0.1832384 | AF5: 0.1798967 | AG5: 0.17448566 | AH5: 0.16456632 | AI5: 0.15051477 | AJ5: 0.1312933 | AK5: 0.14104518 | AL5: 0.15230353 | AM5: 0.1539395 | AN5: 0.12055093 | AO5: 0.12231347 | AP5: 0.10301429 | AQ5: 0.11397717 | AR5: 0.15436755 | AS5: 0.15264518 | AT5: 0.13387882 | AU5: 0.11820819 | AV5: 0.12819156 | AW5: 0.12677281 | AX5: 0.1239121 | AY5: 0.11765563 | AZ5: 0.12041928 | BA5: 0.12068899 | BB5: 0.11880723 | BC5: 0.12974016 | BD5: 0.11344801 | BE5: 0.075634753

Sheet theta_Y_JKL
A1: ANVENDELSE | B1: 1967 | C1: 1968 | D1: 1969 | E1: 1970 | F1: 1971 | G1: 1972 | H1: 1973 | I1: 1974 | J1: 1975 | K1: 1976 | L1: 1977 | M1: 1978 | N1: 1979 | O1: 1980 | P1: 1981 | Q1: 1982 | R1: 1983 | S1: 1984 | T1: 1985 | U1: 1986 | V1: 1987 | W1: 1988 | X1: 1989 | Y1: 1990 | Z1: 1991 | AA1: 1992 | AB1: 1993 | AC1: 1994 | AD1: 1995 | AE1: 1996 | AF1: 1997 | AG1: 1998 | AH1: 1999 | AI1: 2000 | AJ1: 2001 | AK1: 2002 | AL1: 2003 | AM1: 2004 | AN1: 2005 | AO1: 2006 | AP1: 2007 | AQ1: 2008 | AR1: 2009 | AS1: 2010 | AT1: 2011 | AU1: 2012 | AV1: 2013 | AW1: 2014 | AX1: 2015 | AY1: 2016 | AZ1: 2017 | BA1: 2018 | BB1: 2019 | BC1: 2020 | BD1: 2021 | BE1: 2022
A2: 01000 | AC2: 0.079665026 | AD2: 0.099528186 | AE2: 0.12545571 | AF2: 0.088170039 | AG2: 0.091449249 | AH2: 0.13417033 | AI2: 0.085100514 | AJ2: 0.064650461 | AK2: 0.062654846 | AL2: 0.061905215 | AM2: 0.070396538 | AN2: 0.027318536 | AO2: 0.051241889 | AP2: 0.045085572 | AQ2: 0.053402779 | AR2: 0.053356412 | AS2: 0.041692646 | AT2: 0.030337989 | AU2: 0.012049851 | AV2: 0.012488935 | AW2: 0.014961869 | AX2: 0.015685185 | AY2: 0.011439522 | AZ2: 0.019168034 | BA2: 0.033588195 | BB2: 0.02050711 | BC2: 0.019423138 | BD2: 0.034151764 | BE2: 0.013464665
A3: 10120 | AC3: 0.0057517736 | AD3: 0.0065548359 | AE3: 0.0079399223 | AF3: 0.0077536571 | AG3: 0.0092751562 | AH3: 0.010065147 | AI3: 0.0096906236 | AJ3: 0.0068138286 | AK3: 0.0085110771 | AL3: 0.0094722908 | AM3: 0.009772951 | AN3: 0.0071128535 | AO3: 0.0080178747 | AP3: 0.0055780685 | AQ3: 0.0058422778 | AR3: 0.0082227669 | AS3: 0.0083853433 | AT3: 0.0056935793 | AU3: 0.0044590539 | AV3: 0.0040513191 | AW3: 0.0033810401 | AX3: 0.0036599937 | AY3: 0.0042079482 | AZ3: 0.0043979389 | BA3: 0.0048476448 | BB3: 0.0041077496 | BC3: 0.0039659601 | BD3: 0.0042460786 | BE3: 0.002221151
A4: Privat | AC4: 0.12667982 | AD4: 0.13043459 | AE4: 0.13182166 | AF4: 0.13234731 | AG4: 0.12874107 | AH4: 0.12345379 | AI4: 0.10928889 | AJ4: 0.092548745 | AK4: 0.099881422 | AL4: 0.10926694 | AM4: 0.1113532 | AN4: 0.083995855 | AO4: 0.087486938 | AP4: 0.07074536 | AQ4: 0.078591944 | AR4: 0.11511707 | AS4: 0.11091124 | AT4: 0.091439039 | AU4: 0.077256927 | AV4: 0.08341983 | AW4: 0.083439091 | AX4: 0.081342874 | AY4: 0.076961711 | AZ4: 0.080718841 | BA4: 0.082817006 | BB4: 0.0808165 | BC4: 0.089142291 | BD4: 0.077146626 | BE4: 0.046300075
A5: REST | AC5: 0.18900823 | AD5: 0.18689387 | AE5: 0.1832384 | AF5: 0.1798967 | AG5: 0.17448566 | AH5: 0.16456632 | AI5: 0.15051477 | AJ5: 0.1312933 | AK5: 0.14104518 | AL5: 0.15230353 | AM5: 0.1539395 | AN5: 0.12055093 | AO5: 0.12231347 | AP5: 0.10301429 | AQ5: 0.11397717 | AR5: 0.15436755 | AS5: 0.15264518 | AT5: 0.13387882 | AU5: 0.11820819 | AV5: 0.12819156 | AW5: 0.12677281 | AX5: 0.1239121 | AY5: 0.11765563 | AZ5: 0.12041928 | BA5: 0.12068899 | BB5: 0.11880723 | BC5: 0.12974016 | BD5: 0.11344801 | BE5: 0.075634753

Sheet theta_KL_K
A1: ANVENDELSE | B1: 1966 | C1: 1967 | D1: 1968 | E1: 1969 | F1: 1970 | G1: 1971 | H1: 1972 | I1: 1973 | J1: 1974 | K1: 1975 | L1: 1976 | M1: 1977 | N1: 1978 | O1: 1979 | P1: 1980 | Q1: 1981 | R1: 1982 | S1: 1983 | T1: 1984 | U1: 1985 | V1: 1986 | W1: 1987 | X1: 1988 | Y1: 1989 | Z1: 1990 | AA1: 1991 | AB1: 1992 | AC1: 1993 | AD1: 1994 | AE1: 1995 | AF1: 1996 | AG1: 1997 | AH1: 1998 | AI1: 1999 | AJ1: 2000 | AK1: 2001 | AL1: 2002 | AM1: 2003 | AN1: 2004 | AO1: 2005 | AP1: 2006 | AQ1: 2007 | AR1: 2008 | AS1: 2009 | AT1: 2010 | AU1: 2011 | AV1: 2012 | AW1: 2013 | AX1: 2014 | AY1: 2015 | AZ1: 2016 | BA1: 2017 | BB1: 2018 | BC1: 2019 | BD1: 2020 | BE1: 2021 | BF1: 2022 | BG1: 2023 | BH1: 2024
A2: 01000 | AD2: 0.29536831 | AE2: 0.28070003 | AF2: 0.26371563 | AG2: 0.2724707 | AH2: 0.27862057 | AI2: 0.25220165 | AJ2: 0.28228001 | AK2: 0.28916312 | AL2: 0.28929707 | AM2: 0.27271077 | AN2: 0.26800872 | AO2: 0.29981126 | AP2: 0.25702208 | AQ2: 0.27384382 | AR2: 0.24379595 | AS2: 0.22538221 | AT2: 0.22414652 | AU2: 0.22699809 | AV2: 0.2520013 | AW2: 0.24743025 | AX2: 0.2611572 | AY2: 0.28518147 | AZ2: 0.29505679 | BA2: 0.27090295 | BB2: 0.2377417 | BC2: 0.25900382 | BD2: 0.2703101 | BE2: 0.24375564 | BF2: 0.28583746
A3: 10120 | AD3: 1.1213524 | AE3: 1.1109612 | AF3: 1.0385903 | AG3: 1.0210378 | AH3: 1.040655 | AI3: 1.0865761 | AJ3: 1.0411415 | AK3: 1.1507322 | AL3: 1.0982752 | AM3: 1.0231185 | AN3: 0.92966205 | AO3: 0.94426333 | AP3: 0.82756604 | AQ3: 0.94175266 | AR3: 0.81308189 | AS3: 0.71414904 | AT3: 0.65771668 | AU3: 0.65506679 | AV3: 0.66416056 | AW3: 0.63601252 | AX3: 0.65679277 | AY3: 0.64174437 | AZ3: 0.68050282 | BA3: 0.6453102 | BB3: 0.63158547 | BC3: 0.66512166 | BD3: 0.7054259 | BE3: 0.71040464 | BF3: 0.7271844
A4: Privat | AD4: 0.40294637 | AE4: 0.39976807 | AF4: 0.40402652 | AG4: 0.40571147 | AH4: 0.42048861 | AI4: 0.43057354 | AJ4: 0.44796623 | AK4: 0.47309936 | AL4: 0.46083315 | AM4: 0.44718239 | AN4: 0.43793091 | AO4: 0.47438842 | AP4: 0.46222572 | AQ4: 0.51168012 | AR4: 0.47049425 | AS4: 0.40406592 | AT4: 0.3962934 | AU4: 0.41830157 | AV4: 0.43633776 | AW4: 0.42759424 | AX4: 0.42836706 | AY4: 0.44693085 | AZ4: 0.47189525 | BA4: 0.45792703 | BB4: 0.44977313 | BC4: 0.45353896 | BD4: 0.43094945 | BE4: 0.45455053 | BF4: 0.53508584
A5: REST | AD5: 0.4646892 | AE5: 0.46396094 | AF5: 0.47588153 | AG5: 0.48501838 | AH5: 0.50506554 | AI5: 0.52250941 | AJ5: 0.54208102 | AK5: 0.57911899 | AL5: 0.5615602 | AM5: 0.54913211 | AN5: 0.54002194 | AO5: 0.59196282 | AP5: 0.57920991 | AQ5: 0.63902286 | AR5: 0.58647851 | AS5: 0.51843492 | AT5: 0.51214565 | AU5: 0.53538411 | AV5: 0.5576092 | AW5: 0.54593093 | AX5: 0.5468416 | AY5: 0.56682614 | AZ5: 0.59610057 | BA5: 0.5776933 | BB5: 0.57007557 | BC5: 0.57541807 | BD5: 0.54478999 | BE5: 0.57743238 | BF5: 0.67902566

Sheet theta_KL_L
A1: ANVENDELSE | B1: 1966 | C1: 1967 | D1: 1968 | E1: 1969 | F1: 1970 | G1: 1971 | H1: 1972 | I1: 1973 | J1: 1974 | K1: 1975 | L1: 1976 | M1: 1977 | N1: 1978 | O1: 1979 | P1: 1980 | Q1: 1981 | R1: 1982 | S1: 1983 | T1: 1984 | U1: 1985 | V1: 1986 | W1: 1987 | X1: 1988 | Y1: 1989 | Z1: 1990 | AA1: 1991 | AB1: 1992 | AC1: 1993 | AD1: 1994 | AE1: 1995 | AF1: 1996 | AG1: 1997 | AH1: 1998 | AI1: 1999 | AJ1: 2000 | AK1: 2001 | AL1: 2002 | AM1: 2003 | AN1: 2004 | AO1: 2005 | AP1: 2006 | AQ1: 2007 | AR1: 2008 | AS1: 2009 | AT1: 2010 | AU1: 2011 | AV1: 2012 | AW1: 2013 | AX1: 2014 | AY1: 2015 | AZ1: 2016 | BA1: 2017 | BB1: 2018 | BC1: 2019 | BD1: 2020 | BE1: 2021 | BF1: 2022
A2: 01000 | AD2: 469.00207 | AE2: 500.1362 | AF2: 548.32838 | AG2: 524.2948 | AH2: 509.32 | AI2: 586.3287 | AJ2: 501.67302 | AK2: 489.10011 | AL2: 488.86889 | AM2: 520.54262 | AN2: 530.93525 | AO2: 479.54106 | AP2: 551.82969 | AQ2: 519.14518 | AR2: 581.75004 | AS2: 639.4478 | AT2: 644.13881 | AU2: 633.85548 | AV2: 566.74472 | AW2: 576.68389 | AX2: 548.56924 | AY2: 511.34549 | AZ2: 500.84383 | BA2: 532.59211 | BB2: 602.8239 | BC2: 555.84421 | BD2: 536.75867 | BE2: 593.35167 | BF2: 516.62493
A3: 10120 | AD3: 434.14056 | AE3: 436.05955 | AF3: 450.72743 | AG3: 455.06644 | AH3: 451.16566 | AI3: 442.67494 | AJ3: 451.18864 | AK3: 433.5407 | AL3: 441.0886 | AM3: 453.63695 | AN3: 472.10347 | AO3: 471.02268 | AP3: 496.93066 | AQ3: 473.86378 | AR3: 500.38728 | AS3: 530.79992 | AT3: 553.46113 | AU3: 554.6604 | AV3: 551.16503 | AW3: 563.09351 | AX3: 555.93227 | AY3: 561.50155 | AZ3: 547.8727 | BA3: 560.78945 | BB3: 566.44573 | BC3: 554.22846 | BD3: 541.61494 | BE3: 540.15111 | BF3: 535.53981
A4: Privat | AD4: 752.89912 | AE4: 759.84838 | AF4: 752.63832 | AG4: 750.96349 | AH4: 727.79154 | AI4: 714.60195 | AJ4: 691.9101 | AK4: 665.63746 | AL4: 679.54455 | AM4: 695.74013 | AN4: 707.80689 | AO4: 669.90469 | AP4: 681.9476 | AQ4: 642.64561 | AR4: 674.82964 | AS4: 751.65712 | AT4: 764.19204 | AU4: 732.47695 | AV4: 711.85157 | AW4: 721.13908 | AX4: 720.23619 | AY4: 701.16347 | AZ4: 679.49203 | BA4: 691.3407 | BB4: 698.90624 | BC4: 695.69711 | BD4: 717.12418 | BE4: 695.15185 | BF4: 641.66283
A5: REST | AD5: 700.79168 | AE5: 702.89543 | AF5: 688.6383 | AG5: 679.06374 | AH5: 659.66632 | AI5: 645.26129 | AJ5: 630.29202 | AK5: 606.5192 | AL5: 618.48644 | AM5: 627.61593 | AN5: 634.89882 | AO5: 602.9175 | AP5: 610.53206 | AQ5: 582.58287 | AR5: 607.22517 | AS5: 652.02361 | AT5: 657.47119 | AU5: 639.82244 | AV5: 625.97383 | AW5: 633.02508 | AX5: 632.55168 | AY5: 621.14725 | AZ5: 606.63404 | BA5: 615.65825 | BB5: 619.74791 | BC5: 617.18537 | BD5: 633.50938 | BE5: 616.36187 | BF5: 578.16428

Sheet theta_Mtot_M
A1: ANVENDELSE | B1: TILGANG2 | C1: 1967 | D1: 1968 | E1: 1969 | F1: 1970 | G1: 1971 | H1: 1972 | I1: 1973 | J1: 1974 | K1: 1975 | L1: 1976 | M1: 1977 | N1: 1978 | O1: 1979 | P1: 1980 | Q1: 1981 | R1: 1982 | S1: 1983 | T1: 1984 | U1: 1985 | V1: 1986 | W1: 1987 | X1: 1988 | Y1: 1989 | Z1: 1990 | AA1: 1991 | AB1: 1992 | AC1: 1993 | AD1: 1994 | AE1: 1995 | AF1: 1996 | AG1: 1997 | AH1: 1998 | AI1: 1999 | AJ1: 2000 | AK1: 2001 | AL1: 2002 | AM1: 2003 | AN1: 2004 | AO1: 2005 | AP1: 2006 | AQ1: 2007 | AR1: 2008 | AS1: 2009 | AT1: 2010 | AU1: 2011 | AV1: 2012 | AW1: 2013 | AX1: 2014 | AY1: 2015 | AZ1: 2016 | BA1: 2017 | BB1: 2018 | BC1: 2019 | BD1: 2020 | BE1: 2021 | BF1: 2022
A2: 01000 | B2: 01000 | C2: 3.9261566 | D2: 4.0349953 | E2: 4.4500951 | F2: 4.0081233 | G2: 3.9048055 | H2: 4.3231716 | I2: 3.9734302 | J2: 4.0253555 | K2: 4.0962089 | L2: 4.0876652 | M2: 4.1451744 | N2: 4.4654444 | O2: 4.3775722 | P2: 4.233437 | Q2: 4.0318841 | R2: 4.4820898 | S2: 4.5930999 | T2: 4.7561993 | U2: 4.6591605 | V2: 4.9966125 | W2: 5.0828053 | X2: 5.7668022 | Y2: 5.8214415 | Z2: 5.9029334 | AA2: 6.0788038 | AB2: 5.3355136 | AC2: 4.7759268 | AD2: 4.7542306 | AE2: 4.4204491 | AF2: 4.175153 | AG2: 4.3037873 | AH2: 4.3305758 | AI2: 4.0195129 | AJ2: 3.9214254 | AK2: 3.8227225 | AL2: 5.0013064 | AM2: 5.1163701 | AN2: 5.3496938 | AO2: 5.6087627 | AP2: 5.7390117 | AQ2: 5.8969921 | AR2: 6.1299087 | AS2: 5.6097505 | AT2: 5.901605 | AU2: 5.0558895 | AV2: 5.0774882 | AW2: 5.3982742 | AX2: 5.3719757 | AY2: 5.3917733 | AZ2: 5.3985515 | BA2: 5.1140262 | BB2: 4.9372225 | BC2: 4.9503723 | BD2: 5.5016007 | BE2: 5.0109948 | BF2: 4.3129895
B3: 10120 | C3: 6.7779455 | D3: 6.9050964 | E3: 6.4255475 | F3: 6.7655696 | G3: 7.238745 | H3: 6.8421133 | I3: 6.9519606 | J3: 6.6847124 | K3: 5.6415003 | L3: 5.4977574 | M3: 5.4626044 | N3: 5.0769362 | O3: 5.0029158 | P3: 5.1677541 | Q3: 5.2849936 | R3: 4.7880784 | S3: 4.8093243 | T3: 5.0634765 | U3: 5.0418422 | V3: 4.8969736 | W3: 5.0618047 | X3: 5.3278709 | Y3: 5.049631 | Z3: 4.9360594 | AA3: 4.8378415 | AB3: 5.1258454 | AC3: 5.1312486 | AD3: 4.9974253 | AE3: 5.1357707 | AF3: 5.7445308 | AG3: 5.8234733 | AH3: 5.5690258 | AI3: 6.2091527 | AJ3: 6.0725438 | AK3: 5.9830411 | AL3: 3.8753806 | AM3: 3.6283819 | AN3: 3.4253411 | AO3: 3.5349485 | AP3: 3.6314378 | AQ3: 3.4012598 | AR3: 3.511463 | AS3: 3.3984359 | AT3: 3.3357778 | AU3: 3.4702825 | AV3: 3.5664937 | AW3: 3.6239792 | AX3: 3.5059534 | AY3: 3.3597086 | AZ3: 3.2336553 | BA3: 3.3539512 | BB3: 3.2396172 | BC3: 3.2041284 | BD3: 3.100623 | BE3: 3.2893746 | BF3: 3.2913144
B4: Privat | C4: 1.0270538 | D4: 1.0265572 | E4: 1.0258862 | F4: 1.0250834 | G4: 1.0239572 | H4: 1.0229958 | I4: 1.0228466 | J4: 1.0224694 | K4: 1.021017 | L4: 1.0195359 | M4: 1.0178108 | N4: 1.0169785 | O4: 1.015115 | P4: 1.0140553 | Q4: 1.0134712 | R4: 1.0121271 | S4: 1.0110331 | T4: 1.0112371 | U4: 1.0101767 | V4: 1.0087234 | W4: 1.0076276 | X4: 1.006302 | Y4: 1.0065482 | Z4: 1.0064448 | AA4: 1.0063741 | AB4: 1.0071965 | AC4: 1.0066103 | AD4: 1.0061797 | AE4: 1.0057107 | AF4: 1.0045709 | AG4: 1.0052754 | AH4: 1.0043869 | AI4: 1.0035187 | AJ4: 1.0030912 | AK4: 1.003315 | AL4: 1.0029295 | AM4: 1.0030971 | AN4: 1.0031115 | AO4: 1.003282 | AP4: 1.0035364 | AQ4: 1.0023737 | AR4: 1.0020926 | AS4: 1.0023925 | AT4: 1.0019577 | AU4: 1.0018862 | AV4: 1.0018642 | AW4: 1.0014892 | AX4: 1.0014725 | AY4: 1.001229 | AZ4: 1.0011471 | BA4: 1.0009512 | BB4: 1.0008769 | BC4: 1.0015548 | BD4: 1.0014328 | BE4: 1.0013966 | BF4: 1.0013519
B5: REST | C5: 1.6172998 | D5: 1.5761544 | E5: 1.5462499 | F5: 1.5982517 | G5: 1.5779091 | H5: 1.5285203 | I5: 1.5893449 | J5: 1.6065862 | K5: 1.7241204 | L5: 1.7459872 | M5: 1.7350071 | N5: 1.7213475 | O5: 1.7568302 | P5: 1.7678938 | Q5: 1.8080731 | R5: 1.7813665 | S5: 1.7507689 | T5: 1.6708278 | U5: 1.6935581 | V5: 1.6510459 | W5: 1.6150241 | X5: 1.4828645 | Y5: 1.5073849 | Z5: 1.5128705 | AA5: 1.5063721 | AB5: 1.5568009 | AC5: 1.6379611 | AD5: 1.6576715 | AE5: 1.6998271 | AF5: 1.6910345 | AG5: 1.6570595 | AH5: 1.6784781 | AI5: 1.6876833 | AJ5: 1.7197855 | AK5: 1.7523176 | AL5: 1.8471885 | AM5: 1.8954734 | AN5: 1.9232779 | AO5: 1.8552448 | AP5: 1.8184317 | AQ5: 1.8667751 | AR5: 1.8105931 | AS5: 1.8999763 | AT5: 1.8910407 | AU5: 1.9408909 | AV5: 1.9102402 | AW5: 1.8540659 | AX5: 1.8945666 | AY5: 1.9408854 | AZ5: 1.9847878 | BA5: 1.978021 | BB5: 2.0448015 | BC5: 2.0567401 | BD5: 2.0172723 | BE5: 2.014384 | BF5: 2.1472053
A6: 10120 | B6: 01000 | C6: 2.0011044 | D6: 2.1874802 | E6: 2.2257613 | F6: 2.2468375 | G6: 2.3428213 | H6: 2.4486909 | I6: 2.3262995 | J6: 2.4289006 | K6: 2.3664546 | L6: 2.4458981 | M6: 2.4888784 | N6: 2.4448698 | O6: 2.5923729 | P6: 2.6690478 | Q6: 2.694393 | R6: 2.5684966 | S6: 2.3658344 | T6: 2.4395899 | U6: 2.5519466 | V6: 2.5936181 | W6: 2.6784027 | X6: 2.7132915 | Y6: 2.6891282 | Z6: 2.7592508 | AA6: 2.7261177 | AB6: 2.6947184 | AC6: 2.6484231 | AD6: 2.6154084 | AE6: 2.5958441 | AF6: 2.4719056 | AG6: 2.4164586 | AH6: 2.429894 | AI6: 2.3780761 | AJ6: 2.4303006 | AK6: 2.4453508 | AL6: 2.3531105 | AM6: 2.3453065 | AN6: 2.342085 | AO6: 2.4656232 | AP6: 2.5090094 | AQ6: 2.4531651 | AR6: 2.4785543 | AS6: 2.6240461 | AT6: 2.4358944 | AU6: 2.4769854 | AV6: 2.4909839 | AW6: 2.4997048 | AX6: 2.4629881 | AY6: 2.5076121 | AZ6: 2.5907791 | BA6: 2.652014 | BB6: 2.6675686 | BC6: 2.6347191 | BD6: 2.6761163 | BE6: 2.6345464 | BF6: 2.6702696
B7: 10120 | C7: 4.6904792 | D7: 4.0901876 | E7: 4.0274605 | F7: 3.9742581 | G7: 3.8333891 | H7: 3.6267315 | I7: 3.8958001 | J7: 3.717964 | K7: 3.8181082 | L7: 3.6693315 | M7: 3.4761481 | N7: 3.5126333 | O7: 3.1389337 | P7: 3.0665322 | Q7: 3.0291616 | R7: 3.4499606 | S7: 4.1171382 | T7: 4.0174871 | U7: 3.520717 | V7: 3.4566147 | W7: 3.4529063 | X7: 3.3895674 | Y7: 3.5064155 | Z7: 3.3750791 | AA7: 3.5193664 | AB7: 3.4193903 | AC7: 3.3003233 | AD7: 3.4623379 | AE7: 3.3773459 | AF7: 3.8559657 | AG7: 4.0568064 | AH7: 3.9157419 | AI7: 4.2869904 | AJ7: 4.0955907 | AK7: 4.0023135 | AL7: 4.2536927 | AM7: 4.0624381 | AN7: 3.9946632 | AO7: 3.8571345 | AP7: 3.7761463 | AQ7: 3.7255032 | AR7: 3.7831246 | AS7: 3.5934774 | AT7: 3.7710138 | AU7: 3.8040014 | AV7: 3.6639465 | AW7: 3.6093639 | AX7: 3.6014161 | AY7: 3.56775 | AZ7: 3.8134513 | BA7: 3.7870355 | BB7: 3.7662819 | BC7: 3.6527871 | BD7: 3.7155452 | BE7: 3.7033315 | BF7: 3.655184
B8: Privat | C8: 1.005428 | D8: 1.0055057 | E8: 1.0054497 | F8: 1.0054231 | G8: 1.0055658 | H8: 1.0055341 | I8: 1.0051506 | J8: 1.0056077 | K8: 1.0047172 | L8: 1.0043769 | M8: 1.0040731 | N8: 1.0039848 | O8: 1.0036914 | P8: 1.0036389 | Q8: 1.0036484 | R8: 1.0034942 | S8: 1.0033656 | T8: 1.0036907 | U8: 1.0033913 | V8: 1.003108 | W8: 1.0034241 | X8: 1.0030619 | Y8: 1.0031721 | Z8: 1.0031751 | AA8: 1.0032431 | AB8: 1.0034111 | AC8: 1.0030761 | AD8: 1.0031585 | AE8: 1.0031051 | AF8: 1.0032535 | AG8: 1.003371 | AH8: 1.0030098 | AI8: 1.0030532 | AJ8: 1.0024105 | AK8: 1.002409 | AL8: 1.0020812 | AM8: 1.0021083 | AN8: 1.0020519 | AO8: 1.0026686 | AP8: 1.0025622 | AQ8: 1.0021595 | AR8: 1.0018221 | AS8: 1.0019923 | AT8: 1.0017295 | AU8: 1.0017509 | AV8: 1.0019171 | AW8: 1.0018435 | AX8: 1.0022694 | AY8: 1.0021794 | AZ8: 1.002214 | BA8: 1.0019804 | BB8: 1.0019909 | BC8: 1.002158 | BD8: 1.0019975 | BE8: 1.001302 | BF8: 1.002074
B9: REST | C9: 4.0787268 | D9: 3.6590764 | E9: 3.5504867 | F9: 3.5175516 | G9: 3.2977383 | H9: 3.1896781 | I9: 3.3039676 | J9: 3.1393553 | K9: 3.2194982 | L9: 3.1332787 | M9: 3.2327422 | N9: 3.3235033 | O9: 3.4223332 | P9: 3.3238825 | Q9: 3.3184624 | R9: 3.0865767 | S9: 3.0304488 | T9: 2.916558 | U9: 3.0746573 | V9: 3.0465658 | W9: 2.8851088 | X9: 2.8814121 | Y9: 2.8249782 | Z9: 2.8139307 | AA9: 2.7536251 | AB9: 2.8724079 | AC9: 3.0582639 | AD9: 2.9735424 | AE9: 3.0757297 | AF9: 2.9347703 | AG9: 2.9162304 | AH9: 2.9724628 | AI9: 2.8656325 | AJ9: 2.8765611 | AK9: 2.8985547 | AL9: 2.9330639 | AM9: 3.0396502 | AN9: 3.0812882 | AO9: 2.9706201 | AP9: 2.962972 | AQ9: 3.0650883 | AR9: 2.9959641 | AS9: 2.927584 | AT9: 3.0498052 | AU9: 2.9749934 | AV9: 3.0439829 | AW9: 3.0688846 | AX9: 3.133442 | AY9: 3.0896799 | AZ9: 2.8381667 | BA9: 2.7897066 | BB9: 2.7839072 | BC9: 2.8823963 | BD9: 2.7996723 | BE9: 2.853874 | BF9: 2.8446953
A10: Privat | B10: 01000 | C10: 11.245574 | D10: 12.143773 | E10: 13.447232 | F10: 13.324118 | G10: 13.32814 | H10: 14.556282 | I10: 14.166065 | J10: 14.221893 | K10: 13.614294 | L10: 14.314013 | M10: 14.474629 | N10: 14.25384 | O10: 14.428245 | P10: 14.038276 | Q10: 13.555189 | R10: 13.599183 | S10: 13.404518 | T10: 14.647246 | U10: 15.366317 | V10: 16.312254 | W10: 16.832833 | X10: 18.008669 | Y10: 17.820616 | Z10: 17.847929 | AA10: 17.59791 | AB10: 16.618159 | AC10: 15.077464 | AD10: 15.629581 | AE10: 16.368562 | AF10: 16.534028 | AG10: 17.009875 | AH10: 17.030697 | AI10: 17.474281 | AJ10: 18.384425 | AK10: 19.024489 | AL10: 18.731982 | AM10: 18.104408 | AN10: 18.560914 | AO10: 20.938229 | AP10: 22.493515 | AQ10: 23.131976 | AR10: 23.582463 | AS10: 22.876331 | AT10: 22.596592 | AU10: 23.019569 | AV10: 23.862378 | AW10: 23.649887 | AX10: 23.970397 | AY10: 24.239125 | AZ10: 25.790069 | BA10: 26.030098 | BB10: 26.208029 | BC10: 26.768663 | BD10: 26.209126 | BE10: 26.487464 | BF10: 27.730773
B11: 10120 | C11: 19.267594 | D11: 17.885813 | E11: 18.361939 | F11: 18.380445 | G11: 17.976942 | H11: 17.442307 | I11: 18.768958 | J11: 17.717719 | K11: 16.705918 | L11: 16.59124 | M11: 16.079866 | N11: 15.681771 | O11: 14.129702 | P11: 13.465714 | Q11: 13.027638 | R11: 13.997982 | S11: 15.638781 | T11: 16.539252 | U11: 15.661505 | V11: 15.965793 | W11: 16.240003 | X11: 16.370527 | Y11: 16.572081 | Z11: 15.806958 | AA11: 15.878232 | AB11: 14.939789 | AC11: 13.739956 | AD11: 14.707996 | AE11: 15.13423 | AF11: 17.801546 | AG11: 18.865826 | AH11: 18.123697 | AI11: 20.168534 | AJ11: 20.393871 | AK11: 20.742027 | AL11: 19.566133 | AM11: 18.804269 | AN11: 18.225801 | AO11: 19.394314 | AP11: 20.227497 | AQ11: 20.27008 | AR11: 21.621811 | AS11: 19.786162 | AT11: 20.906673 | AU11: 21.734154 | AV11: 21.975943 | AW11: 21.191521 | AX11: 20.785681 | AY11: 20.736843 | AZ11: 22.246524 | BA11: 22.277376 | BB11: 22.005629 | BC11: 21.948394 | BD11: 21.589805 | BE11: 23.066926 | BF11: 23.708227
B12: Privat | C12: 1.030035 | D12: 1.0298826 | E12: 1.0292956 | F12: 1.0293855 | G12: 1.0282953 | H12: 1.0277442 | I12: 1.0278389 | J12: 1.0296799 | K12: 1.0285362 | L12: 1.0264022 | M12: 1.024771 | N12: 1.0251067 | O12: 1.0232297 | P12: 1.0225159 | Q12: 1.0235526 | R12: 1.0219599 | S12: 1.0217802 | T12: 1.0238212 | U12: 1.0221335 | V12: 1.0205685 | W12: 1.0211681 | X12: 1.0204191 | Y12: 1.021103 | Z12: 1.0192708 | AA12: 1.0205794 | AB12: 1.0230504 | AC12: 1.0203921 | AD12: 1.0191126 | AE12: 1.0181169 | AF12: 1.015264 | AG12: 1.0151264 | AH12: 1.0141871 | AI12: 1.0134315 | AJ12: 1.0119201 | AK12: 1.0127303 | AL12: 1.0122264 | AM12: 1.0132656 | AN12: 1.0135856 | AO12: 1.013905 | AP12: 1.0133402 | AQ12: 1.0117262 | AR12: 1.0114936 | AS12: 1.0121607 | AT12: 1.0126413 | AU12: 1.0114836 | AV12: 1.0119268 | AW12: 1.0117774 | AX12: 1.0122372 | AY12: 1.0119962 | AZ12: 1.0114558 | BA12: 1.0102187 | BB12: 1.0099412 | BC12: 1.0101843 | BD12: 1.009486 | BE12: 1.0088213 | BF12: 1.0097976
B13: REST | C13: 1.1814605 | D13: 1.1725801 | E13: 1.1477732 | F13: 1.1494885 | G13: 1.1522379 | H13: 1.1401454 | I13: 1.1362529 | J13: 1.143475 | K13: 1.1589355 | L13: 1.1507732 | M13: 1.1527995 | N13: 1.1591335 | O13: 1.1719624 | P13: 1.183967 | Q13: 1.1953035 | R13: 1.1841935 | S13: 1.1724641 | T13: 1.1513337 | U13: 1.1503262 | V13: 1.1401093 | W13: 1.1343596 | X13: 1.1256906 | Y13: 1.1257064 | Z13: 1.1301603 | AA13: 1.1312374 | AB13: 1.143011 | AC13: 1.1633168 | AD13: 1.1524798 | AE13: 1.145123 | AF13: 1.1308991 | AG13: 1.1240129 | AH13: 1.126802 | AI13: 1.1176961 | AJ13: 1.1134294 | AK13: 1.1100031 | AL13: 1.1146757 | AM13: 1.1195659 | AN13: 1.119952 | AO13: 1.1085849 | AP13: 1.1025731 | AQ13: 1.1011446 | AR13: 1.0965974 | AS13: 1.1033299 | AT13: 1.1007678 | AU13: 1.0977485 | AV13: 1.095342 | AW13: 1.0978798 | AX13: 1.0983349 | AY13: 1.0979238 | AZ13: 1.0913105 | BA13: 1.0908466 | BB13: 1.0911968 | BC13: 1.0904578 | BD13: 1.0922668 | BE13: 1.0882646 | BF13: 1.0850368
A14: REST | B14: 01000 | C14: 182.25627 | D14: 241.14599 | E14: 250.45213 | F14: 244.64432 | G14: 235.67724 | H14: 278.73643 | I14: 275.8026 | J14: 262.59935 | K14: 263.17299 | L14: 248.82912 | M14: 229.57406 | N14: 245.64113 | O14: 290.72935 | P14: 264.09072 | Q14: 251.96107 | R14: 245.63377 | S14: 280.41723 | T14: 307.55566 | U14: 312.6184 | V14: 319.86422 | W14: 332.31341 | X14: 325.19482 | Y14: 265.54305 | Z14: 349.12173 | AA14: 296.44234 | AB14: 293.83861 | AC14: 229.63128 | AD14: 259.10853 | AE14: 304.41502 | AF14: 294.736 | AG14: 385.87836 | AH14: 328.63221 | AI14: 332.50168 | AJ14: 344.58595 | AK14: 352.32449 | AL14: 331.23372 | AM14: 312.93425 | AN14: 352.68158 | AO14: 411.48173 | AP14: 444.06047 | AQ14: 440.46785 | AR14: 421.33965 | AS14: 391.85828 | AT14: 428.31562 | AU14: 555.23844 | AV14: 541.55199 | AW14: 511.01718 | AX14: 510.02751 | AY14: 442.98293 | AZ14: 464.39603 | BA14: 458.41666 | BB14: 451.14544 | BC14: 465.84473 | BD14: 483.23312 | BE14: 372.50661 | BF14: 427.66723
B15: 10120 | C15: 49.71539 | D15: 50.377564 | E15: 49.851251 | F15: 50.52726 | G15: 50.258327 | H15: 47.05151 | I15: 49.584552 | J15: 49.368657 | K15: 46.170493 | L15: 47.887133 | M15: 48.002423 | N15: 48.009419 | O15: 47.51553 | P15: 44.397182 | Q15: 43.401513 | R15: 44.264945 | S15: 40.398407 | T15: 43.616106 | U15: 43.740764 | V15: 44.669931 | W15: 45.153703 | X15: 43.44233 | Y15: 43.049203 | Z15: 43.356648 | AA15: 41.716177 | AB15: 38.816885 | AC15: 38.062585 | AD15: 39.830845 | AE15: 39.990555 | AF15: 43.46683 | AG15: 44.571475 | AH15: 42.704643 | AI15: 44.141682 | AJ15: 45.545177 | AK15: 46.615572 | AL15: 48.047465 | AM15: 49.775912 | AN15: 47.463445 | AO15: 50.581871 | AP15: 53.622872 | AQ15: 52.506473 | AR15: 60.575539 | AS15: 57.955225 | AT15: 62.200717 | AU15: 65.370388 | AV15: 65.917461 | AW15: 61.72144 | AX15: 56.339348 | AY15: 58.695668 | AZ15: 63.912919 | BA15: 63.096301 | BB15: 61.22209 | BC15: 58.998458 | BD15: 61.625109 | BE15: 67.196075 | BF15: 64.220252
B16: Privat | C16: 1.0511466 | D16: 1.0495602 | E16: 1.050967 | F16: 1.0529309 | G16: 1.0456532 | H16: 1.0451602 | I16: 1.0457361 | J16: 1.0484637 | K16: 1.048462 | L16: 1.0469366 | M16: 1.042135 | N16: 1.0429312 | O16: 1.0416349 | P16: 1.0418932 | Q16: 1.0438061 | R16: 1.0406481 | S16: 1.0394094 | T16: 1.0409402 | U16: 1.0370615 | V16: 1.0334363 | W16: 1.0334578 | X16: 1.0325843 | Y16: 1.0348247 | Z16: 1.0314114 | AA16: 1.0340724 | AB16: 1.0370886 | AC16: 1.0350896 | AD16: 1.032319 | AE16: 1.0308952 | AF16: 1.0286668 | AG16: 1.0285098 | AH16: 1.0261428 | AI16: 1.0251261 | AJ16: 1.0227826 | AK16: 1.0238174 | AL16: 1.0225444 | AM16: 1.0249294 | AN16: 1.0256096 | AO16: 1.027188 | AP16: 1.0268815 | AQ16: 1.0238481 | AR16: 1.0236404 | AS16: 1.0264815 | AT16: 1.0276359 | AU16: 1.0260395 | AV16: 1.0258508 | AW16: 1.0253759 | AX16: 1.0259367 | AY16: 1.0259678 | AZ16: 1.0245867 | BA16: 1.0240921 | BB16: 1.0238712 | BC16: 1.0236679 | BD16: 1.0237975 | BE16: 1.0224275 | BF16: 1.0228941
B17: REST | C17: 1.0273018 | D17: 1.0240699 | E17: 1.0240445 | F17: 1.0238709 | G17: 1.0243243 | H17: 1.0250038 | I17: 1.0235936 | J17: 1.0240729 | K17: 1.0259178 | L17: 1.0252277 | M17: 1.0257779 | N17: 1.0252047 | O17: 1.0244157 | P17: 1.0268732 | Q17: 1.027788 | R17: 1.0274049 | S17: 1.0292485 | T17: 1.0266375 | U17: 1.0264761 | V17: 1.025812 | W17: 1.0253603 | X17: 1.0264723 | Y17: 1.0275919 | Z17: 1.0263231 | AA17: 1.0278585 | AB17: 1.0298761 | AC17: 1.0313694 | AD17: 1.0295787 | AE17: 1.0288357 | AF17: 1.0268237 | AG17: 1.025299 | AH17: 1.026877 | AI17: 1.0260286 | AJ17: 1.0251926 | AK17: 1.0246133 | AL17: 1.0241398 | AM17: 1.0235802 | AN17: 1.0242112 | AO17: 1.0224844 | AP17: 1.0211721 | AQ17: 1.0215898 | AR17: 1.0191074 | AS17: 1.0200678 | AT17: 1.0186606 | AU17: 1.0173423 | AV17: 1.0172612 | AW17: 1.0184676 | AX17: 1.0200862 | AY17: 1.0196732 | AZ17: 1.0181283 | BA17: 1.0183705 | BB17: 1.018913 | BC17: 1.0194651 | BD17: 1.0186375 | BE17: 1.0178804 | BF17: 1.018219

Sheet theta_MD
A1: ANVENDELSE | B1: TILGANG2 | C1: 1967 | D1: 1968 | E1: 1969 | F1: 1970 | G1: 1971 | H1: 1972 | I1: 1973 | J1: 1974 | K1: 1975 | L1: 1976 | M1: 1977 | N1: 1978 | O1: 1979 | P1: 1980 | Q1: 1981 | R1: 1982 | S1: 1983 | T1: 1984 | U1: 1985 | V1: 1986 | W1: 1987 | X1: 1988 | Y1: 1989 | Z1: 1990 | AA1: 1991 | AB1: 1992 | AC1: 1993 | AD1: 1994 | AE1: 1995 | AF1: 1996 | AG1: 1997 | AH1: 1998 | AI1: 1999 | AJ1: 2000 | AK1: 2001 | AL1: 2002 | AM1: 2003 | AN1: 2004 | AO1: 2005 | AP1: 2006 | AQ1: 2007 | AR1: 2008 | AS1: 2009 | AT1: 2010 | AU1: 2011 | AV1: 2012 | AW1: 2013 | AX1: 2014 | AY1: 2015 | AZ1: 2016 | BA1: 2017 | BB1: 2018 | BC1: 2019 | BD1: 2020 | BE1: 2021 | BF1: 2022
A2: 01000 | B2: 01000 | C2: 0.8565657 | D2: 0.91092707 | E2: 0.93796664 | F2: 0.9303585 | G2: 0.90350061 | H2: 0.96053944 | I2: 0.94955633 | J2: 0.93352551 | K2: 0.94935879 | L2: 0.94867415 | M2: 0.95292628 | N2: 0.9687492 | O2: 0.97365071 | P2: 0.97261603 | Q2: 0.96946415 | R2: 0.98050619 | S2: 0.97182068 | T2: 0.98655936 | U2: 1.0015745 | V2: 1.0013439 | W2: 1.0135024 | X2: 0.98724749 | Y2: 1.0050857 | Z2: 1.0049167 | AA2: 1.0069097 | AB2: 0.87857321 | AC2: 0.92887912 | AD2: 0.94497751 | AE2: 0.9496086 | AF2: 0.94946866 | AG2: 0.9512231 | AH2: 0.94443174 | AI2: 0.94653666 | AJ2: 0.94293799 | AK2: 0.93689842 | AL2: 0.93088714 | AM2: 0.93956812 | AN2: 0.95294282 | AO2: 0.94409964 | AP2: 0.96066743 | AQ2: 0.94598035 | AR2: 0.89668044 | AS2: 0.96097331 | AT2: 0.96524098 | AU2: 0.96084837 | AV2: 0.97043008 | AW2: 0.96941869 | AX2: 0.97560427 | AY2: 0.97213378 | AZ2: 0.96548021 | BA2: 0.96396452 | BB2: 0.9594987 | BC2: 0.97769415 | BD2: 0.9986692 | BE2: 0.99808601 | BF2: 0.98063638
B3: 10120 | C3: 0.62775617 | D3: 0.62147291 | E3: 0.62650687 | F3: 0.62875219 | G3: 0.62762888 | H3: 0.63086374 | I3: 0.56039342 | J3: 0.61701584 | K3: 0.65680204 | L3: 0.62130688 | M3: 0.60530826 | N3: 0.64645373 | O3: 0.63020747 | P3: 0.61080578 | Q3: 0.54863187 | R3: 0.56095035 | S3: 0.56595068 | T3: 0.55452388 | U3: 0.63509376 | V3: 0.67987218 | W3: 0.68262144 | X3: 0.6645144 | Y3: 0.64810699 | Z3: 0.69527688 | AA3: 0.66667366 | AB3: 0.66681002 | AC3: 0.6238715 | AD3: 0.65049999 | AE3: 0.69765814 | AF3: 0.63152113 | AG3: 0.61277906 | AH3: 0.71298835 | AI3: 0.74083707 | AJ3: 0.71947814 | AK3: 0.75471996 | AL3: 0.9273194 | AM3: 0.96754364 | AN3: 0.94290299 | AO3: 0.97424026 | AP3: 0.95208251 | AQ3: 0.95264081 | AR3: 0.96432581 | AS3: 0.93780445 | AT3: 0.88214107 | AU3: 0.9173876 | AV3: 0.85501012 | AW3: 0.88304486 | AX3: 0.88347028 | AY3: 0.88476726 | AZ3: 0.90568606 | BA3: 0.92593295 | BB3: 0.90692388 | BC3: 0.91195647 | BD3: 0.88906571 | BE3: 0.85143963 | BF3: 0.86006418
B4: Privat | C4: 0.74472685 | D4: 0.7791625 | E4: 0.79456027 | F4: 0.79380641 | G4: 0.77664789 | H4: 0.81675173 | I4: 0.78356575 | J4: 0.74950799 | K4: 0.77441279 | L4: 0.76934677 | M4: 0.75822852 | N4: 0.80309446 | O4: 0.78737593 | P4: 0.76040296 | Q4: 0.71921967 | R4: 0.72115373 | S4: 0.71984712 | T4: 0.69866695 | U4: 0.74944957 | V4: 0.79963691 | W4: 0.83442764 | X4: 0.80571157 | Y4: 0.7891407 | Z4: 0.82242772 | AA4: 0.81063951 | AB4: 0.77373876 | AC4: 0.78587775 | AD4: 0.81664964 | AE4: 0.84154153 | AF4: 0.8199962 | AG4: 0.81214292 | AH4: 0.84153811 | AI4: 0.86648295 | AJ4: 0.83717674 | AK4: 0.8261063 | AL4: 0.84613658 | AM4: 0.86934024 | AN4: 0.84541768 | AO4: 0.84825025 | AP4: 0.8437865 | AQ4: 0.84153655 | AR4: 0.78401769 | AS4: 0.81297639 | AT4: 0.78695383 | AU4: 0.77270931 | AV4: 0.75442066 | AW4: 0.75978099 | AX4: 0.77263965 | AY4: 0.78553673 | AZ4: 0.80458828 | BA4: 0.81122046 | BB4: 0.79240818 | BC4: 0.80596647 | BD4: 0.82324153 | BE4: 0.77837526 | BF4: 0.7377287
B5: REST | C5: 0.93939418 | D5: 0.93068511 | E5: 0.93629704 | F5: 0.95059846 | G5: 0.94061594 | H5: 0.96894909 | I5: 0.9760464 | J5: 0.8533082 | K5: 0.85234823 | L5: 0.90052612 | M5: 0.91422331 | N5: 0.93088093 | O5: 0.89594432 | P5: 0.86333424 | Q5: 0.85105845 | R5: 0.83910515 | S5: 0.84568823 | T5: 0.79927785 | U5: 0.80212767 | V5: 0.86502566 | W5: 0.89135475 | X5: 0.91483019 | Y5: 0.89785096 | Z5: 0.89250041 | AA5: 0.8889828 | AB5: 0.91779585 | AC5: 0.9120914 | AD5: 0.93564401 | AE5: 0.92775863 | AF5: 0.93156353 | AG5: 0.93421489 | AH5: 0.93572057 | AI5: 0.92404072 | AJ5: 0.92881921 | AK5: 0.92943436 | AL5: 0.92689768 | AM5: 0.91592792 | AN5: 0.88313147 | AO5: 0.89325551 | AP5: 0.8914712 | AQ5: 0.89538812 | AR5: 0.79841214 | AS5: 0.84876133 | AT5: 0.84432185 | AU5: 0.79032941 | AV5: 0.80172522 | AW5: 0.80050136 | AX5: 0.82197712 | AY5: 0.84350592 | AZ5: 0.86244475 | BA5: 0.84500587 | BB5: 0.8318428 | BC5: 0.83794467 | BD5: 0.87587588 | BE5: 0.81456947 | BF5: 0.73836385
A6: 10120 | B6: 01000 | C6: 0.93102331 | D6: 0.94294546 | E6: 0.94826889 | F6: 0.94972752 | G6: 0.95406965 | H6: 0.95848083 | I6: 0.98014901 | J6: 0.95489256 | K6: 0.96946898 | L6: 0.974109 | M6: 0.96612859 | N6: 0.98135328 | O6: 0.97558094 | P6: 0.98371003 | Q6: 0.98643391 | R6: 0.98507526 | S6: 0.98164037 | T6: 0.97445309 | U6: 0.97894128 | V6: 0.98396136 | W6: 0.98757162 | X6: 0.99272258 | Y6: 0.99621082 | Z6: 0.99513999 | AA6: 0.99181178 | AB6: 0.99588297 | AC6: 0.98706667 | AD6: 0.9860122 | AE6: 0.98971875 | AF6: 0.99295582 | AG6: 0.98499299 | AH6: 0.97248319 | AI6: 0.9778185 | AJ6: 0.98381819 | AK6: 0.98800314 | AL6: 0.97407349 | AM6: 0.96564185 | AN6: 0.97513027 | AO6: 0.97859299 | AP6: 0.98241893 | AQ6: 0.96423283 | AR6: 0.94485681 | AS6: 0.96129458 | AT6: 0.97155689 | AU6: 0.97532607 | AV6: 0.98028261 | AW6: 0.97940608 | AX6: 0.98049723 | AY6: 0.97142133 | AZ6: 0.97607151 | BA6: 0.98268354 | BB6: 0.9760259 | BC6: 0.97782469 | BD6: 0.98558606 | BE6: 0.98536859 | BF6: 0.98344694
B7: 10120 | C7: 0.98745675 | D7: 0.97809604 | E7: 0.98246192 | F7: 0.97816553 | G7: 0.97737932 | H7: 0.98353238 | I7: 1.0002884 | J7: 0.98626122 | K7: 0.99442021 | L7: 0.99287519 | M7: 0.9881228 | N7: 0.99279963 | O7: 0.98037681 | P7: 0.98708884 | Q7: 0.98552248 | R7: 0.98625758 | S7: 0.97190029 | T7: 0.95523714 | U7: 0.96561469 | V7: 0.97198999 | W7: 0.9587809 | X7: 0.96760909 | Y7: 0.96835286 | Z7: 0.96296252 | AA7: 0.94314469 | AB7: 0.94544131 | AC7: 0.93204243 | AD7: 0.92369764 | AE7: 0.91317215 | AF7: 0.89659003 | AG7: 0.87113703 | AH7: 0.85756826 | AI7: 0.85028382 | AJ7: 0.84701061 | AK7: 0.86253042 | AL7: 0.85732526 | AM7: 0.8396905 | AN7: 0.83835349 | AO7: 0.84083479 | AP7: 0.81616707 | AQ7: 0.78952075 | AR7: 0.80291996 | AS7: 0.8349951 | AT7: 0.81825431 | AU7: 0.79726748 | AV7: 0.79262514 | AW7: 0.79126776 | AX7: 0.78109119 | AY7: 0.76755377 | AZ7: 0.78112326 | BA7: 0.78981126 | BB7: 0.77620746 | BC7: 0.79441928 | BD7: 0.79473904 | BE7: 0.76238981 | BF7: 0.75934905
B8: Privat | C8: 0.87575462 | D8: 0.88338943 | E8: 0.88943052 | F8: 0.88293143 | G8: 0.88124036 | H8: 0.89347561 | I8: 0.9208681 | J8: 0.88317022 | K8: 0.9003066 | L8: 0.90105848 | M8: 0.89628289 | N8: 0.90681178 | O8: 0.88990967 | P8: 0.89588483 | Q8: 0.89794332 | R8: 0.89513504 | S8: 0.89019227 | T8: 0.87399058 | U8: 0.87620883 | V8: 0.88404901 | W8: 0.87493943 | X8: 0.88246248 | Y8: 0.88834552 | Z8: 0.87266709 | AA8: 0.85278022 | AB8: 0.86969248 | AC8: 0.85434213 | AD8: 0.84494148 | AE8: 0.83827276 | AF8: 0.83647892 | AG8: 0.82385136 | AH8: 0.79867642 | AI8: 0.7997991 | AJ8: 0.79723998 | AK8: 0.80629884 | AL8: 0.77963231 | AM8: 0.75838319 | AN8: 0.76240344 | AO8: 0.74754583 | AP8: 0.73143401 | AQ8: 0.71377469 | AR8: 0.706015 | AS8: 0.72685558 | AT8: 0.72896904 | AU8: 0.73675301 | AV8: 0.74001563 | AW8: 0.74205686 | AX8: 0.73518205 | AY8: 0.70622295 | AZ8: 0.70780147 | BA8: 0.72923679 | BB8: 0.71032752 | BC8: 0.71778603 | BD8: 0.72809588 | BE8: 0.70966211 | BF8: 0.71082733
B9: REST | C9: 0.74708115 | D9: 0.72819791 | E9: 0.73736634 | F9: 0.73221998 | G9: 0.71675921 | H9: 0.73350658 | I9: 0.75930596 | J9: 0.7255865 | K9: 0.72013802 | L9: 0.72966665 | M9: 0.73325113 | N9: 0.72465887 | O9: 0.69810173 | P9: 0.69647049 | Q9: 0.70176588 | R9: 0.69087373 | S9: 0.71377121 | T9: 0.70200426 | U9: 0.6960597 | V9: 0.71010563 | W9: 0.71059636 | X9: 0.71269218 | Y9: 0.72441769 | Z9: 0.721287 | AA9: 0.71240769 | AB9: 0.74790681 | AC9: 0.74420823 | AD9: 0.7503188 | AE9: 0.74890733 | AF9: 0.75417508 | AG9: 0.75351933 | AH9: 0.74845324 | AI9: 0.74752851 | AJ9: 0.72407643 | AK9: 0.72341619 | AL9: 0.71043802 | AM9: 0.70834425 | AN9: 0.69511305 | AO9: 0.70155897 | AP9: 0.68614669 | AQ9: 0.68823485 | AR9: 0.6677443 | AS9: 0.69113556 | AT9: 0.66868786 | AU9: 0.68403682 | AV9: 0.67555351 | AW9: 0.68431936 | AX9: 0.69218144 | AY9: 0.69176579 | AZ9: 0.66991182 | BA9: 0.67519783 | BB9: 0.67566293 | BC9: 0.65470012 | BD9: 0.66415827 | BE9: 0.65905206 | BF9: 0.6368367
A10: Privat | B10: 01000 | C10: 0.93428073 | D10: 0.95880121 | E10: 0.96765594 | F10: 0.96890553 | G10: 0.96987796 | H10: 0.98485546 | I10: 1.0009741 | J10: 0.97179342 | K10: 0.99330043 | L10: 0.98932036 | M10: 0.97599749 | N10: 1.0000341 | O10: 0.99766863 | P10: 1.003605 | Q10: 1.0066446 | R10: 1.0079432 | S10: 1.0038667 | T10: 0.99777919 | U10: 1.0032012 | V10: 1.0093348 | W10: 1.0178402 | X10: 1.0176754 | Y10: 1.0236024 | Z10: 1.0296208 | AA10: 1.0250613 | AB10: 1.0116529 | AC10: 1.0055607 | AD10: 0.99838232 | AE10: 1.0007771 | AF10: 1.0049911 | AG10: 1.0006687 | AH10: 0.98869794 | AI10: 0.99535956 | AJ10: 1.0005501 | AK10: 1.0041565 | AL10: 0.99105891 | AM10: 0.98459471 | AN10: 0.9966844 | AO10: 0.99233272 | AP10: 0.99778179 | AQ10: 0.97882662 | AR10: 0.95690011 | AS10: 0.97956592 | AT10: 0.99003713 | AU10: 0.99306465 | AV10: 1.0002246 | AW10: 1.0001257 | AX10: 1.0021196 | AY10: 0.98860056 | AZ10: 0.99199172 | BA10: 1.0013422 | BB10: 0.99034651 | BC10: 0.99796667 | BD10: 1.0082318 | BE10: 1.0028212 | BF10: 1.0034982
B11: 10120 | C11: 0.94472716 | D11: 0.93801942 | E11: 0.94614954 | F11: 0.94578703 | G11: 0.94479833 | H11: 0.95086214 | I11: 0.94101267 | J11: 0.94815095 | K11: 0.97375707 | L11: 0.96013187 | M11: 0.94806061 | N11: 0.97433164 | O11: 0.95522423 | P11: 0.95169413 | Q11: 0.93089123 | R11: 0.93339706 | S11: 0.91559175 | T11: 0.90555139 | U11: 0.94904039 | V11: 0.96734196 | W11: 0.96352361 | X11: 0.95824396 | Y11: 0.95171619 | Z11: 0.97042819 | AA11: 0.94800107 | AB11: 0.94954316 | AC11: 0.9264898 | AD11: 0.92852495 | AE11: 0.92978038 | AF11: 0.89929085 | AG11: 0.87734938 | AH11: 0.89008223 | AI11: 0.89345987 | AJ11: 0.87602349 | AK11: 0.88957785 | AL11: 0.90883823 | AM11: 0.91399766 | AN11: 0.90747834 | AO11: 0.89649795 | AP11: 0.87183897 | AQ11: 0.85890395 | AR11: 0.87344677 | AS11: 0.89133936 | AT11: 0.86307269 | AU11: 0.85828745 | AV11: 0.83996117 | AW11: 0.85142581 | AX11: 0.84850362 | AY11: 0.83313692 | AZ11: 0.8391441 | BA11: 0.84754821 | BB11: 0.83960444 | BC11: 0.84688167 | BD11: 0.84135562 | BE11: 0.81425383 | BF11: 0.81746533
B12: Privat | C12: 0.7430737 | D12: 0.73853467 | E12: 0.73577059 | F12: 0.73624032 | G12: 0.73681349 | H12: 0.74555089 | I12: 0.75674037 | J12: 0.69648569 | K12: 0.73028997 | L12: 0.7282928 | M12: 0.73826461 | N12: 0.76244081 | O12: 0.73686344 | P12: 0.7074155 | Q12: 0.69812436 | R12: 0.69483362 | S12: 0.70759409 | T12: 0.69775495 | U12: 0.70934511 | V12: 0.75914758 | W12: 0.77492548 | X12: 0.77227161 | Y12: 0.76883295 | Z12: 0.77369349 | AA12: 0.76912365 | AB12: 0.77759169 | AC12: 0.78649005 | AD12: 0.78450862 | AE12: 0.77892199 | AF12: 0.78243122 | AG12: 0.78345208 | AH12: 0.78583596 | AI12: 0.79559595 | AJ12: 0.77376233 | AK12: 0.781112 | AL12: 0.78396564 | AM12: 0.79017879 | AN12: 0.78308798 | AO12: 0.76812174 | AP12: 0.75391625 | AQ12: 0.75508576 | AR12: 0.74341872 | AS12: 0.7750831 | AT12: 0.76603789 | AU12: 0.7502813 | AV12: 0.75044934 | AW12: 0.75057447 | AX12: 0.75895823 | AY12: 0.75564 | AZ12: 0.75761348 | BA12: 0.75669984 | BB12: 0.74068103 | BC12: 0.73455184 | BD12: 0.74502508 | BE12: 0.72504771 | BF12: 0.68783217
B13: REST | C13: 0.70866253 | D13: 0.69686485 | E13: 0.69284374 | F13: 0.69533463 | G13: 0.69944937 | H13: 0.70494857 | I13: 0.70957163 | J13: 0.65194467 | K13: 0.68567587 | L13: 0.68629686 | M13: 0.70161444 | N13: 0.72355849 | O13: 0.69768861 | P13: 0.66149994 | Q13: 0.65353252 | R13: 0.64982916 | S13: 0.6714799 | T13: 0.6646763 | U13: 0.6756461 | V13: 0.73235929 | W13: 0.75233701 | X13: 0.75128781 | Y13: 0.74791722 | Z13: 0.75346129 | AA13: 0.75442946 | AB13: 0.76722034 | AC13: 0.78093379 | AD13: 0.78025108 | AE13: 0.7736267 | AF13: 0.77934051 | AG13: 0.78247922 | AH13: 0.78751237 | AI13: 0.7967251 | AJ13: 0.77322152 | AK13: 0.78066282 | AL13: 0.78555755 | AM13: 0.79309634 | AN13: 0.78487352 | AO13: 0.77151901 | AP13: 0.75744724 | AQ13: 0.76039129 | AR13: 0.74770257 | AS13: 0.78011468 | AT13: 0.7713376 | AU13: 0.75333113 | AV13: 0.75434418 | AW13: 0.75462384 | AX13: 0.7645008 | AY13: 0.76421398 | AZ13: 0.7650711 | BA13: 0.76120219 | BB13: 0.74596193 | BC13: 0.73766503 | BD13: 0.74806856 | BE13: 0.72835688 | BF13: 0.68693215
A14: REST | B14: 01000 | C14: 0.49882891 | D14: 0.56317612 | E14: 0.577784 | F14: 0.55396668 | G14: 0.52139518 | H14: 0.60990025 | I14: 0.63612386 | J14: 0.52558798 | K14: 0.65840767 | L14: 0.62814283 | M14: 0.46019635 | N14: 0.53448468 | O14: 0.56426407 | P14: 0.60790708 | Q14: 0.64641152 | R14: 0.59337251 | S14: 0.65506998 | T14: 0.57332687 | U14: 0.53245218 | V14: 0.60424011 | W14: 0.72105372 | X14: 0.69310018 | Y14: 0.67065754 | Z14: 0.86367025 | AA14: 0.82530153 | AB14: 0.91477743 | AC14: 0.83277548 | AD14: 0.63651999 | AE14: 0.66546532 | AF14: 0.64809871 | AG14: 0.64355146 | AH14: 0.71046216 | AI14: 0.78064191 | AJ14: 0.77805861 | AK14: 0.76883761 | AL14: 0.86963449 | AM14: 0.86561127 | AN14: 0.88417962 | AO14: 0.85645706 | AP14: 0.8459566 | AQ14: 0.82131576 | AR14: 0.82729348 | AS14: 0.8158505 | AT14: 0.79687755 | AU14: 0.84821544 | AV14: 0.89943378 | AW14: 0.83399372 | AX14: 0.86537937 | AY14: 0.81033604 | AZ14: 0.83597539 | BA14: 0.87417721 | BB14: 0.87245127 | BC14: 0.91226466 | BD14: 0.85220808 | BE14: 0.84681201 | BF14: 0.88303235
B15: 10120 | C15: 1.0175418 | D15: 1.0114319 | E15: 1.0130823 | F15: 1.0118877 | G15: 1.0077277 | H15: 1.0075396 | I15: 1.0315512 | J15: 1.0267119 | K15: 1.0419901 | L15: 1.0398197 | M15: 1.0469941 | N15: 1.0440844 | O15: 1.0302023 | P15: 1.0291616 | Q15: 1.0161383 | R15: 1.022759 | S15: 1.0165749 | T15: 1.0087505 | U15: 1.0109643 | V15: 1.0144426 | W15: 1.0069727 | X15: 1.0170799 | Y15: 1.0133599 | Z15: 1.018204 | AA15: 1.0037428 | AB15: 0.9944692 | AC15: 0.97314149 | AD15: 0.97322073 | AE15: 0.96276305 | AF15: 0.95154845 | AG15: 0.94566215 | AH15: 0.93426826 | AI15: 0.93830985 | AJ15: 0.93114605 | AK15: 0.93844916 | AL15: 0.92410945 | AM15: 0.93433988 | AN15: 0.93559807 | AO15: 0.90793663 | AP15: 0.88291065 | AQ15: 0.86843001 | AR15: 0.87476953 | AS15: 0.90917757 | AT15: 0.88759216 | AU15: 0.87908472 | AV15: 0.87767195 | AW15: 0.88031969 | AX15: 0.88554609 | AY15: 0.8562988 | AZ15: 0.84320651 | BA15: 0.84953037 | BB15: 0.85041889 | BC15: 0.84694929 | BD15: 0.84500676 | BE15: 0.83535937 | BF15: 0.83557062
B16: Privat | C16: 0.72457146 | D16: 0.71805881 | E16: 0.71394805 | F16: 0.71575211 | G16: 0.72383828 | H16: 0.72667348 | I16: 0.72493799 | J16: 0.66975522 | K16: 0.70857739 | L16: 0.70435552 | M16: 0.71852849 | N16: 0.7441738 | O16: 0.72323052 | P16: 0.68816159 | Q16: 0.67771372 | R16: 0.67533575 | S16: 0.69710314 | T16: 0.68876452 | U16: 0.70108114 | V16: 0.75843308 | W16: 0.77956515 | X16: 0.77574233 | Y16: 0.77042727 | Z16: 0.77974397 | AA16: 0.77923533 | AB16: 0.78895793 | AC16: 0.8021909 | AD16: 0.80009452 | AE16: 0.79332188 | AF16: 0.79965712 | AG16: 0.80260375 | AH16: 0.80919187 | AI16: 0.81992384 | AJ16: 0.79694956 | AK16: 0.80485577 | AL16: 0.8101422 | AM16: 0.81904686 | AN16: 0.81188859 | AO16: 0.79445874 | AP16: 0.77953247 | AQ16: 0.78133612 | AR16: 0.77023338 | AS16: 0.80320649 | AT16: 0.79272708 | AU16: 0.77430071 | AV16: 0.7745452 | AW16: 0.77474777 | AX16: 0.78358523 | AY16: 0.78101414 | AZ16: 0.78279025 | BA16: 0.77922345 | BB16: 0.76477717 | BC16: 0.75622943 | BD16: 0.76561649 | BE16: 0.74620294 | BF16: 0.7083783
B17: REST | C17: 0.72641973 | D17: 0.71866053 | E17: 0.71532356 | F17: 0.71865391 | G17: 0.72567447 | H17: 0.72831202 | I17: 0.72660645 | J17: 0.67251332 | K17: 0.71061895 | L17: 0.70842777 | M17: 0.72311781 | N17: 0.74762773 | O17: 0.72637517 | P17: 0.69115206 | Q17: 0.68206916 | R17: 0.6791563 | S17: 0.70037963 | T17: 0.69351309 | U17: 0.70532893 | V17: 0.76233183 | W17: 0.7842301 | X17: 0.78059631 | Y17: 0.77658589 | Z17: 0.78395298 | AA17: 0.78600758 | AB17: 0.7974544 | AC17: 0.81200773 | AD17: 0.80994095 | AE17: 0.80310678 | AF17: 0.80943613 | AG17: 0.81206215 | AH17: 0.81872321 | AI17: 0.82872843 | AJ17: 0.80521077 | AK17: 0.81321157 | AL17: 0.81854248 | AM17: 0.82751644 | AN17: 0.82042952 | AO17: 0.80329138 | AP17: 0.78856314 | AQ17: 0.79000244 | AR17: 0.77847947 | AS17: 0.81128955 | AT17: 0.80206737 | AU17: 0.78318967 | AV17: 0.78368952 | AW17: 0.78445607 | AX17: 0.7931894 | AY17: 0.79176676 | AZ17: 0.79357817 | BA17: 0.78950918 | BB17: 0.77508461 | BC17: 0.76639008 | BD17: 0.77614123 | BE17: 0.7558676 | BF17: 0.71735617

Sheet theta_MF
A1: ANVENDELSE | B1: TILGANG2 | C1: 1967 | D1: 1968 | E1: 1969 | F1: 1970 | G1: 1971 | H1: 1972 | I1: 1973 | J1: 1974 | K1: 1975 | L1: 1976 | M1: 1977 | N1: 1978 | O1: 1979 | P1: 1980 | Q1: 1981 | R1: 1982 | S1: 1983 | T1: 1984 | U1: 1985 | V1: 1986 | W1: 1987 | X1: 1988 | Y1: 1989 | Z1: 1990 | AA1: 1991 | AB1: 1992 | AC1: 1993 | AD1: 1994 | AE1: 1995 | AF1: 1996 | AG1: 1997 | AH1: 1998 | AI1: 1999 | AJ1: 2000 | AK1: 2001 | AL1: 2002 | AM1: 2003 | AN1: 2004 | AO1: 2005 | AP1: 2006 | AQ1: 2007 | AR1: 2008 | AS1: 2009 | AT1: 2010 | AU1: 2011 | AV1: 2012 | AW1: 2013 | AX1: 2014 | AY1: 2015 | AZ1: 2016 | BA1: 2017 | BB1: 2018 | BC1: 2019 | BD1: 2020 | BE1: 2021 | BF1: 2022
A2: 01000 | B2: 01000 | C2: 0.95081169 | D2: 0.7512424 | E2: 0.58993119 | F2: 0.6500157 | G2: 0.75870265 | H2: 0.51349294 | I2: 0.56666591 | J2: 0.64150059 | K2: 0.55849134 | L2: 0.58421238 | M2: 0.56952153 | N2: 0.49488065 | O2: 0.46771969 | P2: 0.47342746 | Q2: 0.49402081 | R2: 0.44093763 | S2: 0.49105788 | T2: 0.43655132 | U2: 0.35724914 | V2: 0.36283585 | W2: 0.3066616 | X2: 0.46423383 | Y2: 0.3338073 | Z2: 0.33962388 | AA2: 0.34070402 | AB2: 0.76810378 | AC2: 0.57398599 | AD2: 0.46557139 | AE2: 0.4341035 | AF2: 0.435625 | AG2: 0.42283386 | AH2: 0.46908101 | AI2: 0.45689767 | AJ2: 0.4781395 | AK2: 0.51113858 | AL2: 0.54825867 | AM2: 0.51408173 | AN2: 0.44948392 | AO2: 0.49883511 | AP2: 0.44108415 | AQ2: 0.54465633 | AR2: 0.77132876 | AS2: 0.46533415 | AT2: 0.44949535 | AU2: 0.46885446 | AV2: 0.43547517 | AW2: 0.43943462 | AX2: 0.41525729 | AY2: 0.43061303 | AZ2: 0.45826608 | BA2: 0.46414653 | BB2: 0.48017567 | BC2: 0.41986116 | BD2: 0.33868477 | BE2: 0.34253944 | BF2: 0.42599729
B3: 10120 | C3: 0.9003775 | D3: 0.91549008 | E3: 0.90461116 | F3: 0.90003635 | G3: 0.90244894 | H3: 0.89794496 | I3: 1.0456177 | J3: 0.92276465 | K3: 0.8497384 | L3: 0.91025061 | M3: 0.93594298 | N3: 0.87592512 | O3: 0.89891349 | P3: 0.92488411 | Q3: 0.9947551 | R3: 0.98183787 | S3: 0.97676859 | T3: 0.98966744 | U3: 0.91154922 | V3: 0.87170772 | W3: 0.86993567 | X3: 0.88504357 | Y3: 0.89884297 | Z3: 0.85849659 | AA3: 0.88156879 | AB3: 0.88207235 | AC3: 0.91476477 | AD3: 0.89458549 | AE3: 0.85673563 | AF3: 0.90930755 | AG3: 0.92569742 | AH3: 0.84903172 | AI3: 0.82769038 | AJ3: 0.84324489 | AK3: 0.82071141 | AL3: 0.65595189 | AM3: 0.60183068 | AN3: 0.6383624 | AO3: 0.59681336 | AP3: 0.62637302 | AQ3: 0.62564829 | AR3: 0.60923378 | AS3: 0.64729344 | AT3: 0.71368921 | AU3: 0.67080084 | AV3: 0.74097766 | AW3: 0.70696808 | AX3: 0.70701755 | AY3: 0.70566644 | AZ3: 0.6808805 | BA3: 0.65362429 | BB3: 0.67953558 | BC3: 0.67276646 | BD3: 0.70675037 | BE3: 0.75911489 | BF3: 0.74681919
B4: Privat | C4: 0.2753068 | D4: 0.23182942 | E4: 0.21227725 | F4: 0.21386354 | G4: 0.23391298 | H4: 0.1891147 | I4: 0.22624767 | J4: 0.26805406 | K4: 0.2380645 | L4: 0.2442319 | M4: 0.25675307 | N4: 0.20827185 | O4: 0.22416141 | P4: 0.25244207 | Q4: 0.29791499 | R4: 0.29583521 | S4: 0.29771611 | T4: 0.32224279 | U4: 0.26622785 | V4: 0.21824287 | W4: 0.18771723 | X4: 0.21432932 | Y4: 0.23016173 | Z4: 0.19984708 | AA4: 0.21010685 | AB4: 0.24249488 | AC4: 0.23230623 | AD4: 0.20264929 | AE4: 0.17991974 | AF4: 0.20039602 | AG4: 0.20823828 | AH4: 0.18167637 | AI4: 0.16001648 | AJ4: 0.18579967 | AK4: 0.19601323 | AL4: 0.17826037 | AM4: 0.15824953 | AN4: 0.17895735 | AO4: 0.17645546 | AP4: 0.18047612 | AQ4: 0.18251754 | AR4: 0.23734181 | AS4: 0.20900113 | AT4: 0.23377054 | AU4: 0.24775697 | AV4: 0.26649511 | AW4: 0.26094315 | AX4: 0.24760274 | AY4: 0.23492175 | AZ4: 0.21661158 | BA4: 0.21042439 | BB4: 0.22886635 | BC4: 0.21543206 | BD4: 0.19864787 | BE4: 0.24468891 | BF4: 0.29298345
B5: REST | C5: 0.11180555 | D5: 0.11930277 | E5: 0.11459868 | F5: 0.10360897 | G5: 0.11117645 | H5: 0.090706054 | I5: 0.086332317 | J5: 0.18248387 | K5: 0.18340889 | L5: 0.13817546 | M5: 0.12707053 | N5: 0.11388712 | O5: 0.14084414 | P5: 0.16902894 | Q5: 0.18025093 | R5: 0.19166805 | S5: 0.18637106 | T5: 0.2303807 | U5: 0.22763353 | V5: 0.16503247 | W5: 0.14125066 | X5: 0.12063731 | Y5: 0.13557337 | Z5: 0.13996207 | AA5: 0.14287491 | AB5: 0.11895956 | AC5: 0.12369582 | AD5: 0.10396801 | AE5: 0.11048811 | AF5: 0.10733303 | AG5: 0.1051926 | AH5: 0.10399914 | AI5: 0.11331751 | AJ5: 0.10961024 | AK5: 0.10910351 | AL5: 0.11166076 | AM5: 0.1205257 | AN5: 0.14713426 | AO5: 0.1386748 | AP5: 0.1404108 | AQ5: 0.13716363 | AR5: 0.22832083 | AS5: 0.17642771 | AT5: 0.18120617 | AU5: 0.23733956 | AV5: 0.22473933 | AW5: 0.22611201 | AX5: 0.20255443 | AY5: 0.18034211 | AZ5: 0.16227247 | BA5: 0.17936561 | BB5: 0.1937017 | BC5: 0.18704119 | BD5: 0.1473758 | BE5: 0.21216747 | BF5: 0.31303484
A6: 10120 | B6: 01000 | C6: 0.63120689 | D6: 0.56012591 | E6: 0.52662219 | F6: 0.51994902 | G6: 0.49514943 | H6: 0.46889334 | I6: 0.36058646 | J6: 0.50343561 | K6: 0.4121357 | L6: 0.3874081 | M6: 0.44066892 | N6: 0.36190822 | O6: 0.39316297 | P6: 0.34533779 | Q6: 0.32860577 | R6: 0.33792302 | S6: 0.36371598 | T6: 0.42466256 | U6: 0.38878965 | V6: 0.34968976 | W6: 0.32050961 | X6: 0.27655399 | Y6: 0.24667252 | Z6: 0.25674125 | AA6: 0.2787997 | AB6: 0.25056422 | AC6: 0.31350991 | AD6: 0.32148448 | AE6: 0.30090012 | AF6: 0.28155286 | AG6: 0.32900254 | AH6: 0.40584719 | AI6: 0.3730897 | AJ6: 0.33823204 | AK6: 0.31469756 | AL6: 0.38511524 | AM6: 0.4268585 | AN6: 0.37641206 | AO6: 0.35726334 | AP6: 0.34170371 | AQ6: 0.43588079 | AR6: 0.52729941 | AS6: 0.44133523 | AT6: 0.37963783 | AU6: 0.35594237 | AV6: 0.3243239 | AW6: 0.32980497 | AX6: 0.32325404 | AY6: 0.37970293 | AZ6: 0.34926909 | BA6: 0.31357269 | BB6: 0.35051374 | BC6: 0.34147209 | BD6: 0.29682865 | BE6: 0.30442498 | BF6: 0.31902796
B7: 10120 | C7: 0.44645775 | D7: 0.50073206 | E7: 0.47742262 | F7: 0.49958609 | G7: 0.50433159 | H7: 0.47162878 | I7: 0.39346162 | J7: 0.45752386 | K7: 0.42361281 | L7: 0.43056209 | M7: 0.44928221 | N7: 0.43010311 | O7: 0.4864728 | P7: 0.45502748 | Q7: 0.46244802 | R7: 0.46013897 | S7: 0.51055913 | T7: 0.56267548 | U7: 0.52884962 | V7: 0.50771032 | W7: 0.54883491 | X7: 0.52511235 | Y7: 0.52527962 | Z7: 0.53828916 | AA7: 0.58206411 | AB7: 0.57735975 | AC7: 0.60966459 | AD7: 0.62889749 | AE7: 0.64932765 | AF7: 0.67932471 | AG7: 0.713026 | AH7: 0.73327734 | AI7: 0.74369731 | AJ7: 0.7490244 | AK7: 0.73151951 | AL7: 0.73746357 | AM7: 0.7569792 | AN7: 0.75845269 | AO7: 0.75581301 | AP7: 0.78087227 | AQ7: 0.80673895 | AR7: 0.79381534 | AS7: 0.7609378 | AT7: 0.77785474 | AU7: 0.79904855 | AV7: 0.80381496 | AW7: 0.80546269 | AX7: 0.81509278 | AY7: 0.82742434 | AZ7: 0.81465545 | BA7: 0.80625399 | BB7: 0.81906446 | BC7: 0.80169395 | BD7: 0.80146359 | BE7: 0.83509984 | BF7: 0.83873017
B8: Privat | C8: 0.13064315 | D8: 0.12145778 | E8: 0.11444401 | F8: 0.12207484 | G8: 0.12401194 | H8: 0.11013304 | I8: 0.08465216 | J8: 0.12185779 | K8: 0.10355198 | L8: 0.10318196 | M8: 0.10797777 | N8: 0.097977291 | O8: 0.11447054 | P8: 0.10839856 | Q8: 0.10635777 | R8: 0.10915065 | S8: 0.11401752 | T8: 0.13050461 | U8: 0.12817375 | V8: 0.12021799 | W8: 0.12932706 | X8: 0.12195196 | Y8: 0.11675303 | Z8: 0.131047 | AA8: 0.14969002 | AB8: 0.13364993 | AC8: 0.14899453 | AD8: 0.15865451 | AE8: 0.16542701 | AF8: 0.16756243 | AG8: 0.17938301 | AH8: 0.20462399 | AI8: 0.20351227 | AJ8: 0.20658534 | AK8: 0.19820631 | AL8: 0.22366611 | AM8: 0.2448587 | AN8: 0.24080777 | AO8: 0.25594116 | AP8: 0.27268465 | AQ8: 0.29124449 | AR8: 0.2997753 | AS8: 0.27805591 | AT8: 0.27587066 | AU8: 0.2677988 | AV8: 0.26460571 | AW8: 0.26258913 | AX8: 0.26943454 | AY8: 0.29937803 | AZ8: 0.29769152 | BA8: 0.27529321 | BB8: 0.29475704 | BC8: 0.28722048 | BD8: 0.27681637 | BE8: 0.2964154 | BF8: 0.29520264
B9: REST | C9: 0.23651389 | D9: 0.26910065 | E9: 0.25415875 | F9: 0.26253862 | G9: 0.28759743 | H9: 0.26042276 | I9: 0.22591405 | J9: 0.27308515 | K9: 0.28195136 | L9: 0.26790863 | M9: 0.26342153 | N9: 0.27543993 | O9: 0.31361913 | P9: 0.31606671 | Q9: 0.30865207 | R9: 0.32411449 | S9: 0.29172048 | T9: 0.3079873 | U9: 0.31645132 | V9: 0.29733187 | W9: 0.29672874 | X9: 0.29397509 | Y9: 0.27910339 | Z9: 0.28305458 | AA9: 0.2941492 | AB9: 0.25022887 | AC9: 0.25470389 | AD9: 0.2475867 | AE9: 0.24926272 | AF9: 0.24381467 | AG9: 0.24453181 | AH9: 0.25004829 | AI9: 0.2511012 | AJ9: 0.27634136 | AK9: 0.27731039 | AL9: 0.29100611 | AM9: 0.29344428 | AN9: 0.30709604 | AO9: 0.30041793 | AP9: 0.31660411 | AQ9: 0.31446134 | AR9: 0.33596719 | AS9: 0.31218824 | AT9: 0.33467392 | AU9: 0.31904391 | AV9: 0.32775407 | AW9: 0.31920592 | AX9: 0.31131923 | AY9: 0.31173759 | AZ9: 0.33388558 | BA9: 0.32842337 | BB9: 0.32794098 | BC9: 0.34976678 | BD9: 0.3402539 | BE9: 0.34541406 | BF9: 0.36800428
A10: Privat | B10: 01000 | C10: 0.65120778 | D10: 0.55397747 | E10: 0.51330748 | F10: 0.51096674 | G10: 0.50762714 | H10: 0.44687447 | I10: 0.38777524 | J10: 0.50120007 | K10: 0.40828939 | L10: 0.42578624 | M10: 0.481086 | N10: 0.38539234 | O10: 0.395643 | P10: 0.37009817 | Q10: 0.35686769 | R10: 0.35123787 | S10: 0.36946573 | T10: 0.40297013 | U10: 0.37549076 | V10: 0.34685255 | W10: 0.30522948 | X10: 0.30626147 | Y10: 0.27659153 | Z10: 0.24591287 | AA10: 0.26743887 | AB10: 0.32062277 | AC10: 0.35285271 | AD10: 0.38718585 | AE10: 0.37555341 | AF10: 0.35549509 | AG10: 0.37929527 | AH10: 0.43897939 | AI10: 0.40612676 | AJ10: 0.38209874 | AK10: 0.36662891 | AL10: 0.41914999 | AM10: 0.44522965 | AN10: 0.39230557 | AO10: 0.41313266 | AP10: 0.3925777 | AQ10: 0.47685321 | AR10: 0.56536854 | AS10: 0.46586694 | AT10: 0.41662955 | AU10: 0.40231707 | AV10: 0.36806418 | AW10: 0.36871733 | AX10: 0.35979894 | AY10: 0.42351556 | AZ10: 0.40746636 | BA10: 0.36799898 | BB10: 0.41239014 | BC10: 0.38182709 | BD10: 0.33699819 | BE10: 0.36616889 | BF10: 0.36278681
B11: 10120 | C11: 0.65336411 | D11: 0.67990709 | E11: 0.65062931 | F11: 0.65229766 | G11: 0.65623136 | H11: 0.63472978 | I11: 0.66794213 | J11: 0.6437678 | K11: 0.56881416 | L11: 0.60619704 | M11: 0.63877634 | N11: 0.57025362 | O11: 0.62213985 | P11: 0.63183361 | Q11: 0.68629461 | R11: 0.68199516 | S11: 0.72101528 | T11: 0.74255377 | U11: 0.64873093 | V11: 0.60939424 | W11: 0.6176124 | X11: 0.62807172 | Y11: 0.64094866 | Z11: 0.60688615 | AA11: 0.64437547 | AB11: 0.64211135 | AC11: 0.67990172 | AD11: 0.67727273 | AE11: 0.67576457 | AF11: 0.71612436 | AG11: 0.74229821 | AH11: 0.72686081 | AI11: 0.7230478 | AJ11: 0.74246634 | AK11: 0.72834859 | AL11: 0.70741344 | AM11: 0.70168023 | AN11: 0.7092397 | AO11: 0.72157069 | AP11: 0.74821683 | AQ11: 0.76209899 | AR11: 0.74628275 | AS11: 0.72622149 | AT11: 0.75620629 | AU11: 0.7611435 | AV11: 0.77972889 | AW11: 0.76818285 | AX11: 0.77109553 | AY11: 0.78595755 | AZ11: 0.78009359 | BA11: 0.77141223 | BB11: 0.77956082 | BC11: 0.77204731 | BD11: 0.77799699 | BE11: 0.80687835 | BF11: 0.8035537
B12: Privat | C12: 0.29364904 | D12: 0.29986621 | E12: 0.30392006 | F12: 0.30335765 | G12: 0.30264273 | H12: 0.29154735 | I12: 0.27844689 | J12: 0.35508139 | K12: 0.309108 | L12: 0.31190137 | M12: 0.29926333 | N12: 0.26977095 | O12: 0.30094978 | P12: 0.34007413 | Q12: 0.35310619 | R12: 0.3578266 | S12: 0.3397852 | T12: 0.35386989 | U12: 0.33731336 | V12: 0.27008272 | W12: 0.25057394 | X12: 0.25381 | Y12: 0.2579176 | Z12: 0.25222111 | AA12: 0.25756671 | AB12: 0.24788303 | AC12: 0.23782373 | AD12: 0.24010809 | AE12: 0.24633988 | AF12: 0.24247077 | AG12: 0.2413542 | AH12: 0.23884671 | AI12: 0.22848972 | AJ12: 0.25154104 | AK12: 0.24365951 | AL12: 0.24071969 | AM12: 0.23427739 | AN12: 0.24163963 | AO12: 0.25736708 | AP12: 0.27248224 | AQ12: 0.27122776 | AR12: 0.28375308 | AS12: 0.25057259 | AT12: 0.25977167 | AU12: 0.27607907 | AV12: 0.27596298 | AW12: 0.27588273 | AX12: 0.26736079 | AY12: 0.27075647 | AZ12: 0.26881738 | BA12: 0.26972001 | BB12: 0.28557323 | BC12: 0.29172191 | BD12: 0.28146275 | BE12: 0.3012963 | BF12: 0.33995727
B13: REST | C13: 0.34249873 | D13: 0.36050918 | E13: 0.36678498 | F13: 0.36319602 | G13: 0.35742595 | H13: 0.34980258 | I13: 0.34392084 | J13: 0.4252301 | K13: 0.37457461 | L13: 0.37383255 | M13: 0.35247119 | N13: 0.32305587 | O13: 0.35753892 | P13: 0.4100818 | Q13: 0.42237955 | R13: 0.42828905 | S13: 0.39454924 | T13: 0.40526548 | U13: 0.38817679 | V13: 0.30473398 | W13: 0.27802112 | X13: 0.27945921 | Y13: 0.28375868 | Z13: 0.27682475 | AA13: 0.27569637 | AB13: 0.26020777 | AC13: 0.24397765 | AD13: 0.24483377 | AE13: 0.25244967 | AF13: 0.24591216 | AG13: 0.24238139 | AH13: 0.23693352 | AI13: 0.2270062 | AJ13: 0.2523093 | AK13: 0.24412014 | AL13: 0.23895892 | AM13: 0.23101874 | AN13: 0.23968692 | AO13: 0.25394331 | AP13: 0.26909955 | AQ13: 0.26590651 | AR13: 0.27963213 | AS13: 0.24544902 | AT13: 0.25442296 | AU13: 0.27318262 | AV13: 0.27218336 | AW13: 0.27194369 | AX13: 0.26184214 | AY13: 0.26223838 | AZ13: 0.2614157 | BA13: 0.26522754 | BB13: 0.28033763 | BC13: 0.28864867 | BD13: 0.27846002 | BE13: 0.29798714 | BF13: 0.34103688
A14: REST | B14: 01000 | C14: 1.0563642 | D14: 1.0157117 | E14: 1.0062873 | F14: 1.0216052 | G14: 1.0421973 | H14: 0.98182116 | I14: 0.96877886 | J14: 1.0278316 | K14: 0.94480286 | L14: 0.96277505 | M14: 1.0680834 | N14: 1.0134528 | O14: 0.99024109 | P14: 0.95440684 | Q14: 0.92123634 | R14: 0.96896412 | S14: 0.90602288 | T14: 0.98612387 | U14: 1.0255328 | V14: 0.96064251 | W14: 0.86531841 | X14: 0.88729999 | Y14: 0.90445664 | Z14: 0.73238692 | AA14: 0.76397878 | AB14: 0.68484597 | AC14: 0.75262179 | AD14: 0.90365172 | AE14: 0.88020614 | AF14: 0.89795366 | AG14: 0.91519607 | AH14: 0.84227083 | AI14: 0.77329156 | AJ14: 0.77585131 | AK14: 0.784388 | AL14: 0.68844646 | AM14: 0.69224839 | AN14: 0.6744717 | AO14: 0.70213547 | AP14: 0.71370621 | AQ14: 0.73891931 | AR14: 0.7331288 | AS14: 0.74859098 | AT14: 0.77077994 | AU14: 0.71151763 | AV14: 0.65643027 | AW14: 0.72051941 | AX14: 0.68786999 | AY14: 0.74586913 | AZ14: 0.71798788 | BA14: 0.67547744 | BB14: 0.67926944 | BC14: 0.64002557 | BD14: 0.70839725 | BE14: 0.71599303 | BF14: 0.66998438
B15: 10120 | C15: 0.5679106 | D15: 0.59295503 | E15: 0.58695242 | F15: 0.59227646 | G15: 0.60642058 | H15: 0.60740034 | I15: 0.53829839 | J15: 0.5522349 | K15: 0.50633566 | L15: 0.5130502 | M15: 0.49350206 | N15: 0.50124155 | O15: 0.53593238 | P15: 0.53861765 | Q15: 0.56793765 | R15: 0.55307732 | S15: 0.56821704 | T15: 0.58693287 | U15: 0.58200538 | V15: 0.57401124 | W15: 0.59163013 | X15: 0.56824287 | Y15: 0.57775527 | Z15: 0.56767981 | AA15: 0.5971364 | AB15: 0.6136759 | AC15: 0.64643395 | AD15: 0.6463937 | AE15: 0.66211839 | AF15: 0.67791962 | AG15: 0.68555035 | AH15: 0.70011302 | AI15: 0.69488656 | AJ15: 0.70422299 | AK15: 0.6955522 | AL15: 0.71193226 | AM15: 0.7006257 | AN15: 0.69926461 | AO15: 0.72959077 | AP15: 0.75657162 | AQ15: 0.77253456 | AR15: 0.7657652 | AS15: 0.72555685 | AT15: 0.75063995 | AU15: 0.75921527 | AV15: 0.76060724 | AW15: 0.75807189 | AX15: 0.75345515 | AY15: 0.78246282 | AZ15: 0.79484455 | BA15: 0.78883381 | BB15: 0.78797877 | BC15: 0.79140165 | BD15: 0.79330943 | BE15: 0.8025629 | BF15: 0.8026498
B16: Privat | C16: 0.34560623 | D16: 0.35521718 | E16: 0.36130187 | F16: 0.35882233 | G16: 0.34794209 | H16: 0.34417314 | I16: 0.34667342 | J16: 0.42221862 | K16: 0.36612084 | L16: 0.37204957 | M16: 0.35287363 | N16: 0.31950598 | O16: 0.34654741 | P16: 0.39552931 | Q16: 0.41098784 | R16: 0.41467089 | S16: 0.38198298 | T16: 0.39464099 | U16: 0.37610267 | V16: 0.2945291 | W16: 0.26726912 | X16: 0.27213276 | Y16: 0.27865679 | Z16: 0.26732328 | AA16: 0.26799927 | AB16: 0.25664075 | AC16: 0.24150318 | AD16: 0.24388689 | AE16: 0.25147506 | AF16: 0.24438632 | AG16: 0.24114783 | AH16: 0.23414612 | AI16: 0.22285287 | AJ16: 0.24694362 | AK16: 0.23847518 | AL16: 0.23303765 | AM16: 0.22390548 | AN16: 0.23123114 | AO16: 0.24928356 | AP16: 0.2649595 | AQ16: 0.26304418 | AR16: 0.2748555 | AS16: 0.24077619 | AT16: 0.25125305 | AU16: 0.27000463 | AV16: 0.26982293 | AW16: 0.26967003 | AX16: 0.26084421 | AY16: 0.26347286 | AZ16: 0.26177494 | BA16: 0.26520773 | BB16: 0.27918398 | BC16: 0.28751758 | BD16: 0.27854778 | BE16: 0.29730108 | BF16: 0.33562889
B17: REST | C17: 0.34742069 | D17: 0.35940605 | E17: 0.36460517 | F17: 0.35982242 | G17: 0.35007534 | H17: 0.34645659 | I17: 0.3489586 | J17: 0.42589794 | K17: 0.36871976 | L17: 0.37198435 | M17: 0.35151616 | N17: 0.31870657 | O17: 0.34693798 | P17: 0.39769892 | Q17: 0.41159185 | R17: 0.41619986 | S17: 0.38342581 | T17: 0.39419876 | U17: 0.3759524 | V17: 0.29296078 | W17: 0.26410275 | X17: 0.26884286 | Y17: 0.2738537 | Z17: 0.26475369 | AA17: 0.26232393 | AB17: 0.24872818 | AC17: 0.23184942 | AD17: 0.23424258 | AE17: 0.24196211 | AF17: 0.23481511 | AG17: 0.23191244 | AH17: 0.22478867 | AI17: 0.21419786 | AJ17: 0.23903702 | AK17: 0.23038963 | AL17: 0.22486003 | AM17: 0.21558428 | AN17: 0.22289934 | AO17: 0.24080578 | AP17: 0.25640236 | AQ17: 0.25486204 | AR17: 0.2672074 | AS17: 0.23309478 | AT17: 0.24236456 | AU17: 0.26167474 | AV17: 0.26122917 | AW17: 0.26050527 | AX17: 0.25175017 | AY17: 0.25326101 | AZ17: 0.25153302 | BA17: 0.25544961 | BB17: 0.26941873 | BC17: 0.277911 | BD17: 0.26858733 | BE17: 0.28817595 | BF17: 0.3273125

Sheet theta_JKL_J
A1: ANVENDELSE | B1: 1966 | C1: 1967 | D1: 1968 | E1: 1969 | F1: 1970 | G1: 1971 | H1: 1972 | I1: 1973 | J1: 1974 | K1: 1975 | L1: 1976 | M1: 1977 | N1: 1978 | O1: 1979 | P1: 1980 | Q1: 1981 | R1: 1982 | S1: 1983 | T1: 1984 | U1: 1985 | V1: 1986 | W1: 1987 | X1: 1988 | Y1: 1989 | Z1: 1990 | AA1: 1991 | AB1: 1992 | AC1: 1993 | AD1: 1994 | AE1: 1995 | AF1: 1996 | AG1: 1997 | AH1: 1998 | AI1: 1999 | AJ1: 2000 | AK1: 2001 | AL1: 2002 | AM1: 2003 | AN1: 2004 | AO1: 2005 | AP1: 2006 | AQ1: 2007 | AR1: 2008 | AS1: 2009 | AT1: 2010 | AU1: 2011 | AV1: 2012 | AW1: 2013 | AX1: 2014 | AY1: 2015 | AZ1: 2016 | BA1: 2017 | BB1: 2018 | BC1: 2019 | BD1: 2020 | BE1: 2021 | BF1: 2022 | BG1: 2023 | BH1: 2024 | BI1: 2025
A2: 01000 | AD2: 17025.469 | AE2: 16918.123 | AF2: 16442.943 | AG2: 15758.685 | AH2: 15367.335 | AI2: 14923.482 | AJ2: 14992.399 | AK2: 14853.899 | AL2: 14802.882 | AM2: 14289.429 | AN2: 14226.944 | AO2: 13745.892 | AP2: 12742.231 | AQ2: 12509.249 | AR2: 12494.164 | AS2: 11780.644 | AT2: 11624.806 | AU2: 11299.436 | AV2: 10981.203 | AW2: 10841.717 | AX2: 10891.767 | AY2: 10746.468 | AZ2: 10668.815 | BA2: 10558.006 | BB2: 10302.395 | BC2: 9916.0897 | BD2: 9857.8537 | BE2: 10019.949 | BF2: 9827.982

Sheet theta_JKL_KL
A1: ANVENDELSE | B1: 1994 | C1: 1995 | D1: 1996 | E1: 1997 | F1: 1998 | G1: 1999 | H1: 2000 | I1: 2001 | J1: 2002 | K1: 2003 | L1: 2004 | M1: 2005 | N1: 2006 | O1: 2007 | P1: 2008 | Q1: 2009 | R1: 2010 | S1: 2011 | T1: 2012 | U1: 2013 | V1: 2014 | W1: 2015 | X1: 2016 | Y1: 2017 | Z1: 2018 | AA1: 2019 | AB1: 2020 | AC1: 2021 | AD1: 2022
A2: 01000 | B2: 0.76011319 | C2: 0.76037361 | D2: 0.76172753 | E2: 0.76348637 | F2: 0.76436133 | G2: 0.76496918 | H2: 0.76477646 | I2: 0.76535099 | J2: 0.76543819 | K2: 0.76585794 | L2: 0.76571048 | M2: 0.76438314 | N2: 0.75586549 | O2: 0.75495983 | P2: 0.7550001 | Q2: 0.7614126 | R2: 0.76170351 | S2: 0.75953763 | T2: 0.75705243 | U2: 0.7547599 | V2: 0.75559607 | W2: 0.75327755 | X2: 0.75202157 | Y2: 0.74999258 | Z2: 0.74576797 | AA2: 0.73960806 | AB2: 0.73850354 | AC2: 0.74164089 | AD2: 0.73876958
