Workbook

Sheet LPRIS35
A1: Prices at agricultural input by unit, product and time
A2: Units: -
C3: 1982 | D3: 1983 | E3: 1984 | F3: 1985 | G3: 1986 | H3: 1987 | I3: 1988 | J3: 1989 | K3: 1990 | L3: 1991 | M3: 1992 | N3: 1993 | O3: 1994 | P3: 1995 | Q3: 1996 | R3: 1997 | S3: 1998 | T3: 1999 | U3: 2000 | V3: 2001 | W3: 2002 | X3: 2003 | Y3: 2004 | Z3: 2005 | AA3: 2006 | AB3: 2007 | AC3: 2008 | AD3: 2009 | AE3: 2010 | AF3: 2011 | AG3: 2012 | AH3: 2013 | AI3: 2014 | AJ3: 2015 | AK3: 2016 | AL3: 2017 | AM3: 2018 | AN3: 2019 | AO3: 2020 | AP3: 2021 | AQ3: 2022 | AR3: 2023 | AS3: 2024 | AT3: 2025
A4: Current prices | B4: Arable land, buying price (DKK per ha) | C4: =D4*C7/D7 -> 45825.502 | D4: =E4*D7/E7 -> 51810.608 | E4: =F4*E7/F7 -> 57156.987 | F4: =G4*F7/G7 -> 67819.589 | G4: =H4*G7/H7 -> 66007.478 | H4: =I4*H7/I7 -> 65298.184 | I4: =J4*I7/J7 -> 65307.753 | J4: =K4*J7/K7 -> 66502.462 | ... Y4: =Z4*Y7/Z7 -> 132817.65 | Z4: 148000 | AA4: 185000 | AB4: 219990 | AC4: 257325 | AD4: 210010 | AE4: 171596 | AF4: 130209 | AG4: 130729 | AH4: 117152 | AI4: 128287 | AJ4: 139866 | AK4: 130916 | AL4: 128897 | AM4: 132099 | AN4: 131251 | AO4: 130383 | AP4: 135451 | AQ4: 147610 | AR4: 159603 | AS4: 167583 | AT4: 174500
B5: DKK per 100 Euro | K5: =L5 -> 743.5634 | L5: =M5 -> 743.5634 | M5: =N5 -> 743.5634 | N5: =O5 -> 743.5634 | O5: =P5 -> 743.5634 | P5: =Q5 -> 743.5634 | Q5: =R5 -> 743.5634 | R5: =S5 -> 743.5634 | S5: =T5 -> 743.5634 | T5: 743.5634 | U5: 745.3665 | V5: 745.2085 | W5: 743.0439 | X5: 743.0686 | Y5: 743.9837 | Z5: 745.1927 | AA5: 745.91 | AB5: 745.0551 | AC5: 745.5974 | AD5: 744.6251 | AE5: 744.7367 | AF5: 745.0529 | AG5: 744.3751 | AH5: 745.7982 | AI5: 745.4741 | AJ5: 745.8572 | AK5: 744.5238 | AL5: 743.8602 | AM5: 745.3166 | AN5: 746.5978 | AO5: 745.4226 | AP5: 743.7043 | AQ5: 743.9559 | AR5: 745.0981 | AS5: 745.8895
B6: Arable land, buying price (Euro per ha) | K6: =K4*100/K5 -> 8279.5063 | L6: =L4*100/L5 -> 8635.9721 | M6: =M4*100/M5 -> 8432.3072 | N6: =N4*100/N5 -> 8319.2097 | O6: =O4*100/O5 -> 8513.7989 | P6: =P4*100/P5 -> 9660.0248 | Q6: =Q4*100/Q5 -> 9890.6094 | R6: =R4*100/R5 -> 11293.391 | ... AS6: =AS4*100/AS5 -> 22467.537
B7: Handelsværdi pr. ha | C7: 36838.488 | D7: 41649.832 | E7: 45947.712 | F7: 54519.231 | G7: 53062.5 | H7: 52492.308 | I7: 52500 | J7: 53460.411 | K7: 49489.95 | L7: 51620.69 | M7: 50403.302 | N7: 49727.273 | O7: 50890.411 | P7: 57741.866 | Q7: 59120.163 | R7: 67505.155 | S7: 73630.137 | T7: 79969.639 | U7: 85192.793 | V7: 94125.217 | W7: 94898.527 | X7: 96123.418 | Y7: 106770.27 | Z7: 118975.16
B8: Net price index | K8: 61.2 | L8: 62.8 | M8: 64.2 | N8: 65.1 | O8: 66.2 | P8: 67.4 | Q8: 68.8 | R8: 70.3 | S8: 71.3 | T8: 72.8 | U8: 75.1 | V8: 76.9 | W8: 78.8 | X8: 80.6 | Y8: 81.7 | Z8: 83.3 | AA8: 85 | AB8: 86.7 | AC8: 89.9 | AD8: 91.7 | AE8: 93.6 | AF8: 96 | AG8: 97.8 | AH8: 98.6 | AI8: 99.4 | AJ8: 100 | AK8: 100.5 | AL8: 101.7 | AM8: 102.6 | AN8: 103.5 | AO8: 103.9 | AP8: 105.4 | AQ8: 113.5 | AR8: 118 | AS8: 119.2
B10: Kilder:
B11: 1982-2005: Tilbageregnet med ejendomsvurdering pr. ha (brugt i Landbrugsregnskaber i 100 år 1916-2015 ) | J11: https://www.dst.dk/da/Statistik/udgivelser/VisPub?cid=28376
B12: www.statistikbanken.dk/LPRIS37 | C12: (2015-2025)
B13: www.statistikbanken.dk/LPRIS35 | C13: (2005-2015)
D16: =D3 -> 1983 | E16: =E3 -> 1984 | F16: =F3 -> 1985 | G16: =G3 -> 1986 | H16: =H3 -> 1987 | I16: =I3 -> 1988 | J16: =J3 -> 1989 | K16: =K3 -> 1990 | ... AT16: =AT3 -> 2025
C17: Jord | D17: =D4/C4-1 -> 0.13060644 | E17: =E4/D4-1 -> 0.10319083 | F17: =F4/E4-1 -> 0.1865494 | G17: =G4/F4-1 -> -0.026719577 | H17: =H4/G4-1 -> -0.010745674 | I17: =I4/H4-1 -> 0.00014654162 | J17: =J4/I4-1 -> 0.018293534 | K17: =K4/J4-1 -> -0.074269179 | ... AT17: =AT4/AS4-1 -> 0.04127507
C18: Rente | F18: 0.1157 | G18: 0.1007 | H18: 0.1129 | I18: 0.0987 | J18: 0.097 | K18: 0.1063 | L18: 0.0927 | M18: 0.0899 | N18: 0.0728 | O18: 0.0785 | P18: 0.0827 | Q18: 0.0719 | R18: 0.0626 | S18: 0.0503 | T18: 0.0494 | U18: 0.0566 | V18: 0.0509 | W18: 0.0505 | X18: 0.0431 | Y18: 0.043034 | Z18: 0.03397 | AA18: 0.038094 | AB18: 0.042862 | AC18: 0.042935 | AD18: 0.035872 | AE18: 0.029131 | AF18: 0.027145 | AG18: 0.01355 | AH18: 0.017392 | AI18: 0.011892 | AJ18: 0.005092 | AK18: 0.002733 | AL18: 0.002642 | AM18: 0.004225 | AN18: -0.002008 | AO18: -0.003975 | AP18: -0.00175 | AQ18: 0.014425 | AR18: 0.02601 | AS18: 0.02601 | AT18: 0.02601
E20: =E16 -> 1984 | F20: =F16 -> 1985 | G20: =G16 -> 1986 | H20: =H16 -> 1987 | I20: =I16 -> 1988 | J20: =J16 -> 1989 | K20: =K16 -> 1990 | L20: =L16 -> 1991 | ... AT20: =AT16 -> 2025
D21: Jord | E21: 1 | F21: =(1+F17)*E21 -> 1.1865494 | G21: =(1+G17)*F21 -> 1.1548453 | H21: =(1+H17)*G21 -> 1.1424357 | I21: =(1+I17)*H21 -> 1.1426031 | J21: =(1+J17)*I21 -> 1.1635054 | K21: =(1+K17)*J21 -> 1.0770928 | L21: =(1+L17)*K21 -> 1.1234659 | M21: =(1+M17)*L21 -> 1.0969709 | N21: 1 | O21: =(1+O17)*N21 -> 1.0233903 | P21: =(1+P17)*O21 -> 1.161171 | Q21: =(1+Q17)*P21 -> 1.1888881 | R21: =(1+R17)*Q21 -> 1.3575077 | S21: =(1+S17)*R21 -> 1.4806792 | T21: =(1+T17)*S21 -> 1.6081646 | U21: =(1+U17)*T21 -> 1.7132006 | V21: =(1+V17)*U21 -> 1.8928289 | ... AT21: =(1+AT17)*AS21 -> 2.8209498
D22: Rente | E22: 1 | F22: =(1+F18)*E22 -> 1.1157 | G22: =(1+G18)*F22 -> 1.228051 | H22: =(1+H18)*G22 -> 1.3666979 | I22: =(1+I18)*H22 -> 1.501591 | J22: =(1+J18)*I22 -> 1.6472454 | K22: =(1+K18)*J22 -> 1.8223475 | L22: =(1+L18)*K22 -> 1.9912792 | M22: =(1+M18)*L22 -> 2.1702952 | N22: 1 | O22: =(1+O18)*N22 -> 1.0785 | P22: =(1+P18)*O22 -> 1.167692 | Q22: =(1+Q18)*P22 -> 1.251649 | R22: =(1+R18)*Q22 -> 1.3300022 | S22: =(1+S18)*R22 -> 1.3969013 | T22: =(1+T18)*S22 -> 1.4659083 | U22: =(1+U18)*T22 -> 1.5488787 | V22: =(1+V18)*U22 -> 1.6277166 | ... AT22: =(1+AT18)*AS22 -> 2.7376853

Sheet Ark1
C2: 1973 | D2: =C2+1 -> 1974 | E2: =D2+1 -> 1975 | F2: =E2+1 -> 1976 | G2: =F2+1 -> 1977 | H2: =G2+1 -> 1978 | I2: =H2+1 -> 1979 | J2: =I2+1 -> 1980 | K2: =J2+1 -> 1981 | ... BB2: =BA2+1 -> 2024
B3: Nettoudbytte | C3: 911.6 | D3: 354.1 | E3: 436.1 | F3: -44.5 | G3: 664.7 | H3: 139.7 | I3: 18.8 | J3: -129.3 | K3: 1053.6 | L3: 2043.3 | M3: 670.5 | N3: 3171.8 | O3: 2290.9 | P3: 1628.3 | Q3: 435.7 | R3: 1177.3 | S3: 3149.3 | T3: 1755.3 | U3: 2065.7 | V3: 1109.1 | W3: 1398.1 | X3: 1230.4 | Y3: 1424.8 | Z3: 1963.1 | AA3: 2009.4 | AB3: 830.8 | AC3: 863.7 | AD3: 3011.4 | AE3: 3741.2 | AF3: 1475.1 | AG3: 1100.2 | AH3: 1697.7 | AI3: 2396.7 | AJ3: 4054.7 | AK3: 2518.2 | AL3: 2185 | AM3: -327.1 | AN3: 4644.9 | AO3: 5456.5 | AP3: 8237.7 | AQ3: 7082 | AR3: 4867.8 | AS3: 3621.7 | AT3: 3671.5 | AU3: 7361.8 | AV3: 2979.3 | AW3: 8763.1 | AX3: 8538.8 | AY3: 7276.8 | AZ3: 13083.1 | BA3: 9943 | BB3: 10669.1
A6: Pr. ha | C6: 1982 | D6: =C6+1 -> 1983 | E6: =D6+1 -> 1984 | F6: =E6+1 -> 1985 | G6: =F6+1 -> 1986 | H6: =G6+1 -> 1987 | I6: =H6+1 -> 1988 | J6: =I6+1 -> 1989 | K6: =J6+1 -> 1990 | ... AS6: =AR6+1 -> 2024 | AT6: =AS6-N6 -> 31
B7: Nettoudbytte | C7: =L3 -> 2043.3 | D7: =M3 -> 670.5 | E7: =N3 -> 3171.8 | F7: =O3 -> 2290.9 | G7: =P3 -> 1628.3 | H7: =Q3 -> 435.7 | I7: =R3 -> 1177.3 | J7: =S3 -> 3149.3 | ... AS7: =BB3 -> 10669.1 | AT7: =(AS7/C7)^(1/($AS$6-$C$6))-1 -> 0.040136586
B8: Jordpris | C8: =LPRIS35!C4 -> 45825.502 | D8: =LPRIS35!D4 -> 51810.608 | E8: =LPRIS35!E4 -> 57156.987 | F8: =LPRIS35!F4 -> 67819.589 | G8: =LPRIS35!G4 -> 66007.478 | H8: =LPRIS35!H4 -> 65298.184 | I8: =LPRIS35!I4 -> 65307.753 | J8: =LPRIS35!J4 -> 66502.462 | ... AS8: =LPRIS35!AS4 -> 167583 | AT8: =(AS8/C8)^(1/($AS$6-$C$6))-1 -> 0.031353826
C9: =C7/C8 -> 0.04458871 | D9: =D7/D8 -> 0.012941365 | E9: =E7/E8 -> 0.055492778 | F9: =F7/F8 -> 0.033779326 | G9: =G7/G8 -> 0.024668417 | H9: =H7/H8 -> 0.0066724674 | I9: =I7/I8 -> 0.018026956 | J9: =J7/J8 -> 0.047356141 | ... AS9: =AS7/AS8 -> 0.063664572
B11: Rente | F11: =LPRIS35!F18 -> 0.1157 | G11: =LPRIS35!G18 -> 0.1007 | H11: =LPRIS35!H18 -> 0.1129 | I11: =LPRIS35!I18 -> 0.0987 | J11: =LPRIS35!J18 -> 0.097 | K11: =LPRIS35!K18 -> 0.1063 | L11: =LPRIS35!L18 -> 0.0927 | M11: =LPRIS35!M18 -> 0.0899 | ... AS11: =LPRIS35!AS18 -> 0.02601
B12: Vækst i jordpris | F12: =F8/E8-1 -> 0.1865494 | G12: =G8/F8-1 -> -0.026719577 | H12: =H8/G8-1 -> -0.010745674 | I12: =I8/H8-1 -> 0.00014654162 | J12: =J8/I8-1 -> 0.018293534 | K12: =K8/J8-1 -> -0.074269179 | L12: =L8/K8-1 -> 0.043053992 | M12: =M8/L8-1 -> -0.02358333 | ... AS12: =AS8/AR8-1 -> 0.04999906
B13: Diff | F13: =F11-F12 -> -0.070849404 | G13: =G11-G12 -> 0.12741958 | H13: =H11-H12 -> 0.12364567 | I13: =I11-I12 -> 0.098553458 | J13: =J11-J12 -> 0.078706466 | K13: =K11-K12 -> 0.18056918 | L13: =L11-L12 -> 0.049646008 | M13: =M11-M12 -> 0.11348333 | ... AS13: =AS11-AS12 -> -0.02398906
F15: =F6 -> 1985 | G15: =G6 -> 1986 | H15: =H6 -> 1987 | I15: =I6 -> 1988 | J15: =J6 -> 1989 | K15: =K6 -> 1990 | L15: =L6 -> 1991 | M15: =M6 -> 1992 | ... AS15: =AS6 -> 2024
E16: a | F16: =F9 -> 0.033779326 | G16: =G9 -> 0.024668417 | H16: =H9 -> 0.0066724674 | I16: =I9 -> 0.018026956 | J16: =J9 -> 0.047356141 | K16: =K9 -> 0.02851208 | L16: =L9 -> 0.032169033 | M16: =M9 -> 0.017689122 | ... AS16: =AS9 -> 0.063664572
E17: b | F17: =F13 -> -0.070849404 | G17: =G13 -> 0.12741958 | H17: =H13 -> 0.12364567 | I17: =I13 -> 0.098553458 | J17: =J13 -> 0.078706466 | K17: =K13 -> 0.18056918 | L17: =L13 -> 0.049646008 | M17: =M13 -> 0.11348333 | ... AS17: =AS13 -> -0.02398906
F19: =F15 -> 1985 | G19: =G15 -> 1986 | H19: =H15 -> 1987 | I19: =I15 -> 1988 | J19: =J15 -> 1989 | K19: =K15 -> 1990 | L19: =L15 -> 1991 | M19: =M15 -> 1992 | ... AS19: =AS15 -> 2024
E20: rente | F20: =LPRIS35!F18 -> 0.1157 | G20: =LPRIS35!G18 -> 0.1007 | H20: =LPRIS35!H18 -> 0.1129 | I20: =LPRIS35!I18 -> 0.0987 | J20: =LPRIS35!J18 -> 0.097 | K20: =LPRIS35!K18 -> 0.1063 | L20: =LPRIS35!L18 -> 0.0927 | M20: =LPRIS35!M18 -> 0.0899 | ... AS20: =LPRIS35!AS18 -> 0.02601
E21: Vækst | F21: =F8/E8-1 -> 0.1865494 | G21: =G8/F8-1 -> -0.026719577 | H21: =H8/G8-1 -> -0.010745674 | I21: =I8/H8-1 -> 0.00014654162 | J21: =J8/I8-1 -> 0.018293534 | K21: =K8/J8-1 -> -0.074269179 | L21: =L8/K8-1 -> 0.043053992 | M21: =M8/L8-1 -> -0.02358333 | ... AS21: =AS8/AR8-1 -> 0.04999906
F23: =F19 -> 1985 | G23: =F23+1 -> 1986 | H23: =G23+1 -> 1987 | I23: =H23+1 -> 1988 | J23: =I23+1 -> 1989 | K23: =J23+1 -> 1990 | L23: =K23+1 -> 1991 | M23: =L23+1 -> 1992 | N23: =M23+1 -> 1993 | ... AS23: =AR23+1 -> 2024
E24: Vækst jord | F24: =F21 -> 0.1865494 | G24: =G21 -> -0.026719577 | H24: =H21 -> -0.010745674 | I24: =I21 -> 0.00014654162 | J24: =J21 -> 0.018293534 | K24: =K21 -> -0.074269179 | L24: =L21 -> 0.043053992 | M24: =M21 -> -0.02358333 | ... AS24: =AS21 -> 0.04999906
E25: Vækst DB | F25: =F7/E7-1 -> -0.27772873 | G25: =G7/F7-1 -> -0.28923131 | H25: =H7/G7-1 -> -0.73242032 | I25: =I7/H7-1 -> 1.7020886 | J25: =J7/I7-1 -> 1.6750191 | K25: =K7/J7-1 -> -0.44263805 | L25: =L7/K7-1 -> 0.17683587 | M25: =M7/L7-1 -> -0.46308757 | ... AS25: =AS7/AR7-1 -> 0.07302625
D28: 1983 | E28: =D28+1 -> 1984 | F28: =E28+1 -> 1985 | G28: =F28+1 -> 1986 | H28: =G28+1 -> 1987 | I28: =H28+1 -> 1988 | J28: =I28+1 -> 1989 | K28: =J28+1 -> 1990 | L28: =K28+1 -> 1991 | ... AS28: =AR28+1 -> 2024
C29: Vækst DB | D29: =D7/C7-1 -> -0.67185435 | E29: =E7/D7-1 -> 3.7304996 | F29: =F7/E7-1 -> -0.27772873 | G29: =G7/F7-1 -> -0.28923131 | H29: =H7/G7-1 -> -0.73242032 | I29: =I7/H7-1 -> 1.7020886 | J29: =J7/I7-1 -> 1.6750191 | K29: =K7/J7-1 -> -0.44263805 | ... AS29: =AS7/AR7-1 -> 0.07302625
F31: =F28 -> 1985 | G31: =F31+1 -> 1986 | H31: =G31+1 -> 1987 | I31: =H31+1 -> 1988 | J31: =I31+1 -> 1989 | K31: =J31+1 -> 1990 | L31: =K31+1 -> 1991 | M31: =L31+1 -> 1992 | N31: =M31+1 -> 1993 | ... AS31: =AR31+1 -> 2024
E32: Vækst jord | F32: =F24 -> 0.1865494 | G32: =G24 -> -0.026719577 | H32: =H24 -> -0.010745674 | I32: =I24 -> 0.00014654162 | J32: =J24 -> 0.018293534 | K32: =K24 -> -0.074269179 | L32: =L24 -> 0.043053992 | M32: =M24 -> -0.02358333 | ... AS32: =AS24 -> 0.04999906
E33: Vækst DB | F33: =AVERAGE(E29:G29) -> 1.0545132 | G33: =AVERAGE(F29:H29) -> -0.43312679 | H33: =AVERAGE(G29:I29) -> 0.22681232 | I33: =AVERAGE(H29:J29) -> 0.88156246 | J33: =AVERAGE(I29:K29) -> 0.97815655 | K33: =AVERAGE(J29:L29) -> 0.46973898 | L33: =AVERAGE(K29:M29) -> -0.24296325 | M33: =AVERAGE(L29:N29) -> -0.0085600233 | ... AR33: =AVERAGE(AQ29:AS29) -> 0.21031125
F35: =F31 -> 1985 | G35: =G31 -> 1986 | H35: =H31 -> 1987 | I35: =I31 -> 1988 | J35: =J31 -> 1989 | K35: =K31 -> 1990 | L35: =L31 -> 1991 | M35: =M31 -> 1992 | ... AS35: =AS31 -> 2024
E36: Vækst jord | F36: =F32 -> 0.1865494 | G36: =G32 -> -0.026719577 | H36: =H32 -> -0.010745674 | I36: =I32 -> 0.00014654162 | J36: =J32 -> 0.018293534 | K36: =K32 -> -0.074269179 | L36: =L32 -> 0.043053992 | M36: =M32 -> -0.02358333 | ... AS36: =AS32 -> 0.04999906
E37: Vækst DB | F37: =AVERAGE(E29:F29) -> 1.7263854 | G37: =AVERAGE(F29:G29) -> -0.28348002 | H37: =AVERAGE(G29:H29) -> -0.51082581 | I37: =AVERAGE(H29:I29) -> 0.48483414 | J37: =AVERAGE(I29:J29) -> 1.6885539 | K37: =AVERAGE(J29:K29) -> 0.61619053 | L37: =AVERAGE(K29:L29) -> -0.13290109 | M37: =AVERAGE(L29:M29) -> -0.14312585 | ... AS37: =AVERAGE(AR29:AS29) -> -0.083492837

Sheet DiagramInfo
A1: LPRIS35 Diagram 1 | B1: Kurver | C1: dstpal | D1: 13 * 7 | E1: Ingen | F1: Kolonner | G1: Vandret | T1: 6892816 | U1: 8406838 | V1: 10119001 | W1: 12095108 | X1: 14006447 | Y1: 7449206 | Z1: 10333358 | AA1: 0 | AB1: 0 | AC1: 0 | AD1: 0 | AE1: 0 | AF1: 0 | AG1: 0 | AH1: 0 | AI1: 0 | AJ1: 0 | AK1: 0 | AL1: 0 | AM1: 0 | AN1: 0 | AO1: 0 | AP1: 0 | AQ1: 0 | AR1: 0 | AS1: 0 | AT1: 0 | AU1: 0 | AV1: 0 | AW1: 0
A2: LPRIS35 Diagram 2 | B2: Kurver | C2: nytpal | D2: 13 * 7 | E2: Ingen | F2: Rækker | G2: Vandret | T2: 13930752 | U2: 3900928 | V2: 6057327 | W2: 12095108 | X2: 14006447 | Y2: 7449206 | Z2: 10333358 | AA2: 0 | AB2: 0 | AC2: 0 | AD2: 0 | AE2: 0 | AF2: 0 | AG2: 0 | AH2: 0 | AI2: 0 | AJ2: 0 | AK2: 0 | AL2: 0 | AM2: 0 | AN2: 0 | AO2: 0 | AP2: 0 | AQ2: 0 | AR2: 0 | AS2: 0 | AT2: 0 | AU2: 0 | AV2: 0 | AW2: 0
A3: LPRIS35 Diagram 3 | B3: Kurver | C3: forløb | D3: 13 * 7 | E3: Ingen | F3: Rækker | G3: Vandret | T3: 13930752 | U3: 8406838 | V3: 10119001 | W3: 12095108 | X3: 14006447 | Y3: 7449206 | Z3: 10333358 | AA3: 0 | AB3: 0 | AC3: 0 | AD3: 0 | AE3: 0 | AF3: 0 | AG3: 0 | AH3: 0 | AI3: 0 | AJ3: 0 | AK3: 0 | AL3: 0 | AM3: 0 | AN3: 0 | AO3: 0 | AP3: 0 | AQ3: 0 | AR3: 0 | AS3: 0 | AT3: 0 | AU3: 0 | AV3: 0 | AW3: 0
