Workbook

Sheet JORD100
A1: Regnskabsstatistik i 100 år efter enhed, bedriftstype, regnskabsposter og tid
A2: Enhed: -
D3: 1973 | E3: 1974 | F3: 1975 | G3: 1976 | H3: 1977 | I3: 1978 | J3: 1979 | K3: 1980 | L3: 1981 | M3: 1982 | N3: 1983 | O3: 1984 | P3: 1985 | Q3: 1986 | R3: 1987 | S3: 1988 | T3: 1989 | U3: 1990 | V3: 1991 | W3: 1992 | X3: 1993 | Y3: 1994 | Z3: 1995 | AA3: 1996 | AB3: 1997 | AC3: 1998 | AD3: 1999 | AE3: 2000 | AF3: 2001 | AG3: 2002 | AH3: 2003 | AI3: 2004 | AJ3: 2005 | AK3: 2006 | AL3: 2007 | AM3: 2008 | AN3: 2009 | AO3: 2010 | AP3: 2011 | AQ3: 2012 | AR3: 2013 | AS3: 2014 | AT3: 2015 | AU3: 2016 | AV3: 2017 | AW3: 2018 | AX3: 2019 | AY3: 2020 | AZ3: 2021 | BA3: 2022 | BB3: 2023 | BC3: 2024
A4: Pr. ha (kr.) | B4: Heltidslandbrug (1973- ) | C4: Areal, ha | D4: .. | E4: .. | F4: .. | G4: .. | H4: .. | I4: .. | J4: .. | K4: .. | L4: .. | M4: .. | N4: .. | O4: .. | P4: .. | Q4: .. | R4: .. | S4: .. | T4: .. | U4: .. | V4: .. | W4: .. | X4: .. | Y4: .. | Z4: .. | AA4: .. | AB4: .. | AC4: .. | AD4: .. | AE4: .. | AF4: .. | AG4: .. | AH4: .. | AI4: .. | AJ4: .. | AK4: .. | AL4: .. | AM4: .. | AN4: .. | AO4: .. | AP4: .. | AQ4: .. | AR4: .. | AS4: .. | AT4: .. | AU4: .. | AV4: .. | AW4: .. | AX4: .. | AY4: .. | AZ4: .. | BA4: .. | BB4: .. | BC4: ..
C5: Landbrugsaktiver, primo | D5: 19244.9 | E5: 22721.3 | F5: 26355.1 | G5: 31747.8 | H5: 33804.7 | I5: 39106.2 | J5: 44740 | K5: 44767.8 | L5: 37609.7 | M5: 37161.1 | N5: 37733.2 | O5: 42548.5 | P5: 47063.7 | Q5: 54852.2 | R5: 53488 | S5: 52549.1 | T5: 53097 | U5: 50310.3 | V5: 52839.1 | W5: 51618.2 | X5: 51386.9 | Y5: 52150.5 | Z5: 59194.2 | AA5: 61024.6 | AB5: 70298 | AC5: 77112.4 | AD5: 84019.3 | AE5: 87534.2 | AF5: 97915.9 | AG5: 97301.1 | AH5: 98684 | AI5: 108004.5 | AJ5: 122356.2 | AK5: 165768.6 | AL5: 166081.5 | AM5: 159882.3 | AN5: 255674.9 | AO5: 236186.6 | AP5: 234316.6 | AQ5: 229127.7 | AR5: 227961.5 | AS5: 227037.5 | AT5: 229470.6 | AU5: 227752.7 | AV5: 225006.3 | AW5: 225273.9 | AX5: 221627.6 | AY5: 223458.3 | AZ5: 219178.9 | BA5: 219135.9 | BB5: 224217.6 | BC5: 233553
C6: Bruttoudbytte | D6: 6860.5 | E6: 7206.6 | F6: 8146.4 | G6: 8673.6 | H6: 10285.7 | I6: 11388.3 | J6: 12487.9 | K6: 13862.8 | L6: 16586.7 | M6: 19024 | N6: 19793.5 | O6: 21634.4 | P6: 20813.2 | Q6: 19798.8 | R6: 18562.3 | S6: 20229.3 | T6: 22638.1 | U6: 21088.7 | V6: 21550.2 | W6: 20965.3 | X6: 21031.9 | Y6: 21222.6 | Z6: 21502.2 | AA6: 21926.1 | AB6: 23233.6 | AC6: 21211.9 | AD6: 20844.4 | AE6: 23265.4 | AF6: 25894.9 | AG6: 23191.3 | AH6: 22881.5 | AI6: 23832.1 | AJ6: 25731.8 | AK6: 29018.2 | AL6: 29618.2 | AM6: 31567.4 | AN6: 27007.1 | AO6: 32692.2 | AP6: 38133.5 | AQ6: 42767.4 | AR6: 42847.7 | AS6: 39103.6 | AT6: 39033.6 | AU6: 37919.9 | AV6: 41522.4 | AW6: 37602.6 | AX6: 43990.1 | AY6: 44234.4 | AZ6: 43053.8 | BA6: 53971 | BB6: 51034.2 | BC6: 52604.5
C7: Driftsomkostninger | D7: 5949 | E7: 6852.5 | F7: 7710.3 | G7: 8718.1 | H7: 9621 | I7: 11248.6 | J7: 12469.2 | K7: 13992.1 | L7: 15533.2 | M7: 16980.8 | N7: 19123 | O7: 18462.6 | P7: 18522.3 | Q7: 18170.4 | R7: 18126.5 | S7: 19052 | T7: 19488.8 | U7: 19333.3 | V7: 19484.4 | W7: 19856.2 | X7: 19633.8 | Y7: 19992.2 | Z7: 20077.4 | AA7: 19963.1 | AB7: 21224.2 | AC7: 20381.1 | AD7: 19980.7 | AE7: 20254 | AF7: 22153.8 | AG7: 21716.2 | AH7: 21781.3 | AI7: 22134.5 | AJ7: 23335.1 | AK7: 24963.6 | AL7: 27100.1 | AM7: 29382.3 | AN7: 27334.2 | AO7: 28047.3 | AP7: 32677.1 | AQ7: 34529.7 | AR7: 35765.8 | AS7: 34235.9 | AT7: 35411.9 | AU7: 34248.4 | AV7: 34160.6 | AW7: 34623.3 | AX7: 35227 | AY7: 35695.6 | AZ7: 35777 | BA7: 40887.9 | BB7: 41091.1 | BC7: 41935.4
C8: Lejet arbejdskraft | D8: 316.3 | E8: 367.2 | F8: 429.9 | G8: 454 | H8: 460.6 | I8: 636.9 | J8: 624.7 | K8: 662.3 | L8: 673.5 | M8: 769.2 | N8: 830.6 | O8: 883.3 | P8: 1025.5 | Q8: 1045.2 | R8: 1054.2 | S8: 1075.1 | T8: 1125 | U8: 1198.6 | V8: 1221.5 | W8: 1259.5 | X8: 1215 | Y8: 1233.5 | Z8: 1268.6 | AA8: 1280.4 | AB8: 1406.7 | AC8: 1410.9 | AD8: 1434.3 | AE8: 1449.9 | AF8: 1552 | AG8: 1594.1 | AH8: 1701.4 | AI8: 1698.6 | AJ8: 1860.2 | AK8: 1902.5 | AL8: 2040 | AM8: 2106.8 | AN8: 2263.6 | AO8: 2392.4 | AP8: 2546.1 | AQ8: 2663.7 | AR8: 2895.4 | AS8: 2979.8 | AT8: 3343.5 | AU8: 3339.7 | AV8: 3444.2 | AW8: 3554 | AX8: 3659.3 | AY8: 3862.2 | AZ8: 3908.4 | BA8: 4096 | BB8: 4251.8 | BC8: 4857.7
C9: Ejeraflønning | D9: 1636.1 | E9: 2029.5 | F9: 2186.9 | G9: 2338.3 | H9: 2711.4 | I9: 3220.7 | J9: 3496 | K9: 3577.8 | L9: 3846.9 | M9: 3903.9 | N9: 4051 | O9: 3942.7 | P9: 3838.6 | Q9: 3940.5 | R9: 4166.7 | S9: 4375.7 | T9: 4307.8 | U9: 4262.4 | V9: 4321.8 | W9: 4337.2 | X9: 4277.1 | Y9: 4960.8 | Z9: 5014.6 | AA9: 4852.3 | AB9: 4888.6 | AC9: 3674.4 | AD9: 3655 | AE9: 3628.7 | AF9: 3729 | AG9: 3433.4 | AH9: 3396.9 | AI9: 3253.6 | AJ9: 3167.1 | AK9: 3099.8 | AL9: 2946.6 | AM9: 2756.5 | AN9: 2750 | AO9: 2638.1 | AP9: 2684.7 | AQ9: 2725.7 | AR9: 2639.1 | AS9: 2650.4 | AT9: 2669.7 | AU9: 2514.4 | AV9: 2462.5 | AW9: 2414.5 | AX9: 2410.5 | AY9: 2313.9 | AZ9: 2083.6 | BA9: 1978.6 | BB9: 1867 | BC9: 1874.7
C10: Nettoudbytte | D10: 911.6 | E10: 354.1 | F10: 436.1 | G10: -44.5 | H10: 664.7 | I10: 139.7 | J10: 18.8 | K10: -129.3 | L10: 1053.6 | M10: 2043.3 | N10: 670.5 | O10: 3171.8 | P10: 2290.9 | Q10: 1628.3 | R10: 435.7 | S10: 1177.3 | T10: 3149.3 | U10: 1755.3 | V10: 2065.7 | W10: 1109.1 | X10: 1398.1 | Y10: 1230.4 | Z10: 1424.8 | AA10: 1963.1 | AB10: 2009.4 | AC10: 830.8 | AD10: 863.7 | AE10: 3011.4 | AF10: 3741.2 | AG10: 1475.1 | AH10: 1100.2 | AI10: 1697.7 | AJ10: 2396.7 | AK10: 4054.7 | AL10: 2518.2 | AM10: 2185 | AN10: -327.1 | AO10: 4644.9 | AP10: 5456.5 | AQ10: 8237.7 | AR10: 7082 | AS10: 4867.8 | AT10: 3621.7 | AU10: 3671.5 | AV10: 7361.8 | AW10: 2979.3 | AX10: 8763.1 | AY10: 8538.8 | AZ10: 7276.8 | BA10: 13083.1 | BB10: 9943 | BC10: 10669.1
C11: Afkastningsgrad, pct. | D11: 4.7 | E11: 1.6 | F11: 1.7 | G11: -0.1 | H11: 2 | I11: 0.4 | J11: 0 | K11: -0.3 | L11: 2.8 | M11: 5.5 | N11: 1.8 | O11: 7.5 | P11: 4.9 | Q11: 3 | R11: 0.8 | S11: 2.2 | T11: 5.9 | U11: 3.5 | V11: 3.9 | W11: 2.2 | X11: 2.7 | Y11: 2.4 | Z11: 2.4 | AA11: 3.2 | AB11: 2.9 | AC11: 1.1 | AD11: 1 | AE11: 3.4 | AF11: 3.8 | AG11: 1.5 | AH11: 1.1 | AI11: 1.6 | AJ11: 2 | AK11: 2.5 | AL11: 1.5 | AM11: 1.4 | AN11: -0.1 | AO11: 2 | AP11: 2.3 | AQ11: 3.6 | AR11: 3.1 | AS11: 2.1 | AT11: 1.6 | AU11: 1.6 | AV11: 3.3 | AW11: 1.3 | AX11: 4 | AY11: 3.8 | AZ11: 3.3 | BA11: 6 | BB11: 4.4 | BC11: 4.6
B12: Deltidslandbrug (1973- ) | C12: Areal, ha | D12: .. | E12: .. | F12: .. | G12: .. | H12: .. | I12: .. | J12: .. | K12: .. | L12: .. | M12: .. | N12: .. | O12: .. | P12: .. | Q12: .. | R12: .. | S12: .. | T12: .. | U12: .. | V12: .. | W12: .. | X12: .. | Y12: .. | Z12: .. | AA12: .. | AB12: .. | AC12: .. | AD12: .. | AE12: .. | AF12: .. | AG12: .. | AH12: .. | AI12: .. | AJ12: .. | AK12: .. | AL12: .. | AM12: .. | AN12: .. | AO12: .. | AP12: .. | AQ12: .. | AR12: .. | AS12: .. | AT12: .. | AU12: .. | AV12: .. | AW12: .. | AX12: .. | AY12: .. | AZ12: .. | BA12: .. | BB12: .. | BC12: ..
C13: Landbrugsaktiver, primo | D13: 20477.6 | E13: 22029.2 | F13: 25292.9 | G13: 30036 | H13: 30401.4 | I13: 34234.5 | J13: 40074.8 | K13: 38410.6 | L13: 31490.5 | M13: 31961.3 | N13: 31327 | O13: 36740.7 | P13: 41668.7 | Q13: 49927.3 | R13: 49806.1 | S13: 50912.8 | T13: 51241.2 | U13: 46976.6 | V13: 47711.6 | W13: 45892 | X13: 43731.8 | Y13: 47028.6 | Z13: 51680.4 | AA13: 52936.9 | AB13: 58211.7 | AC13: 61654 | AD13: 67265.3 | AE13: 75552.9 | AF13: 82817.5 | AG13: 86784.6 | AH13: 86078.4 | AI13: 102805.2 | AJ13: 109849.5 | AK13: 151797.9 | AL13: 159729.5 | AM13: 157730.6 | AN13: 241503.4 | AO13: 217550.8 | AP13: 202251.4 | AQ13: 197412.6 | AR13: 197324.9 | AS13: 203542.6 | AT13: 221806.7 | AU13: 225838.9 | AV13: 214838.8 | AW13: 223548.7 | AX13: 215446.6 | AY13: 204917.7 | AZ13: 219286 | BA13: 229315.3 | BB13: 220817.9 | BC13: 207961.5
C14: Bruttoudbytte | D14: 4365.7 | E14: 4496.4 | F14: 4678.6 | G14: 4863.3 | H14: 5577.5 | I14: 5944.8 | J14: 6809.5 | K14: 6728.5 | L14: 7636.9 | M14: 9303.2 | N14: 8717 | O14: 11043.2 | P14: 10445.8 | Q14: 10206.1 | R14: 9181.8 | S14: 10075.6 | T14: 10952.9 | U14: 10514 | V14: 10567.4 | W14: 8798.1 | X14: 9240.9 | Y14: 9914.3 | Z14: 9707.8 | AA14: 9779.3 | AB14: 9815.3 | AC14: 9211 | AD14: 8853.1 | AE14: 9601.6 | AF14: 9908.7 | AG14: 9096.2 | AH14: 9634.3 | AI14: 9917.6 | AJ14: 10197.1 | AK14: 11271.8 | AL14: 12743.8 | AM14: 12646.5 | AN14: 11010.3 | AO14: 12981.5 | AP14: 13265.7 | AQ14: 15292.3 | AR14: 14299.7 | AS14: 13460.2 | AT14: 13958.8 | AU14: 13900 | AV14: 13786.9 | AW14: 14081.1 | AX14: 13983 | AY14: 14379.1 | AZ14: 16780 | BA14: 20102.8 | BB14: 16068.7 | BC14: 15276.9
C15: Driftsomkostninger | D15: 4276.1 | E15: 4635 | F15: 5207.1 | G15: 5748.2 | H15: 6077.5 | I15: 7462.1 | J15: 8598.6 | K15: 8933.8 | L15: 9573.3 | M15: 11019.4 | N15: 11654.1 | O15: 12271.6 | P15: 12722.9 | Q15: 12763.6 | R15: 12697 | S15: 13779.1 | T15: 14258.8 | U15: 12771 | V15: 12907 | W15: 12248.8 | X15: 12022.7 | Y15: 12695.2 | Z15: 12488.6 | AA15: 12729.7 | AB15: 12946 | AC15: 11810.1 | AD15: 11408.2 | AE15: 12561 | AF15: 12984.1 | AG15: 13011.5 | AH15: 13018.7 | AI15: 13546.8 | AJ15: 13828 | AK15: 14331 | AL15: 15729.5 | AM15: 15670 | AN15: 17239.7 | AO15: 16227.7 | AP15: 15860 | AQ15: 16088.8 | AR15: 16571.4 | AS15: 16423.3 | AT15: 15835.1 | AU15: 17158.3 | AV15: 16743.2 | AW15: 17305.4 | AX15: 16259.7 | AY15: 14385.9 | AZ15: 15030.5 | BA15: 16179.4 | BB15: 16914.1 | BC15: 15595.4
C16: Lejet arbejdskraft | D16: 22.4 | E16: 36.5 | F16: 35.7 | G16: 43.2 | H16: 35.2 | I16: 34.5 | J16: 34 | K16: 39.7 | L16: 38.2 | M16: 83.9 | N16: 81.8 | O16: 179 | P16: 180.7 | Q16: 127.3 | R16: 145.5 | S16: 238.4 | T16: 217.7 | U16: 158.9 | V16: 148.8 | W16: 75.1 | X16: 77.3 | Y16: 85.7 | Z16: 59.4 | AA16: 90.1 | AB16: 72.1 | AC16: 97.1 | AD16: 93.9 | AE16: 89.4 | AF16: 95.2 | AG16: 88.5 | AH16: 70.9 | AI16: 82.4 | AJ16: 64.5 | AK16: 90.6 | AL16: 131.7 | AM16: 57.2 | AN16: 71.9 | AO16: 169.2 | AP16: 111.4 | AQ16: 94.6 | AR16: 78.4 | AS16: 119.3 | AT16: 188.1 | AU16: 102.8 | AV16: 87.4 | AW16: 124.3 | AX16: 99.5 | AY16: 101.2 | AZ16: 155.7 | BA16: 137.6 | BB16: 106.5 | BC16: 109.2
C17: Ejeraflønning | D17: 1380.6 | E17: 1591.2 | F17: 1842.9 | G17: 2036 | H17: 2253.5 | I17: 3069 | J17: 3442.2 | K17: 3291.4 | L17: 3414 | M17: 4012.9 | N17: 4276.7 | O17: 4246.9 | P17: 4277.1 | Q17: 4509.1 | R17: 4557.6 | S17: 4715.1 | T17: 4911.8 | U17: 3911.2 | V17: 4046.5 | W17: 4042.3 | X17: 4022.7 | Y17: 4590.5 | Z17: 4826.5 | AA17: 4900.9 | AB17: 4936.9 | AC17: 3658.2 | AD17: 3681.6 | AE17: 4361.8 | AF17: 4345.2 | AG17: 4369.2 | AH17: 4395.5 | AI17: 4486.9 | AJ17: 4354.8 | AK17: 4397.2 | AL17: 4626.3 | AM17: 4333.3 | AN17: 4815.1 | AO17: 4301.5 | AP17: 4008.6 | AQ17: 3957 | AR17: 4047.6 | AS17: 4187.5 | AT17: 3850.5 | AU17: 4547.2 | AV17: 4636.6 | AW17: 4589.2 | AX17: 3966 | AY17: 3296.7 | AZ17: 3140.4 | BA17: 3010.5 | BB17: 3037.8 | BC17: 2820
C18: Nettoudbytte | D18: 89.6 | E18: -138.7 | F18: -528.6 | G18: -884.9 | H18: -500 | I18: -1517.2 | J18: -1789.1 | K18: -2205.3 | L18: -1936.3 | M18: -1716.1 | N18: -2937.1 | O18: -1228.4 | P18: -2277.1 | Q18: -2557.6 | R18: -3515.2 | S18: -3703.5 | T18: -3305.9 | U18: -2257 | V18: -2339.5 | W18: -3450.7 | X18: -2781.8 | Y18: -2781 | Z18: -2780.8 | AA18: -2950.5 | AB18: -3130.6 | AC18: -2599.2 | AD18: -2555.1 | AE18: -2959.4 | AF18: -3075.4 | AG18: -3915.4 | AH18: -3384.3 | AI18: -3629.2 | AJ18: -3630.8 | AK18: -3059.2 | AL18: -2985.8 | AM18: -3023.6 | AN18: -6229.5 | AO18: -3246.2 | AP18: -2594.3 | AQ18: -796.6 | AR18: -2271.7 | AS18: -2963.1 | AT18: -1876.3 | AU18: -3258.3 | AV18: -2956.3 | AW18: -3224.3 | AX18: -2276.7 | AY18: -6.9 | AZ18: 1749.6 | BA18: 3923.3 | BB18: -845.4 | BC18: -318.5
C19: Afkastningsgrad, pct. | D19: 0.4 | E19: -0.6 | F19: -2.1 | G19: -3 | H19: -1.6 | I19: -4.4 | J19: -4.5 | K19: -5.7 | L19: -6.2 | M19: -5.4 | N19: -9.4 | O19: -3.3 | P19: -5.5 | Q19: -5.1 | R19: -7.1 | S19: -7.3 | T19: -6.5 | U19: -4.8 | V19: -4.9 | W19: -7.5 | X19: -6.4 | Y19: -5.9 | Z19: -5.4 | AA19: -5.6 | AB19: -5.4 | AC19: -4.2 | AD19: -3.8 | AE19: -3.9 | AF19: -3.7 | AG19: -4.5 | AH19: -3.9 | AI19: -3.5 | AJ19: -3.3 | AK19: -2 | AL19: -1.9 | AM19: -1.9 | AN19: -2.6 | AO19: -1.5 | AP19: -1.3 | AQ19: -0.4 | AR19: -1.2 | AS19: -1.5 | AT19: -0.9 | AU19: -1.4 | AV19: -1.4 | AW19: -1.4 | AX19: -1.1 | AY19: 0 | AZ19: 0.8 | BA19: 1.7 | BB19: -0.4 | BC19: -0.2
A20: Pr. bedrift (1.000 kr.) | B20: Heltidslandbrug (1973- ) | C20: Areal, ha | D20: 29.4 | E20: 30.5 | F20: 32.1 | G20: 33.7 | H20: 34.3 | I20: 35.8 | J20: 37.3 | K20: 37.9 | L20: 39.2 | M20: 41.6 | N20: 43.1 | O20: 45.4 | P20: 47.1 | Q20: 48.7 | R20: 49.8 | S20: 51.9 | T20: 53.6 | U20: 56.4 | V20: 57.8 | W20: 60.5 | X20: 62.8 | Y20: 63.8 | Z20: 68.5 | AA20: 73.1 | AB20: 74.5 | AC20: 77.4 | AD20: 82.9 | AE20: 87.8 | AF20: 90.4 | AG20: 98.3 | AH20: 103.8 | AI20: 110.8 | AJ20: 113.7 | AK20: 126.2 | AL20: 134.9 | AM20: 147 | AN20: 154.4 | AO20: 160.8 | AP20: 157.3 | AQ20: 158.2 | AR20: 163.5 | AS20: 167.9 | AT20: 166.8 | AU20: 187.2 | AV20: 191.8 | AW20: 193.5 | AX20: 202.2 | AY20: 211.2 | AZ20: 238.1 | BA20: 248 | BB20: 272.1 | BC20: 283.2
C21: Landbrugsaktiver, primo | D21: 565.8 | E21: 693 | F21: 846 | G21: 1069.9 | H21: 1159.5 | I21: 1400 | J21: 1668.8 | K21: 1696.7 | L21: 1474.3 | M21: 1545.9 | N21: 1626.3 | O21: 1931.7 | P21: 2216.7 | Q21: 2671.3 | R21: 2663.7 | S21: 2727.3 | T21: 2846 | U21: 2837.5 | V21: 3054.1 | W21: 3122.9 | X21: 3227.1 | Y21: 3327.2 | Z21: 4054.8 | AA21: 4460.9 | AB21: 5237.2 | AC21: 5968.5 | AD21: 6965.2 | AE21: 7685.5 | AF21: 8851.6 | AG21: 9564.7 | AH21: 10243.4 | AI21: 11966.9 | AJ21: 13911.9 | AK21: 20920 | AL21: 22404.4 | AM21: 23502.7 | AN21: 39476.2 | AO21: 37978.8 | AP21: 36858 | AQ21: 36248 | AR21: 37271.7 | AS21: 38119.6 | AT21: 38275.7 | AU21: 42635.3 | AV21: 43156.2 | AW21: 43590.5 | AX21: 44813.1 | AY21: 47194.4 | AZ21: 52186.5 | BA21: 54345.7 | BB21: 61009.6 | BC21: 66142.2
C22: Bruttoudbytte | D22: 201.7 | E22: 219.8 | F22: 261.5 | G22: 292.3 | H22: 352.8 | I22: 407.7 | J22: 465.8 | K22: 525.4 | L22: 650.2 | M22: 791.4 | N22: 853.1 | O22: 982.2 | P22: 980.3 | Q22: 964.2 | R22: 924.4 | S22: 1049.9 | T22: 1213.4 | U22: 1172.1 | V22: 1229.8 | W22: 1250.3 | X22: 1298.7 | Y22: 1338 | Z22: 1456.3 | AA22: 1584.5 | AB22: 1711.9 | AC22: 1618.9 | AD22: 1702.5 | AE22: 2019.4 | AF22: 2318.6 | AG22: 2258.9 | AH22: 2356.9 | AI22: 2622.3 | AJ22: 2631.2 | AK22: 3299.7 | AL22: 3619.5 | AM22: 4230.8 | AN22: 3748.5 | AO22: 4834.6 | AP22: 5578.8 | AQ22: 6338 | AR22: 6566.1 | AS22: 6099.5 | AT22: 6082.7 | AU22: 6636.6 | AV22: 7487.9 | AW22: 6803.9 | AX22: 8413 | AY22: 8863.9 | AZ22: 9719.5 | BA22: 12827.7 | BB22: 13315.4 | BC22: 14349.9
C23: Driftsomkostninger | D23: 126.8 | E23: 147.1 | F23: 177.3 | G23: 215 | H23: 237 | I23: 287.4 | J23: 334.7 | K23: 394.7 | L23: 458.1 | M23: 544 | N23: 649.6 | O23: 659.2 | P23: 691.6 | Q23: 693 | R23: 695.2 | S23: 761.7 | T23: 813.7 | U23: 850 | V23: 876.4 | W23: 938.9 | X23: 964.4 | Y23: 959 | Z23: 1031.8 | AA23: 1104.6 | AB23: 1217 | AC23: 1293.1 | AD23: 1353.4 | AE23: 1459.7 | AF23: 1665.6 | AG23: 1797.2 | AH23: 1908.3 | AI23: 2092 | AJ23: 2293.1 | AK23: 2759.2 | AL23: 3258.3 | AM23: 3914 | AN23: 3795.8 | AO23: 4085.8 | AP23: 4717.8 | AQ23: 5031.4 | AR23: 5416.2 | AS23: 5303.2 | AT23: 5461.4 | AU23: 5940.6 | AV23: 6079.7 | AW23: 6232.4 | AX23: 6635.5 | AY23: 7050.2 | AZ23: 8022.4 | BA23: 9649.5 | BB23: 10672.9 | BC23: 11345.2
C24: Lejet arbejdskraft | D24: 9.3 | E24: 11.2 | F24: 13.8 | G24: 15.3 | H24: 15.8 | I24: 22.8 | J24: 23.3 | K24: 25.1 | L24: 26.4 | M24: 32 | N24: 35.8 | O24: 40.1 | P24: 48.3 | Q24: 50.9 | R24: 52.5 | S24: 55.8 | T24: 60.3 | U24: 67.6 | V24: 70.6 | W24: 76.2 | X24: 76.3 | Y24: 78.7 | Z24: 86.9 | AA24: 93.6 | AB24: 104.8 | AC24: 109.2 | AD24: 118.9 | AE24: 127.3 | AF24: 140.3 | AG24: 156.7 | AH24: 176.6 | AI24: 188.2 | AJ24: 211.5 | AK24: 240.1 | AL24: 275.2 | AM24: 309.7 | AN24: 349.5 | AO24: 384.7 | AP24: 400.5 | AQ24: 421.4 | AR24: 473.4 | AS24: 500.3 | AT24: 557.7 | AU24: 625.2 | AV24: 660.6 | AW24: 687.7 | AX24: 739.9 | AY24: 815.7 | AZ24: 930.6 | BA24: 1015.8 | BB24: 1156.9 | BC24: 1375.7
C25: Ejeraflønning | D25: 48.1 | E25: 61.9 | F25: 70.2 | G25: 78.8 | H25: 93 | I25: 115.3 | J25: 130.4 | K25: 135.6 | L25: 150.8 | M25: 162.4 | N25: 174.6 | O25: 179 | P25: 180.8 | Q25: 191.9 | R25: 207.5 | S25: 227.1 | T25: 230.9 | U25: 240.4 | V25: 249.8 | W25: 262.4 | X25: 268.6 | Y25: 316.5 | Z25: 343.5 | AA25: 354.7 | AB25: 364.2 | AC25: 284.4 | AD25: 303 | AE25: 318.6 | AF25: 337.1 | AG25: 337.5 | AH25: 352.6 | AI25: 360.5 | AJ25: 360.1 | AK25: 391.2 | AL25: 397.5 | AM25: 405.2 | AN25: 424.6 | AO25: 424.2 | AP25: 422.3 | AQ25: 431.2 | AR25: 431.5 | AS25: 445 | AT25: 445.3 | AU25: 470.7 | AV25: 472.3 | AW25: 467.2 | AX25: 487.4 | AY25: 488.7 | AZ25: 496.1 | BA25: 490.7 | BB25: 508 | BC25: 530.9
C26: Nettoudbytte | D26: 74.9 | E26: 72.7 | F26: 84.2 | G26: 77.3 | H26: 115.8 | I26: 120.3 | J26: 131.1 | K26: 130.7 | L26: 192.1 | M26: 247.4 | N26: 203.5 | O26: 323 | P26: 288.7 | Q26: 271.2 | R26: 229.2 | S26: 288.2 | T26: 399.7 | U26: 322.1 | V26: 353.4 | W26: 311.4 | X26: 334.3 | Y26: 379 | Z26: 424.5 | AA26: 479.9 | AB26: 494.9 | AC26: 325.8 | AD26: 349.1 | AE26: 559.7 | AF26: 653 | AG26: 461.7 | AH26: 448.6 | AI26: 530.3 | AJ26: 338.1 | AK26: 540.5 | AL26: 361.2 | AM26: 316.8 | AN26: -47.3 | AO26: 748.8 | AP26: 861 | AQ26: 1306.6 | AR26: 1149.9 | AS26: 796.3 | AT26: 621.3 | AU26: 696 | AV26: 1408.2 | AW26: 571.5 | AX26: 1777.5 | AY26: 1813.7 | AZ26: 1697.1 | BA26: 3178.2 | BB26: 2642.5 | BC26: 3004.7
C27: Afkastningsgrad, pct. | D27: 4.7 | E27: 1.6 | F27: 1.7 | G27: -0.1 | H27: 2 | I27: 0.4 | J27: 0 | K27: -0.3 | L27: 2.8 | M27: 5.5 | N27: 1.8 | O27: 7.5 | P27: 4.9 | Q27: 3 | R27: 0.8 | S27: 2.2 | T27: 5.9 | U27: 3.5 | V27: 3.9 | W27: 2.2 | X27: 2.7 | Y27: 2.4 | Z27: 2.4 | AA27: 3.2 | AB27: 2.9 | AC27: 1.1 | AD27: 1 | AE27: 3.4 | AF27: 3.8 | AG27: 1.5 | AH27: 1.1 | AI27: 1.6 | AJ27: 2 | AK27: 2.5 | AL27: 1.5 | AM27: 1.4 | AN27: -0.1 | AO27: 2 | AP27: 2.3 | AQ27: 3.6 | AR27: 3.1 | AS27: 2.1 | AT27: 1.6 | AU27: 1.6 | AV27: 3.3 | AW27: 1.3 | AX27: 4 | AY27: 3.8 | AZ27: 3.3 | BA27: 6 | BB27: 4.4 | BC27: 4.6
B28: Deltidslandbrug (1973- ) | C28: Areal, ha | D28: 13.4 | E28: 13.7 | F28: 14 | G28: 13.9 | H28: 14.2 | I28: 14.5 | J28: 14.7 | K28: 15.1 | L28: 15.7 | M28: 15.5 | N28: 15.9 | O28: 16.2 | P28: 16.6 | Q28: 16.5 | R28: 16.5 | S28: 17.2 | T28: 17 | U28: 21.4 | V28: 21.5 | W28: 21.3 | X28: 22 | Y28: 21 | Z28: 21.9 | AA28: 22.2 | AB28: 22.2 | AC28: 23.7 | AD28: 24.5 | AE28: 24.6 | AF28: 25.2 | AG28: 26 | AH28: 26.8 | AI28: 26.7 | AJ28: 27.9 | AK28: 28.7 | AL28: 28.1 | AM28: 29.7 | AN28: 29.2 | AO28: 32.5 | AP28: 35 | AQ28: 34.9 | AR28: 35.7 | AS28: 35.2 | AT28: 38.8 | AU28: 36 | AV28: 36.6 | AW28: 37 | AX28: 41.2 | AY28: 58.3 | AZ28: 59.1 | BA28: 57.4 | BB28: 58.2 | BC28: 65
C29: Landbrugsaktiver, primo | D29: 274.4 | E29: 301.8 | F29: 354.1 | G29: 417.5 | H29: 431.7 | I29: 496.4 | J29: 589.1 | K29: 580 | L29: 494.4 | M29: 495.4 | N29: 498.1 | O29: 595.2 | P29: 691.7 | Q29: 823.8 | R29: 821.8 | S29: 875.7 | T29: 871.1 | U29: 1005.3 | V29: 1025.8 | W29: 977.5 | X29: 962.1 | Y29: 987.6 | Z29: 1131.8 | AA29: 1175.2 | AB29: 1292.3 | AC29: 1461.2 | AD29: 1648 | AE29: 1858.6 | AF29: 2087 | AG29: 2256.4 | AH29: 2306.9 | AI29: 2744.9 | AJ29: 3064.8 | AK29: 4356.6 | AL29: 4488.4 | AM29: 4684.6 | AN29: 7051.9 | AO29: 7070.4 | AP29: 7078.8 | AQ29: 6889.7 | AR29: 7044.5 | AS29: 7164.7 | AT29: 8606.1 | AU29: 8130.2 | AV29: 7863.1 | AW29: 8271.3 | AX29: 8876.4 | AY29: 11946.7 | AZ29: 12959.8 | BA29: 13162.7 | BB29: 12851.6 | BC29: 13517.5
C30: Bruttoudbytte | D30: 58.5 | E30: 61.6 | F30: 65.5 | G30: 67.6 | H30: 79.2 | I30: 86.2 | J30: 100.1 | K30: 101.6 | L30: 119.9 | M30: 144.2 | N30: 138.6 | O30: 178.9 | P30: 173.4 | Q30: 168.4 | R30: 151.5 | S30: 173.3 | T30: 186.2 | U30: 221.7 | V30: 223.8 | W30: 184.5 | X30: 199.9 | Y30: 204.5 | Z30: 209.6 | AA30: 214.6 | AB30: 216.5 | AC30: 216.7 | AD30: 214.1 | AE30: 232.7 | AF30: 245.6 | AG30: 232.1 | AH30: 254.1 | AI30: 261.3 | AJ30: 214.2 | AK30: 246 | AL30: 282 | AM30: 296.3 | AN30: 243.9 | AO30: 339.3 | AP30: 373.6 | AQ30: 447.5 | AR30: 417.5 | AS30: 390.2 | AT30: 458.1 | AU30: 421.2 | AV30: 426.1 | AW30: 438.7 | AX30: 484 | AY30: 706.3 | AZ30: 854.4 | BA30: 1026.5 | BB30: 820.5 | BC30: 870.4
C31: Driftsomkostninger | D31: 38.8 | E31: 41.7 | F31: 47.1 | G31: 51.6 | H31: 54.3 | I31: 63.7 | J31: 75.8 | K31: 85.2 | L31: 96.7 | M31: 108.6 | N31: 117.3 | O31: 130 | P31: 140.2 | Q31: 136.2 | R31: 134.3 | S31: 155.9 | T31: 158.9 | U31: 189.6 | V31: 190.5 | W31: 174.8 | X31: 176 | Y31: 170.2 | Z31: 167.8 | AA31: 173.8 | AB31: 177.8 | AC31: 193.2 | AD31: 189.3 | AE31: 201.7 | AF31: 217.7 | AG31: 224.7 | AH31: 231.1 | AI31: 241.9 | AJ31: 264.3 | AK31: 285.1 | AL31: 312 | AM31: 336.7 | AN31: 362.8 | AO31: 387.6 | AP31: 414.8 | AQ31: 423.4 | AR31: 447.1 | AS31: 430.7 | AT31: 465 | AU31: 454 | AV31: 443.1 | AW31: 470.5 | AX31: 506.5 | AY31: 646.5 | AZ31: 702.7 | BA31: 755.9 | BB31: 807.6 | BC31: 830.4
C32: Lejet arbejdskraft | D32: 0.3 | E32: 0.5 | F32: 0.5 | G32: 0.6 | H32: 0.5 | I32: 0.5 | J32: 0.5 | K32: 0.6 | L32: 0.6 | M32: 1.3 | N32: 1.3 | O32: 2.9 | P32: 3 | Q32: 2.1 | R32: 2.4 | S32: 4.1 | T32: 3.7 | U32: 3.4 | V32: 3.2 | W32: 1.6 | X32: 1.7 | Y32: 1.8 | Z32: 1.3 | AA32: 2 | AB32: 1.6 | AC32: 2.3 | AD32: 2.3 | AE32: 2.2 | AF32: 2.4 | AG32: 2.3 | AH32: 1.9 | AI32: 2.2 | AJ32: 1.8 | AK32: 2.6 | AL32: 3.7 | AM32: 1.7 | AN32: 2.1 | AO32: 5.5 | AP32: 3.9 | AQ32: 3.3 | AR32: 2.8 | AS32: 4.2 | AT32: 7.3 | AU32: 3.7 | AV32: 3.2 | AW32: 4.6 | AX32: 4.1 | AY32: 5.9 | AZ32: 9.2 | BA32: 7.9 | BB32: 6.2 | BC32: 7.1
C33: Ejeraflønning | D33: 18.5 | E33: 21.8 | F33: 25.8 | G33: 28.3 | H33: 32 | I33: 44.5 | J33: 50.6 | K33: 49.7 | L33: 53.6 | M33: 62.2 | N33: 68 | O33: 68.8 | P33: 71 | Q33: 74.4 | R33: 75.2 | S33: 81.1 | T33: 83.5 | U33: 83.7 | V33: 87 | W33: 86.1 | X33: 88.5 | Y33: 96.4 | Z33: 105.7 | AA33: 108.8 | AB33: 109.6 | AC33: 86.7 | AD33: 90.2 | AE33: 107.3 | AF33: 109.5 | AG33: 113.6 | AH33: 117.8 | AI33: 119.8 | AJ33: 121.5 | AK33: 126.2 | AL33: 130 | AM33: 128.7 | AN33: 140.6 | AO33: 139.8 | AP33: 140.3 | AQ33: 138.1 | AR33: 144.5 | AS33: 147.4 | AT33: 149.4 | AU33: 163.7 | AV33: 169.7 | AW33: 169.8 | AX33: 163.4 | AY33: 192.2 | AZ33: 185.6 | BA33: 172.8 | BB33: 176.8 | BC33: 183.3
C34: Nettoudbytte | D34: 19.7 | E34: 19.9 | F34: 18.4 | G34: 16 | H34: 24.9 | I34: 22.5 | J34: 24.3 | K34: 16.4 | L34: 23.2 | M34: 35.6 | N34: 21.3 | O34: 48.9 | P34: 33.2 | Q34: 32.2 | R34: 17.2 | S34: 17.4 | T34: 27.3 | U34: 32.1 | V34: 33.3 | W34: 9.7 | X34: 23.9 | Y34: 34.3 | Z34: 41.8 | AA34: 40.8 | AB34: 38.7 | AC34: 23.5 | AD34: 24.8 | AE34: 31 | AF34: 27.9 | AG34: 7.4 | AH34: 23 | AI34: 19.4 | AJ34: -50.1 | AK34: -39.1 | AL34: -30 | AM34: -40.4 | AN34: -118.9 | AO34: -48.3 | AP34: -41.2 | AQ34: 24.1 | AR34: -29.6 | AS34: -40.5 | AT34: -6.9 | AU34: -32.8 | AV34: -17 | AW34: -31.8 | AX34: -22.5 | AY34: 59.8 | AZ34: 151.7 | BA34: 270.6 | BB34: 12.9 | BC34: 40
C35: Afkastningsgrad, pct. | D35: 0.4 | E35: -0.6 | F35: -2.1 | G35: -3 | H35: -1.6 | I35: -4.4 | J35: -4.5 | K35: -5.7 | L35: -6.2 | M35: -5.4 | N35: -9.4 | O35: -3.3 | P35: -5.5 | Q35: -5.1 | R35: -7.1 | S35: -7.3 | T35: -6.5 | U35: -4.8 | V35: -4.9 | W35: -7.5 | X35: -6.4 | Y35: -5.9 | Z35: -5.4 | AA35: -5.6 | AB35: -5.4 | AC35: -4.2 | AD35: -3.8 | AE35: -3.9 | AF35: -3.7 | AG35: -4.5 | AH35: -3.9 | AI35: -3.5 | AJ35: -3.3 | AK35: -2 | AL35: -1.9 | AM35: -1.9 | AN35: -2.6 | AO35: -1.5 | AP35: -1.3 | AQ35: -0.4 | AR35: -1.2 | AS35: -1.5 | AT35: -0.9 | AU35: -1.4 | AV35: -1.4 | AW35: -1.4 | AX35: -1.1 | AY35: 0 | AZ35: 0.8 | BA35: 1.7 | BB35: -0.4 | BC35: -0.2
A37: Data er samlet fra tilgængelige tidsserier og publikationer for perioden 1916/17 og frem. Det har ikke været muligt at korrigere for ændret afgrænsning i statistikken. Data er vist pr. hektar for alle landbrug for hele perioden. Fra 1973 er det tillige muligt at se data pr. bedrift for alle landbrug og forskellige inddellinger heraf, fx. driftsformer. Fra 2020 er bundgrænsen for medtagne bedrifter øget fra 15.000 til 25.000 Euro.
D42: =D22-D23 -> 74.9

Sheet Ark1
D2: 1973 | E2: =D2+1 -> 1974 | F2: =E2+1 -> 1975 | G2: =F2+1 -> 1976 | H2: =G2+1 -> 1977 | I2: =H2+1 -> 1978 | J2: =I2+1 -> 1979 | K2: =J2+1 -> 1980 | L2: =K2+1 -> 1981 | ... BD2: =BC2+1 -> 2025
C3: Forbrugerprisindeks | D3: 1156 | E3: 1333 | F3: 1461 | G3: 1592 | H3: 1769 | I3: 1946 | J3: 2133 | K3: 2396 | L3: 2677 | M3: 2948 | N3: 3152 | O3: 3350 | P3: 3507 | Q3: 3636 | R3: 3782 | S3: 3953 | T3: 4142 | U3: 4251 | V3: 4353 | W3: 4445 | X3: 4500 | Y3: 4590 | Z3: 4686 | AA3: 4785 | AB3: 4890 | AC3: 4980 | AD3: 5104 | AE3: 5253 | AF3: 5377 | AG3: 5507 | AH3: 5622 | AI3: 5687 | AJ3: 5790 | AK3: 5900 | AL3: 6001 | AM3: 6205 | AN3: 6287 | AO3: 6432 | AP3: 6609 | AQ3: 6768 | AR3: 6821 | AS3: 6860 | AT3: 6891 | AU3: 6909 | AV3: 6988 | AW3: 7045 | AX3: 7098 | AY3: 7128 | AZ3: 7260 | BA3: 7819 | BB3: 8077 | BC3: 8188 | BD3: 8343
C4: 1973=1 | D4: =D3/$D$3 -> 1 | E4: =E3/$D$3 -> 1.1531142 | F4: =F3/$D$3 -> 1.2638408 | G4: =G3/$D$3 -> 1.3771626 | H4: =H3/$D$3 -> 1.5302768 | I4: =I3/$D$3 -> 1.683391 | J4: =J3/$D$3 -> 1.8451557 | K4: =K3/$D$3 -> 2.0726644 | ... BD4: =BD3/$D$3 -> 7.217128
D6: 1973 | E6: 1974 | F6: 1975 | G6: 1976 | H6: 1977 | I6: 1978 | J6: 1979 | K6: 1980 | L6: 1981 | M6: 1982 | N6: 1983 | O6: 1984 | P6: 1985 | Q6: 1986 | R6: 1987 | S6: 1988 | T6: 1989 | U6: 1990 | V6: 1991 | W6: 1992 | X6: 1993 | Y6: 1994 | Z6: 1995 | AA6: 1996 | AB6: 1997 | AC6: 1998 | AD6: 1999 | AE6: 2000 | AF6: 2001 | AG6: 2002 | AH6: 2003 | AI6: 2004 | AJ6: 2005 | AK6: 2006 | AL6: 2007 | AM6: 2008 | AN6: 2009 | AO6: 2010 | AP6: 2011 | AQ6: 2012 | AR6: 2013 | AS6: 2014 | AT6: 2015 | AU6: 2016 | AV6: 2017 | AW6: 2018 | AX6: 2019 | AY6: 2020 | AZ6: 2021 | BA6: 2022 | BB6: 2023 | BC6: 2024
A7: Pr. ha (kr.) | B7: Heltidslandbrug (1973- ) | C7: Areal, ha | D7: .. | E7: .. | F7: .. | G7: .. | H7: .. | I7: .. | J7: .. | K7: .. | L7: .. | M7: .. | N7: .. | O7: .. | P7: .. | Q7: .. | R7: .. | S7: .. | T7: .. | U7: .. | V7: .. | W7: .. | X7: .. | Y7: .. | Z7: .. | AA7: .. | AB7: .. | AC7: .. | AD7: .. | AE7: .. | AF7: .. | AG7: .. | AH7: .. | AI7: .. | AJ7: .. | AK7: .. | AL7: .. | AM7: .. | AN7: .. | AO7: .. | AP7: .. | AQ7: .. | AR7: .. | AS7: .. | AT7: .. | AU7: .. | AV7: .. | AW7: .. | AX7: .. | AY7: .. | AZ7: .. | BA7: .. | BB7: .. | BC7: ..
C8: Landbrugsaktiver, primo | D8: =JORD100!D5/'Ark1'!D$4 -> 19244.9 | E8: =JORD100!E5/'Ark1'!E$4 -> 19704.293 | F8: =JORD100!F5/'Ark1'!F$4 -> 20853.18 | G8: =JORD100!G5/'Ark1'!G$4 -> 23053.051 | H8: =JORD100!H5/'Ark1'!H$4 -> 22090.578 | I8: =JORD100!I5/'Ark1'!I$4 -> 23230.61 | J8: =JORD100!J5/'Ark1'!J$4 -> 24247.276 | K8: =JORD100!K5/'Ark1'!K$4 -> 21599.156 | ... BC8: =JORD100!BC5/'Ark1'!BC$4 -> 32973.531
C9: Bruttoudbytte | D9: =JORD100!D6/'Ark1'!D$4 -> 6860.5 | E9: =JORD100!E6/'Ark1'!E$4 -> 6249.6846 | F9: =JORD100!F6/'Ark1'!F$4 -> 6445.7484 | G9: =JORD100!G6/'Ark1'!G$4 -> 6298.1668 | H9: =JORD100!H6/'Ark1'!H$4 -> 6721.4637 | I9: =JORD100!I6/'Ark1'!I$4 -> 6765.095 | J9: =JORD100!J6/'Ark1'!J$4 -> 6767.9383 | K9: =JORD100!K6/'Ark1'!K$4 -> 6688.396 | ... BC9: =JORD100!BC6/'Ark1'!BC$4 -> 7426.82
C10: Driftsomkostninger | D10: =JORD100!D7/'Ark1'!D$4 -> 5949 | E10: =JORD100!E7/'Ark1'!E$4 -> 5942.6032 | F10: =JORD100!F7/'Ark1'!F$4 -> 6100.6891 | G10: =JORD100!G7/'Ark1'!G$4 -> 6330.4796 | H10: =JORD100!H7/'Ark1'!H$4 -> 6287.0978 | I10: =JORD100!I7/'Ark1'!I$4 -> 6682.1077 | J10: =JORD100!J7/'Ark1'!J$4 -> 6757.8037 | K10: =JORD100!K7/'Ark1'!K$4 -> 6750.7795 | ... BC10: =JORD100!BC7/'Ark1'!BC$4 -> 5920.5328
C11: Lejet arbejdskraft | D11: =JORD100!D8/'Ark1'!D$4 -> 316.3 | E11: =JORD100!E8/'Ark1'!E$4 -> 318.44201 | F11: =JORD100!F8/'Ark1'!F$4 -> 340.15359 | G11: =JORD100!G8/'Ark1'!G$4 -> 329.66332 | H11: =JORD100!H8/'Ark1'!H$4 -> 300.99129 | I11: =JORD100!I8/'Ark1'!I$4 -> 378.34347 | J11: =JORD100!J8/'Ark1'!J$4 -> 338.56221 | K11: =JORD100!K8/'Ark1'!K$4 -> 319.5404 | ... BC11: =JORD100!BC8/'Ark1'!BC$4 -> 685.82086
C12: Ejeraflønning | D12: =JORD100!D9/'Ark1'!D$4 -> 1636.1 | E12: =JORD100!E9/'Ark1'!E$4 -> 1760.0165 | F12: =JORD100!F9/'Ark1'!F$4 -> 1730.3603 | G12: =JORD100!G9/'Ark1'!G$4 -> 1697.9113 | H12: =JORD100!H9/'Ark1'!H$4 -> 1771.8363 | I12: =JORD100!I9/'Ark1'!I$4 -> 1913.2216 | J12: =JORD100!J9/'Ark1'!J$4 -> 1894.691 | K12: =JORD100!K9/'Ark1'!K$4 -> 1726.184 | ... BC12: =JORD100!BC9/'Ark1'!BC$4 -> 264.6743
C13: Nettoudbytte | D13: =JORD100!D10/'Ark1'!D$4 -> 911.6 | E13: =JORD100!E10/'Ark1'!E$4 -> 307.08147 | F13: =JORD100!F10/'Ark1'!F$4 -> 345.05927 | G13: =JORD100!G10/'Ark1'!G$4 -> -32.312814 | H13: =JORD100!H10/'Ark1'!H$4 -> 434.36586 | I13: =JORD100!I10/'Ark1'!I$4 -> 82.987256 | J13: =JORD100!J10/'Ark1'!J$4 -> 10.188842 | K13: =JORD100!K10/'Ark1'!K$4 -> -62.383472 | ... BC13: =JORD100!BC10/'Ark1'!BC$4 -> 1506.2872
C14: Afkastningsgrad, pct. | D14: =JORD100!D11 -> 4.7 | E14: =JORD100!E11 -> 1.6 | F14: =JORD100!F11 -> 1.7 | G14: =JORD100!G11 -> -0.1 | H14: =JORD100!H11 -> 2 | I14: =JORD100!I11 -> 0.4 | J14: =JORD100!J11 -> 0 | K14: =JORD100!K11 -> -0.3 | ... BC14: =JORD100!BC11 -> 4.6
B15: Deltidslandbrug (1973- ) | C15: Areal, ha | D15: .. | E15: .. | F15: .. | G15: .. | H15: .. | I15: .. | J15: .. | K15: .. | L15: .. | M15: .. | N15: .. | O15: .. | P15: .. | Q15: .. | R15: .. | S15: .. | T15: .. | U15: .. | V15: .. | W15: .. | X15: .. | Y15: .. | Z15: .. | AA15: .. | AB15: .. | AC15: .. | AD15: .. | AE15: .. | AF15: .. | AG15: .. | AH15: .. | AI15: .. | AJ15: .. | AK15: .. | AL15: .. | AM15: .. | AN15: .. | AO15: .. | AP15: .. | AQ15: .. | AR15: .. | AS15: .. | AT15: .. | AU15: .. | AV15: .. | AW15: .. | AX15: .. | AY15: .. | AZ15: .. | BA15: .. | BB15: .. | BC15: ..
C16: Landbrugsaktiver, primo | D16: =JORD100!D13/'Ark1'!D$4 -> 20477.6 | E16: =JORD100!E13/'Ark1'!E$4 -> 19104.092 | F16: =JORD100!F13/'Ark1'!F$4 -> 20012.726 | G16: =JORD100!G13/'Ark1'!G$4 -> 21810.06 | H16: =JORD100!H13/'Ark1'!H$4 -> 19866.602 | I16: =JORD100!I13/'Ark1'!I$4 -> 20336.63 | J16: =JORD100!J13/'Ark1'!J$4 -> 21718.926 | K16: =JORD100!K13/'Ark1'!K$4 -> 18531.992 | ... BC16: =JORD100!BC13/'Ark1'!BC$4 -> 29360.466
C17: Bruttoudbytte | D17: =JORD100!D14/'Ark1'!D$4 -> 4365.7 | E17: =JORD100!E14/'Ark1'!E$4 -> 3899.3536 | F17: =JORD100!F14/'Ark1'!F$4 -> 3701.8902 | G17: =JORD100!G14/'Ark1'!G$4 -> 3531.3912 | H17: =JORD100!H14/'Ark1'!H$4 -> 3644.7654 | I17: =JORD100!I14/'Ark1'!I$4 -> 3531.4434 | J17: =JORD100!J14/'Ark1'!J$4 -> 3690.4744 | K17: =JORD100!K14/'Ark1'!K$4 -> 3246.3047 | ... BC17: =JORD100!BC14/'Ark1'!BC$4 -> 2156.8266
C18: Driftsomkostninger | D18: =JORD100!D15/'Ark1'!D$4 -> 4276.1 | E18: =JORD100!E15/'Ark1'!E$4 -> 4019.5499 | F18: =JORD100!F15/'Ark1'!F$4 -> 4120.06 | G18: =JORD100!G15/'Ark1'!G$4 -> 4173.9442 | H18: =JORD100!H15/'Ark1'!H$4 -> 3971.5037 | I18: =JORD100!I15/'Ark1'!I$4 -> 4432.7788 | J18: =JORD100!J15/'Ark1'!J$4 -> 4660.0945 | K18: =JORD100!K15/'Ark1'!K$4 -> 4310.2975 | ... BC18: =JORD100!BC15/'Ark1'!BC$4 -> 2201.7932
C19: Lejet arbejdskraft | D19: =JORD100!D16/'Ark1'!D$4 -> 22.4 | E19: =JORD100!E16/'Ark1'!E$4 -> 31.653413 | F19: =JORD100!F16/'Ark1'!F$4 -> 28.247228 | G19: =JORD100!G16/'Ark1'!G$4 -> 31.368844 | H19: =JORD100!H16/'Ark1'!H$4 -> 23.002374 | I19: =JORD100!I16/'Ark1'!I$4 -> 20.494347 | J19: =JORD100!J16/'Ark1'!J$4 -> 18.426629 | K19: =JORD100!K16/'Ark1'!K$4 -> 19.15409 | ... BC19: =JORD100!BC16/'Ark1'!BC$4 -> 15.417098
C20: Ejeraflønning | D20: =JORD100!D17/'Ark1'!D$4 -> 1380.6 | E20: =JORD100!E17/'Ark1'!E$4 -> 1379.9154 | F20: =JORD100!F17/'Ark1'!F$4 -> 1458.1741 | G20: =JORD100!G17/'Ark1'!G$4 -> 1478.402 | H20: =JORD100!H17/'Ark1'!H$4 -> 1472.6094 | I20: =JORD100!I17/'Ark1'!I$4 -> 1823.1059 | J20: =JORD100!J17/'Ark1'!J$4 -> 1865.5336 | K20: =JORD100!K17/'Ark1'!K$4 -> 1588.0043 | ... BC20: =JORD100!BC17/'Ark1'!BC$4 -> 398.13385
C21: Nettoudbytte | D21: =JORD100!D18/'Ark1'!D$4 -> 89.6 | E21: =JORD100!E18/'Ark1'!E$4 -> -120.28297 | F21: =JORD100!F18/'Ark1'!F$4 -> -418.24887 | G21: =JORD100!G18/'Ark1'!G$4 -> -642.55302 | H21: =JORD100!H18/'Ark1'!H$4 -> -326.73827 | I21: =JORD100!I18/'Ark1'!I$4 -> -901.27605 | J21: =JORD100!J18/'Ark1'!J$4 -> -969.62007 | K21: =JORD100!K18/'Ark1'!K$4 -> -1063.9928 | ... BC21: =JORD100!BC18/'Ark1'!BC$4 -> -44.966536
C22: Afkastningsgrad, pct. | D22: =JORD100!D19 -> 0.4 | E22: =JORD100!E19 -> -0.6 | F22: =JORD100!F19 -> -2.1 | G22: =JORD100!G19 -> -3 | H22: =JORD100!H19 -> -1.6 | I22: =JORD100!I19 -> -4.4 | J22: =JORD100!J19 -> -4.5 | K22: =JORD100!K19 -> -5.7 | ... BC22: =JORD100!BC19 -> -0.2
A23: Pr. bedrift (1.000 kr.) | B23: Heltidslandbrug (1973- ) | C23: Areal, ha | D23: =JORD100!D20/'Ark1'!D$4 -> 29.4 | E23: =JORD100!E20/'Ark1'!E$4 -> 26.450113 | F23: =JORD100!F20/'Ark1'!F$4 -> 25.398768 | G23: =JORD100!G20/'Ark1'!G$4 -> 24.470603 | H23: =JORD100!H20/'Ark1'!H$4 -> 22.414245 | I23: =JORD100!I20/'Ark1'!I$4 -> 21.266598 | J23: =JORD100!J20/'Ark1'!J$4 -> 20.215096 | K23: =JORD100!K20/'Ark1'!K$4 -> 18.285643 | ... BC23: =JORD100!BC20/'Ark1'!BC$4 -> 39.982804
C24: Landbrugsaktiver, primo | D24: =JORD100!D21/'Ark1'!D$4 -> 565.8 | E24: =JORD100!E21/'Ark1'!E$4 -> 600.98125 | F24: =JORD100!F21/'Ark1'!F$4 -> 669.38809 | G24: =JORD100!G21/'Ark1'!G$4 -> 776.88719 | H24: =JORD100!H21/'Ark1'!H$4 -> 757.70605 | I24: =JORD100!I21/'Ark1'!I$4 -> 831.65468 | J24: =JORD100!J21/'Ark1'!J$4 -> 904.42232 | K24: =JORD100!K21/'Ark1'!K$4 -> 818.60818 | ... BC24: =JORD100!BC21/'Ark1'!BC$4 -> 9338.1025
C25: Bruttoudbytte | D25: =JORD100!D22/'Ark1'!D$4 -> 201.7 | E25: =JORD100!E22/'Ark1'!E$4 -> 190.61425 | F25: =JORD100!F22/'Ark1'!F$4 -> 206.90897 | G25: =JORD100!G22/'Ark1'!G$4 -> 212.24799 | H25: =JORD100!H22/'Ark1'!H$4 -> 230.54652 | I25: =JORD100!I22/'Ark1'!I$4 -> 242.18972 | J25: =JORD100!J22/'Ark1'!J$4 -> 252.44482 | K25: =JORD100!K22/'Ark1'!K$4 -> 253.49015 | ... BC25: =JORD100!BC22/'Ark1'!BC$4 -> 2025.9507
C26: Driftsomkostninger | D26: =JORD100!D23/'Ark1'!D$4 -> 126.8 | E26: =JORD100!E23/'Ark1'!E$4 -> 127.56759 | F26: =JORD100!F23/'Ark1'!F$4 -> 140.28665 | G26: =JORD100!G23/'Ark1'!G$4 -> 156.11809 | H26: =JORD100!H23/'Ark1'!H$4 -> 154.87394 | I26: =JORD100!I23/'Ark1'!I$4 -> 170.72682 | J26: =JORD100!J23/'Ark1'!J$4 -> 181.39391 | K26: =JORD100!K23/'Ark1'!K$4 -> 190.43122 | ... BC26: =JORD100!BC23/'Ark1'!BC$4 -> 1601.7405
C27: Lejet arbejdskraft | D27: =JORD100!D24/'Ark1'!D$4 -> 9.3 | E27: =JORD100!E24/'Ark1'!E$4 -> 9.7128282 | F27: =JORD100!F24/'Ark1'!F$4 -> 10.919097 | G27: =JORD100!G24/'Ark1'!G$4 -> 11.109799 | H27: =JORD100!H24/'Ark1'!H$4 -> 10.324929 | I27: =JORD100!I24/'Ark1'!I$4 -> 13.54409 | J27: =JORD100!J24/'Ark1'!J$4 -> 12.627661 | K27: =JORD100!K24/'Ark1'!K$4 -> 12.110017 | ... BC27: =JORD100!BC24/'Ark1'!BC$4 -> 194.22438
C28: Ejeraflønning | D28: =JORD100!D25/'Ark1'!D$4 -> 48.1 | E28: =JORD100!E25/'Ark1'!E$4 -> 53.68072 | F28: =JORD100!F25/'Ark1'!F$4 -> 55.544969 | G28: =JORD100!G25/'Ark1'!G$4 -> 57.219095 | H28: =JORD100!H25/'Ark1'!H$4 -> 60.773318 | I28: =JORD100!I25/'Ark1'!I$4 -> 68.492703 | J28: =JORD100!J25/'Ark1'!J$4 -> 70.671542 | K28: =JORD100!K25/'Ark1'!K$4 -> 65.423038 | ... BC28: =JORD100!BC25/'Ark1'!BC$4 -> 74.953639
C29: Nettoudbytte | D29: =JORD100!D26/'Ark1'!D$4 -> 74.9 | E29: =JORD100!E26/'Ark1'!E$4 -> 63.046662 | F29: =JORD100!F26/'Ark1'!F$4 -> 66.622313 | G29: =JORD100!G26/'Ark1'!G$4 -> 56.129899 | H29: =JORD100!H26/'Ark1'!H$4 -> 75.672583 | I29: =JORD100!I26/'Ark1'!I$4 -> 71.462898 | J29: =JORD100!J26/'Ark1'!J$4 -> 71.050914 | K29: =JORD100!K26/'Ark1'!K$4 -> 63.058932 | ... BC29: =JORD100!BC26/'Ark1'!BC$4 -> 424.21021
C30: Afkastningsgrad, pct. | D30: =JORD100!D27 -> 4.7 | E30: =JORD100!E27 -> 1.6 | F30: =JORD100!F27 -> 1.7 | G30: =JORD100!G27 -> -0.1 | H30: =JORD100!H27 -> 2 | I30: =JORD100!I27 -> 0.4 | J30: =JORD100!J27 -> 0 | K30: =JORD100!K27 -> -0.3 | ... BC30: =JORD100!BC27 -> 4.6
B31: Deltidslandbrug (1973- ) | C31: Areal, ha | D31: =JORD100!D28/'Ark1'!D$4 -> 13.4 | E31: =JORD100!E28/'Ark1'!E$4 -> 11.88087 | F31: =JORD100!F28/'Ark1'!F$4 -> 11.077344 | G31: =JORD100!G28/'Ark1'!G$4 -> 10.093216 | H31: =JORD100!H28/'Ark1'!H$4 -> 9.2793669 | I31: =JORD100!I28/'Ark1'!I$4 -> 8.6135663 | J31: =JORD100!J28/'Ark1'!J$4 -> 7.9668073 | K31: =JORD100!K28/'Ark1'!K$4 -> 7.2853088 | ... BC31: =JORD100!BC28/'Ark1'!BC$4 -> 9.1768442
C32: Landbrugsaktiver, primo | D32: =JORD100!D29/'Ark1'!D$4 -> 274.4 | E32: =JORD100!E29/'Ark1'!E$4 -> 261.72603 | F32: =JORD100!F29/'Ark1'!F$4 -> 280.17769 | G32: =JORD100!G29/'Ark1'!G$4 -> 303.15955 | H32: =JORD100!H29/'Ark1'!H$4 -> 282.10582 | I32: =JORD100!I29/'Ark1'!I$4 -> 294.88099 | J32: =JORD100!J29/'Ark1'!J$4 -> 319.26845 | K32: =JORD100!K29/'Ark1'!K$4 -> 279.83306 | ... BC32: =JORD100!BC29/'Ark1'!BC$4 -> 1908.4306
C33: Bruttoudbytte | D33: =JORD100!D30/'Ark1'!D$4 -> 58.5 | E33: =JORD100!E30/'Ark1'!E$4 -> 53.420555 | F33: =JORD100!F30/'Ark1'!F$4 -> 51.826146 | G33: =JORD100!G30/'Ark1'!G$4 -> 49.086432 | H33: =JORD100!H30/'Ark1'!H$4 -> 51.755342 | I33: =JORD100!I30/'Ark1'!I$4 -> 51.206166 | J33: =JORD100!J30/'Ark1'!J$4 -> 54.250164 | K33: =JORD100!K30/'Ark1'!K$4 -> 49.019032 | ... BC33: =JORD100!BC30/'Ark1'!BC$4 -> 122.885
C34: Driftsomkostninger | D34: =JORD100!D31/'Ark1'!D$4 -> 38.8 | E34: =JORD100!E31/'Ark1'!E$4 -> 36.162941 | F34: =JORD100!F31/'Ark1'!F$4 -> 37.267351 | G34: =JORD100!G31/'Ark1'!G$4 -> 37.468342 | H34: =JORD100!H31/'Ark1'!H$4 -> 35.483776 | I34: =JORD100!I31/'Ark1'!I$4 -> 37.840288 | J34: =JORD100!J31/'Ark1'!J$4 -> 41.080544 | K34: =JORD100!K31/'Ark1'!K$4 -> 41.106511 | ... BC34: =JORD100!BC31/'Ark1'!BC$4 -> 117.23771
C35: Lejet arbejdskraft | D35: =JORD100!D32/'Ark1'!D$4 -> 0.3 | E35: =JORD100!E32/'Ark1'!E$4 -> 0.4336084 | F35: =JORD100!F32/'Ark1'!F$4 -> 0.39561944 | G35: =JORD100!G32/'Ark1'!G$4 -> 0.43567839 | H35: =JORD100!H32/'Ark1'!H$4 -> 0.32673827 | I35: =JORD100!I32/'Ark1'!I$4 -> 0.29701953 | J35: =JORD100!J32/'Ark1'!J$4 -> 0.27097984 | K35: =JORD100!K32/'Ark1'!K$4 -> 0.28948247 | ... BC35: =JORD100!BC32/'Ark1'!BC$4 -> 1.0023937
C36: Ejeraflønning | D36: =JORD100!D33/'Ark1'!D$4 -> 18.5 | E36: =JORD100!E33/'Ark1'!E$4 -> 18.905326 | F36: =JORD100!F33/'Ark1'!F$4 -> 20.413963 | G36: =JORD100!G33/'Ark1'!G$4 -> 20.549497 | H36: =JORD100!H33/'Ark1'!H$4 -> 20.911249 | I36: =JORD100!I33/'Ark1'!I$4 -> 26.434738 | J36: =JORD100!J33/'Ark1'!J$4 -> 27.42316 | K36: =JORD100!K33/'Ark1'!K$4 -> 23.978798 | ... BC36: =JORD100!BC33/'Ark1'!BC$4 -> 25.878701
C37: Nettoudbytte | D37: =JORD100!D34/'Ark1'!D$4 -> 19.7 | E37: =JORD100!E34/'Ark1'!E$4 -> 17.257614 | F37: =JORD100!F34/'Ark1'!F$4 -> 14.558795 | G37: =JORD100!G34/'Ark1'!G$4 -> 11.61809 | H37: =JORD100!H34/'Ark1'!H$4 -> 16.271566 | I37: =JORD100!I34/'Ark1'!I$4 -> 13.365879 | J37: =JORD100!J34/'Ark1'!J$4 -> 13.16962 | K37: =JORD100!K34/'Ark1'!K$4 -> 7.9125209 | ... BC37: =JORD100!BC34/'Ark1'!BC$4 -> 5.6472887
C38: Afkastningsgrad, pct. | D38: =JORD100!D35/'Ark1'!$D$4 -> 0.4 | E38: =JORD100!E35/'Ark1'!$D$4 -> -0.6 | F38: =JORD100!F35/'Ark1'!$D$4 -> -2.1 | G38: =JORD100!G35/'Ark1'!$D$4 -> -3 | H38: =JORD100!H35/'Ark1'!$D$4 -> -1.6 | I38: =JORD100!I35/'Ark1'!$D$4 -> -4.4 | J38: =JORD100!J35/'Ark1'!$D$4 -> -4.5 | K38: =JORD100!K35/'Ark1'!$D$4 -> -5.7 | ... BC38: =JORD100!BC35/'Ark1'!$D$4 -> -0.2
