Workbook

Sheet 01000
A1: Mængder | C1: 1993 | D1: 1994 | E1: 1995 | F1: 1996 | G1: 1997 | H1: 1998 | I1: 1999 | J1: 2000 | K1: 2001 | L1: 2002 | M1: 2003 | N1: 2004 | O1: 2005 | P1: 2006 | Q1: 2007 | R1: 2008 | S1: 2009 | T1: 2010 | U1: 2011 | V1: 2012 | W1: 2013 | X1: 2014 | Y1: 2015 | Z1: 2016 | AA1: 2017 | AB1: 2018 | AC1: 2019 | AD1: 2020 | AE1: 2021 | AF1: 2022
A2: Y | C2: =Y!AB4 -> 69638.69 | D2: =Y!AC4 -> 68856.807 | E2: =Y!AD4 -> 69737.096 | F2: =Y!AE4 -> 70280.702 | G2: =Y!AF4 -> 72177.731 | H2: =Y!AG4 -> 73158.199 | I2: =Y!AH4 -> 73173.611 | J2: =Y!AI4 -> 74464.21 | ... AF2: =Y!BE4 -> 81481.018
A3: Mtot | C3: =M_tot!AB4 -> 58815.855 | D3: =M_tot!AC4 -> 57920.723 | E3: =M_tot!AD4 -> 58130.609 | F3: =M_tot!AE4 -> 59331.138 | G3: =M_tot!AF4 -> 62338.487 | H3: =M_tot!AG4 -> 64918.017 | I3: =M_tot!AH4 -> 66099.123 | J3: =M_tot!AI4 -> 65171.865 | ... AF3: =M_tot!BE4 -> 52153.994
A4: MDtot | C4: =MDtot!AB4 -> 40169.914 | D4: =MDtot!AC4 -> 39171.124 | E4: =MDtot!AD4 -> 38654.183 | F4: =MDtot!AE4 -> 38488.072 | G4: =MDtot!AF4 -> 39980.752 | H4: =MDtot!AG4 -> 40065.075 | I4: =MDtot!AH4 -> 41213.409 | J4: =MDtot!AI4 -> 39869.067 | ... AF4: =MDtot!BE4 -> 42512.469
A5: MFtot | C5: =MFtot!AB4 -> 12232.502 | D5: =MFtot!AC4 -> 11218.161 | E5: =MFtot!AD4 -> 10511.072 | F5: =MFtot!AE4 -> 9836.3247 | G5: =MFtot!AF4 -> 10011.355 | H5: =MFtot!AG4 -> 11135.292 | I5: =MFtot!AH4 -> 10713.711 | J5: =MFtot!AI4 -> 10401.888 | ... AF5: =MFtot!BE4 -> 10684.743
A6: JKL | C6: =JKL!B4 -> 64494.017 | D6: =JKL!C4 -> 61394.762 | E6: =JKL!D4 -> 60299.504 | F6: =JKL!E4 -> 59681.765 | G6: =JKL!F4 -> 58957.258 | H6: =JKL!G4 -> 58903.895 | I6: =JKL!H4 -> 58150.047 | J6: =JKL!I4 -> 56506.64 | ... AF6: =JKL!AE4 -> 47162.558
A7: KL | C7: =KL!B4 -> 49999.608 | D7: =KL!C4 -> 48351.425 | E7: =KL!D4 -> 47471.354 | F7: =KL!E4 -> 46680.113 | G7: =KL!F4 -> 45637.233 | H7: =KL!G4 -> 45231.472 | I7: =KL!H4 -> 44372.399 | J7: =KL!I4 -> 43165.21 | ... AF7: =KL!AE4 -> 32114.78
A8: MD | B8: 01000 | C8: =M_D!AC4 -> 10515.091 | D8: =M_D!AD4 -> 10348.109 | E8: =M_D!AE4 -> 10887.235 | F8: =M_D!AF4 -> 11408.106 | G8: =M_D!AG4 -> 11468.928 | H8: =M_D!AH4 -> 11366.961 | I8: =M_D!AI4 -> 12541.535 | J8: =M_D!AJ4 -> 12348.996 | ... AF8: =M_D!BF4 -> 11377.674
B9: 10120 | C9: =M_D!AC5 -> 4022.3888 | D9: =M_D!AD5 -> 3945.5878 | E9: =M_D!AE5 -> 4071.0425 | F9: =M_D!AF5 -> 3479.085 | G9: =M_D!AG5 -> 3723.5773 | H9: =M_D!AH5 -> 3696.5954 | I9: =M_D!AI5 -> 3468.9447 | J9: =M_D!AJ5 -> 3150.118 | ... AF9: =M_D!BF5 -> 10400.685
B10: REST | C10: =M_D!AC6 -> 26470.824 | D10: =M_D!AD6 -> 25674.114 | E10: =M_D!AE6 -> 24362.444 | F10: =M_D!AF6 -> 24081.286 | G10: =M_D!AG6 -> 25366.734 | H10: =M_D!AH6 -> 25601.393 | I10: =M_D!AI6 -> 25678.757 | J10: =M_D!AJ6 -> 24772.285 | ... AF10: =M_D!BF6 -> 20752.792
A11: M_F | B11: 01000 | C11: =M_F!AC4 -> 684.61314 | D11: =M_F!AD4 -> 539.41007 | E11: =M_F!AE4 -> 551.38119 | F11: =M_F!AF4 -> 526.29729 | G11: =M_F!AG4 -> 514.50158 | H11: =M_F!AH4 -> 750.44625 | I11: =M_F!AI4 -> 742.33836 | J11: =M_F!AJ4 -> 807.85043 | ... AF11: =M_F!BF4 -> 904.15457
B12: 10120 | C12: =M_F!AC5 -> 6475.2934 | D12: =M_F!AD5 -> 6417.0224 | E12: =M_F!AE5 -> 5809.5681 | F12: =M_F!AF5 -> 5207.4533 | G12: =M_F!AG5 -> 5169.0392 | H12: =M_F!AH5 -> 5769.2418 | I12: =M_F!AI5 -> 5155.4147 | J12: =M_F!AJ5 -> 5390.7143 | ... AF12: =M_F!BF5 -> 5832.7793
B13: REST | C13: =M_F!AC6 -> 5095.0533 | D13: =M_F!AD6 -> 4224.9361 | E13: =M_F!AE6 -> 4123.1343 | F13: =M_F!AF6 -> 4100.3871 | G13: =M_F!AG6 -> 4400.2278 | H13: =M_F!AH6 -> 4513.1561 | I13: =M_F!AI6 -> 4785.3657 | J13: =M_F!AJ6 -> 4078.6806 | ... AF13: =M_F!BF6 -> 3971.3521
A14: L | C14: =L!AC4/1000 -> 205.929 | D14: =L!AD4/1000 -> 187.306 | E14: =L!AE4/1000 -> 180.889 | F14: =L!AF4/1000 -> 173.049 | G14: =L!AG4/1000 -> 162.332 | H14: =L!AH4/1000 -> 160.81 | I14: =L!AI4/1000 -> 152.28 | J14: =L!AJ4/1000 -> 149.02 | ... AF14: =L!BF4/1000 -> 84.49
A15: J | C15: =J!M4 -> 303379.47 | D15: =J!N4 -> 298275.36 | E15: =J!O4 -> 300079.34 | F15: =J!P4 -> 304116 | G15: =J!Q4 -> 309400.68 | H15: =J!R4 -> 309535.76 | I15: =J!S4 -> 300074.52 | J15: =J!T4 -> 298499.23 | ... AF15: =J!AP4 -> 298554.25
A16: K | C16: =K!AB4 -> 265264.85 | D16: =K!AC4 -> 261502.44 | E16: =K!AD4 -> 258943.47 | F16: =K!AE4 -> 255818.3 | G16: =K!AF4 -> 253576.45 | H16: =K!AG4 -> 250997.48 | I16: =K!AH4 -> 243846.79 | J16: =K!AI4 -> 242189.17 | ... AF16: =K!BE4 -> 190721.79
A18: Priser | C18: 1993 | D18: 1994 | E18: 1995 | F18: 1996 | G18: 1997 | H18: 1998 | I18: 1999 | J18: 2000 | K18: 2001 | L18: 2002 | M18: 2003 | N18: 2004 | O18: 2005 | P18: 2006 | Q18: 2007 | R18: 2008 | S18: 2009 | T18: 2010 | U18: 2011 | V18: 2012 | W18: 2013 | X18: 2014 | Y18: 2015 | Z18: 2016 | AA18: 2017 | AB18: 2018 | AC18: 2019 | AD18: 2020 | AE18: 2021 | AF18: 2022
A19: Y | C19: =P!AB4 -> 0.80025435 | D19: =P!AC4 -> 0.80089488 | E19: =P!AD4 -> 0.83564746 | F19: =P!AE4 -> 0.84700116 | G19: =P!AF4 -> 0.84671658 | H19: =P!AG4 -> 0.75191861 | I19: =P!AH4 -> 0.73512719 | J19: =P!AI4 -> 0.80247949 | ... AF19: =P!BE4 -> 1.1755229
A20: Mtot | C20: =P_Mtot!AB4 -> 0.57109878 | D20: =P_Mtot!AC4 -> 0.5600206 | E20: =P_Mtot!AD4 -> 0.54846327 | F20: =P_Mtot!AE4 -> 0.54271973 | G20: =P_Mtot!AF4 -> 0.54973262 | H20: =P_Mtot!AG4 -> 0.50941847 | I20: =P_Mtot!AH4 -> 0.49982297 | J20: =P_Mtot!AI4 -> 0.52682465 | ... AF20: =P_Mtot!BE4 -> 1.3658065
A21: MDtot | C21: =P_MDtot!AB4 -> 0.68497098 | D21: =P_MDtot!AC4 -> 0.69705886 | E21: =P_MDtot!AD4 -> 0.7120465 | F21: =P_MDtot!AE4 -> 0.71632009 | G21: =P_MDtot!AF4 -> 0.72380161 | H21: =P_MDtot!AG4 -> 0.70846055 | I21: =P_MDtot!AH4 -> 0.70268461 | J21: =P_MDtot!AI4 -> 0.73851085 | ... AF21: =P_MDtot!BE4 -> 1.2425342
A22: MFtot | C22: =P_MFtot!AB4 -> 0.63213063 | D22: =P_MFtot!AC4 -> 0.60712074 | E22: =P_MFtot!AD4 -> 0.58800651 | F22: =P_MFtot!AE4 -> 0.65350272 | G22: =P_MFtot!AF4 -> 0.69064185 | H22: =P_MFtot!AG4 -> 0.58331786 | I22: =P_MFtot!AH4 -> 0.55339807 | J22: =P_MFtot!AI4 -> 0.63945187 | ... AF22: =P_MFtot!BE4 -> 1.5966176
A23: JKL | C23: =P_JKL!B4 -> 0.43713453 | D23: =P_JKL!C4 -> 0.4565416 | E23: =P_JKL!D4 -> 0.48186045 | F23: =P_JKL!E4 -> 0.49752944 | G23: =P_JKL!F4 -> 0.54638688 | H23: =P_JKL!G4 -> 0.57864629 | I23: =P_JKL!H4 -> 0.64634956 | J23: =P_JKL!I4 -> 0.62647965 | ... AF23: =P_JKL!AE4 -> 1.087387
A24: KL | C24: =P_KL!B4 -> 0.40621427 | D24: =P_KL!C4 -> 0.42737516 | E24: =P_KL!D4 -> 0.43899956 | F24: =P_KL!E4 -> 0.45480608 | G24: =P_KL!F4 -> 0.49126852 | H24: =P_KL!G4 -> 0.51329255 | I24: =P_KL!H4 -> 0.58092135 | J24: =P_KL!I4 -> 0.5375887 | ... AF24: =P_KL!AE4 -> 1.0666988
A25: MD | B25: 01000 | C25: =P_D!AC4 -> 0.78233354 | D25: =P_D!AD4 -> 0.78251869 | E25: =P_D!AE4 -> 0.81311562 | F25: =P_D!AF4 -> 0.80405777 | G25: =P_D!AG4 -> 0.79597314 | H25: =P_D!AH4 -> 0.77210326 | I25: =P_D!AI4 -> 0.76788256 | J25: =P_D!AJ4 -> 0.79735022 | ... AF25: =P_D!BF4 -> 1.116501
B26: 10120 | C26: =P_D!AC5 -> 0.61099514 | D26: =P_D!AD5 -> 0.60867407 | E26: =P_D!AE5 -> 0.59880142 | F26: =P_D!AF5 -> 0.6517136 | G26: =P_D!AG5 -> 0.66829819 | H26: =P_D!AH5 -> 0.63895281 | I26: =P_D!AI5 -> 0.58286198 | J26: =P_D!AJ5 -> 0.71429928 | ... AF26: =P_D!BF5 -> 1.3235891
B27: REST | C27: =P_D!AC6 -> 0.63584182 | D27: =P_D!AD6 -> 0.65456644 | E27: =P_D!AE6 -> 0.66632269 | F27: =P_D!AF6 -> 0.66979962 | G27: =P_D!AG6 -> 0.68281213 | H27: =P_D!AH6 -> 0.67363939 | I27: =P_D!AI6 -> 0.67400794 | J27: =P_D!AJ6 -> 0.7002639 | ... AF27: =P_D!BF6 -> 1.2698908
A28: M_F | B28: 01000 | C28: =P_F!AC4 -> 1.137717 | D28: =P_F!AD4 -> 1.0301458 | E28: =P_F!AE4 -> 1.0179437 | F28: =P_F!AF4 -> 1.0375809 | G28: =P_F!AG4 -> 1.0236256 | H28: =P_F!AH4 -> 0.95326881 | I28: =P_F!AI4 -> 0.95818975 | J28: =P_F!AJ4 -> 1.0059399 | ... AF28: =P_F!BF4 -> 1.2994625
B29: 10120 | C29: =P_F!AC5 -> 0.67922204 | D29: =P_F!AD5 -> 0.6424006 | E29: =P_F!AE5 -> 0.59681149 | F29: =P_F!AF5 -> 0.72397845 | G29: =P_F!AG5 -> 0.79305222 | H29: =P_F!AH5 -> 0.61011639 | I29: =P_F!AI5 -> 0.53699618 | J29: =P_F!AJ5 -> 0.66140419 | ... AF29: =P_F!BF5 -> 1.4071021
B30: REST | C30: =P_F!AC6 -> 0.50156119 | D30: =P_F!AD6 -> 0.50481426 | E30: =P_F!AE6 -> 0.52195413 | F30: =P_F!AF6 -> 0.51505015 | G30: =P_F!AG6 -> 0.52003808 | H30: =P_F!AH6 -> 0.5007868 | I30: =P_F!AI6 -> 0.51181208 | J30: =P_F!AJ6 -> 0.5573903 | ... AF30: =P_F!BF6 -> 1.9331497
A31: L | C31: =w!AC4 -> 20.647432 | D31: =w!AD4 -> 22.079768 | E31: =w!AE4 -> 23.628678 | F31: =w!AF4 -> 25.27435 | G31: =w!AG4 -> 28.771524 | H31: =w!AH4 -> 29.709266 | I31: =w!AI4 -> 30.675946 | J31: =w!AJ4 -> 32.824487 | ... AF31: =w!BF4 -> 127.31765
A32: J | C32: =P_Jord!M2 -> 0.02372188 | D32: =P_Jord!N2 -> 0.024276743 | E32: =P_Jord!O2 -> 0.027545159 | F32: =P_Jord!P2 -> 0.028202661 | G32: =P_Jord!Q2 -> 0.032202635 | H32: =P_Jord!R2 -> 0.035124494 | I32: =P_Jord!S2 -> 0.038148688 | J32: =P_Jord!T2 -> 0.040640339 | ... AF32: =P_Jord!AP2 -> 0.056606306
A33: K | C33: =P_K!AB2 -> 0.059463781 | D33: =P_K!AC2 -> 0.062309517 | E33: =P_K!AD2 -> 0.063348304 | F33: =P_K!AE2 -> 0.065097984 | G33: =P_K!AF2 -> 0.06938361 | H33: =P_K!AG2 -> 0.072717441 | I33: =P_K!AH2 -> 0.084086664 | J33: =P_K!AI2 -> 0.075102996 | ... AF33: =P_K!BE2 -> 0.12079438

Sheet 10120
A2: Mængder | C2: 1993 | D2: 1994 | E2: 1995 | F2: 1996 | G2: 1997 | H2: 1998 | I2: 1999 | J2: 2000 | K2: 2001 | L2: 2002 | M2: 2003 | N2: 2004 | O2: 2005 | P2: 2006 | Q2: 2007 | R2: 2008 | S2: 2009 | T2: 2010 | U2: 2011 | V2: 2012 | W2: 2013 | X2: 2014 | Y2: 2015 | Z2: 2016 | AA2: 2017 | AB2: 2018 | AC2: 2019 | AD2: 2020 | AE2: 2021 | AF2: 2022
A3: Y | C3: =Y!AB5 -> 150359.82 | D3: =Y!AC5 -> 151786.73 | E3: =Y!AD5 -> 151157.95 | F3: =Y!AE5 -> 144547.1 | G3: =Y!AF5 -> 146043.78 | H3: =Y!AG5 -> 150061.67 | I3: =Y!AH5 -> 149807.44 | J3: =Y!AI5 -> 149968.46 | ... AF3: =Y!BE5 -> 168806.14
A4: Mtot | C4: =M_tot!AB5 -> 130572.26 | D4: =M_tot!AC5 -> 132987.96 | E4: =M_tot!AD5 -> 129295.44 | F4: =M_tot!AE5 -> 125463.49 | G4: =M_tot!AF5 -> 122208.94 | H4: =M_tot!AG5 -> 123079 | I4: =M_tot!AH5 -> 121389.7 | J4: =M_tot!AI5 -> 123225.67 | ... AF4: =M_tot!BE5 -> 128980.71
A5: MDtot | C5: =MDtot!AB5 -> 99002.458 | D5: =MDtot!AC5 -> 98515.248 | E5: =MDtot!AD5 -> 94913.352 | F5: =MDtot!AE5 -> 89306.466 | G5: =MDtot!AF5 -> 87818.068 | H5: =MDtot!AG5 -> 91349.28 | I5: =MDtot!AH5 -> 89368.694 | J5: =MDtot!AI5 -> 88151.946 | ... AF5: =MDtot!BE5 -> 94115.541
A6: MFtot | C6: =MFtot!AB5 -> 16461.391 | D6: =MFtot!AC5 -> 18321.557 | E6: =MFtot!AD5 -> 19482.96 | F6: =MFtot!AE5 -> 20617.97 | G6: =MFtot!AF5 -> 21007.964 | H6: =MFtot!AG5 -> 21431.735 | I6: =MFtot!AH5 -> 21626.279 | J6: =MFtot!AI5 -> 24106.921 | ... AF6: =MFtot!BE5 -> 34477.997
A7: JKL | C7: =JKL!B5 -> 0 | D7: =JKL!C5 -> 0 | E7: =JKL!D5 -> 0 | F7: =JKL!E5 -> 0 | G7: =JKL!F5 -> 0 | H7: =JKL!G5 -> 0 | I7: =JKL!H5 -> 0 | J7: =JKL!I5 -> 0 | ... AF7: =JKL!AE5 -> 0
A8: KL | C8: =KL!B5 -> 46040.827 | D8: =KL!C5 -> 45387.876 | E8: =KL!D5 -> 46164.598 | F8: =KL!E5 -> 45462.042 | G8: =KL!F5 -> 45193.503 | H8: =KL!G5 -> 44559.239 | I8: =KL!H5 -> 45024.582 | J8: =KL!I5 -> 45246.877 | ... AF8: =KL!AE5 -> 35094.697
A9: MD | B9: 01000 | C9: =M_D!AC7 -> 41769.774 | D9: =M_D!AD7 -> 42524.839 | E9: =M_D!AE7 -> 41604.931 | F9: =M_D!AF7 -> 42107.744 | G9: =M_D!AG7 -> 42549.732 | H9: =M_D!AH7 -> 43778.572 | I9: =M_D!AI7 -> 43967.402 | J9: =M_D!AJ7 -> 43435.648 | ... AF9: =M_D!BF7 -> 46362.37
B10: 10120 | C10: =M_D!AC8 -> 27108.113 | D10: =M_D!AD8 -> 24901.839 | E10: =M_D!AE8 -> 23958.066 | F10: =M_D!AF8 -> 17972.843 | G10: =M_D!AG8 -> 16094.457 | H10: =M_D!AH8 -> 18083.047 | I10: =M_D!AI8 -> 15499.507 | J10: =M_D!AJ8 -> 15288.445 | ... AF10: =M_D!BF8 -> 18504.41
B11: REST | C11: =M_D!AC9 -> 31002.432 | D11: =M_D!AD9 -> 31964.265 | E11: =M_D!AE9 -> 30045.843 | F11: =M_D!AF9 -> 29658.81 | G11: =M_D!AG9 -> 29476.623 | H11: =M_D!AH9 -> 29795.786 | I11: =M_D!AI9 -> 30166.104 | J11: =M_D!AJ9 -> 29688.454 | ... AF11: =M_D!BF9 -> 29253.513
A12: M_F | B12: 01000 | C12: =M_F!AC7 -> 1610.9445 | D12: =M_F!AD7 -> 1910.1649 | E12: =M_F!AE7 -> 2203.4458 | F12: =M_F!AF7 -> 2081.5888 | G12: =M_F!AG7 -> 2187.8589 | H12: =M_F!AH7 -> 2330.1157 | I12: =M_F!AI7 -> 2396.8691 | J12: =M_F!AJ7 -> 2457.6181 | ... AF12: =M_F!BF7 -> 1786.8999
B13: 10120 | C13: =M_F!AC8 -> 7576.074 | D13: =M_F!AD8 -> 8563.1006 | E13: =M_F!AE8 -> 9656.6831 | F13: =M_F!AF8 -> 10371.872 | G13: =M_F!AG8 -> 10626.931 | H13: =M_F!AH8 -> 10573.136 | I13: =M_F!AI8 -> 10253.346 | J13: =M_F!AJ8 -> 11984.549 | ... AF13: =M_F!BF8 -> 16713.948
B14: REST | C14: =M_F!AC9 -> 7166.392 | D14: =M_F!AD9 -> 7716.5238 | E14: =M_F!AE9 -> 7486.4984 | F14: =M_F!AF9 -> 8045.9162 | G14: =M_F!AG9 -> 8069.0476 | H14: =M_F!AH9 -> 8369.1873 | I14: =M_F!AI9 -> 8781.4741 | J14: =M_F!AJ9 -> 9521.8058 | ... AF14: =M_F!BF9 -> 15977.698
A15: L | C15: =L!AC5/1000 -> 124.695 | D15: =L!AD5/1000 -> 121.438 | E15: =L!AE5/1000 -> 123.972 | F15: =L!AF5/1000 -> 120.697 | G15: =L!AG5/1000 -> 117.906 | H15: =L!AH5/1000 -> 115.14 | I15: =L!AI5/1000 -> 116.399 | J15: =L!AJ5/1000 -> 117.301 | ... AF15: =L!BF5/1000 -> 69.952
A16: J | C16: =J!M5 -> 0 | D16: =J!N5 -> 0 | E16: =J!O5 -> 0 | F16: =J!P5 -> 0 | G16: =J!Q5 -> 0 | H16: =J!R5 -> 0 | I16: =J!S5 -> 0 | J16: =J!T5 -> 0 | ... AF16: =J!AP5 -> 0
A17: K | C17: =K!AB5 -> 79445.567 | D17: =K!AC5 -> 80169.581 | E17: =K!AD5 -> 80876.595 | F17: =K!AE5 -> 83395.645 | G17: =K!AF5 -> 83780.653 | H17: =K!AG5 -> 84572.668 | I17: =K!AH5 -> 84522.667 | J17: =K!AI5 -> 86867.714 | ... AF17: =K!BE5 -> 102662.03
A19: Priser | C19: 1993 | D19: 1994 | E19: 1995 | F19: 1996 | G19: 1997 | H19: 1998 | I19: 1999 | J19: 2000 | K19: 2001 | L19: 2002 | M19: 2003 | N19: 2004 | O19: 2005 | P19: 2006 | Q19: 2007 | R19: 2008 | S19: 2009 | T19: 2010 | U19: 2011 | V19: 2012 | W19: 2013 | X19: 2014 | Y19: 2015 | Z19: 2016 | AA19: 2017 | AB19: 2018 | AC19: 2019 | AD19: 2020 | AE19: 2021 | AF19: 2022
A20: Y | C20: =P!AB5 -> 0.75479964 | D20: =P!AC5 -> 0.76114401 | E20: =P!AD5 -> 0.76856146 | F20: =P!AE5 -> 0.78565486 | G20: =P!AF5 -> 0.79803586 | H20: =P!AG5 -> 0.75402237 | I20: =P!AH5 -> 0.73069725 | J20: =P!AI5 -> 0.78026275 | ... AF20: =P!BE5 -> 1.1472759
A21: Mtot | C21: =P_Mtot!AB5 -> 0.66428391 | D21: =P_Mtot!AC5 -> 0.67151116 | E21: =P_Mtot!AD5 -> 0.68547191 | F21: =P_Mtot!AE5 -> 0.68816405 | G21: =P_Mtot!AF5 -> 0.71202651 | H21: =P_Mtot!AG5 -> 0.68796997 | I21: =P_Mtot!AH5 -> 0.65869187 | J21: =P_Mtot!AI5 -> 0.70101809 | ... AF21: =P_Mtot!BE5 -> 1.2481187
A22: MDtot | C22: =P_MDtot!AB5 -> 0.75104999 | D22: =P_MDtot!AC5 -> 0.7640817 | E22: =P_MDtot!AD5 -> 0.77928862 | F22: =P_MDtot!AE5 -> 0.79798993 | G22: =P_MDtot!AF5 -> 0.80896638 | H22: =P_MDtot!AG5 -> 0.74492247 | I22: =P_MDtot!AH5 -> 0.71497377 | J22: =P_MDtot!AI5 -> 0.77068319 | ... AF22: =P_MDtot!BE5 -> 1.2233192
A23: MFtot | C23: =P_MFtot!AB5 -> 0.76616485 | D23: =P_MFtot!AC5 -> 0.76683139 | E23: =P_MFtot!AD5 -> 0.7615809 | F23: =P_MFtot!AE5 -> 0.74053591 | G23: =P_MFtot!AF5 -> 0.7689577 | H23: =P_MFtot!AG5 -> 0.77715848 | I23: =P_MFtot!AH5 -> 0.73415437 | J23: =P_MFtot!AI5 -> 0.75273372 | ... AF23: =P_MFtot!BE5 -> 1.3026351
A24: JKL | C24: =P_JKL!B5 -> 0.53550069 | D24: =P_JKL!C5 -> 0.55605246 | E24: =P_JKL!D5 -> 0.57488307 | F24: =P_JKL!E5 -> 0.58886902 | G24: =P_JKL!F5 -> 0.6298813 | H24: =P_JKL!G5 -> 0.66864897 | I24: =P_JKL!H5 -> 0.68522348 | J24: =P_JKL!I5 -> 0.70817867 | ... AF24: =P_JKL!AE5 -> 1.0913175
A25: KL | C25: =P_KL!B5 -> 0.53548001 | D25: =P_KL!C5 -> 0.55840753 | E25: =P_KL!D5 -> 0.56151211 | F25: =P_KL!E5 -> 0.57525612 | G25: =P_KL!F5 -> 0.60162117 | H25: =P_KL!G5 -> 0.63212348 | I25: =P_KL!H5 -> 0.63298749 | J25: =P_KL!I5 -> 0.64614385 | ... AF25: =P_KL!AE5 -> 1.0738184
A26: MD | B26: 01000 | C26: =P_D!AC7 -> 0.82714961 | D26: =P_D!AD7 -> 0.82764052 | E26: =P_D!AE7 -> 0.84765913 | F26: =P_D!AF7 -> 0.87256809 | G26: =P_D!AG7 -> 0.88260937 | H26: =P_D!AH7 -> 0.7591156 | I26: =P_D!AI7 -> 0.71849389 | J26: =P_D!AJ7 -> 0.81148917 | ... AF26: =P_D!BF7 -> 1.2233984
B27: 10120 | C27: =P_D!AC8 -> 0.73029776 | D27: =P_D!AD8 -> 0.75279775 | E27: =P_D!AE8 -> 0.75698535 | F27: =P_D!AF8 -> 0.76998452 | G27: =P_D!AG8 -> 0.77685036 | H27: =P_D!AH8 -> 0.73049109 | I27: =P_D!AI8 -> 0.6884031 | J27: =P_D!AJ8 -> 0.72073491 | ... AF27: =P_D!BF8 -> 1.1846814
B28: REST | C28: =P_D!AC9 -> 0.64539932 | D28: =P_D!AD9 -> 0.66738184 | E28: =P_D!AE9 -> 0.68436056 | F28: =P_D!AF9 -> 0.69743108 | G28: =P_D!AG9 -> 0.71188911 | H28: =P_D!AH9 -> 0.72512364 | I28: =P_D!AI9 -> 0.71723061 | J28: =P_D!AJ9 -> 0.72993861 | ... AF28: =P_D!BF9 -> 1.2474354
A29: M_F | B29: 01000 | C29: =P_F!AC7 -> 0.92127385 | D29: =P_F!AD7 -> 0.90174988 | E29: =P_F!AE7 -> 0.83643128 | F29: =P_F!AF7 -> 0.83515485 | G29: =P_F!AG7 -> 0.93918212 | H29: =P_F!AH7 -> 0.93972802 | I29: =P_F!AI7 -> 0.83135455 | J29: =P_F!AJ7 -> 0.86370051 | ... AF29: =P_F!BF7 -> 1.3950183
B30: 10120 | C30: =P_F!AC8 -> 0.7282904 | D30: =P_F!AD8 -> 0.7366285 | E30: =P_F!AE8 -> 0.7339254 | F30: =P_F!AF8 -> 0.71547974 | G30: =P_F!AG8 -> 0.73971816 | H30: =P_F!AH8 -> 0.74249633 | I30: =P_F!AI8 -> 0.69236714 | J30: =P_F!AJ8 -> 0.70158542 | ... AF30: =P_F!BF8 -> 1.3089871
B31: REST | C31: =P_F!AC9 -> 0.78288154 | D31: =P_F!AD9 -> 0.78004425 | E31: =P_F!AE9 -> 0.78909174 | F31: =P_F!AF9 -> 0.75927139 | G31: =P_F!AG9 -> 0.77314007 | H31: =P_F!AH9 -> 0.79047879 | I31: =P_F!AI9 -> 0.77268337 | J31: =P_F!AJ9 -> 0.79977067 | ... AF31: =P_F!BF9 -> 1.2856138
A32: L | C32: =w!AC5 -> 137.34957 | D32: =w!AD5 -> 142.05217 | E32: =w!AE5 -> 142.6408 | F32: =w!AF5 -> 147.93775 | G32: =w!AG5 -> 153.19007 | H32: =w!AH5 -> 163.48697 | I32: =w!AI5 -> 162.29581 | J32: =w!AJ5 -> 166.99432 | ... AF32: =w!BF5 -> 327.89005
A33: J | C33: =P_Jord!M3 -> 0 | D33: =P_Jord!N3 -> 0 | E33: =P_Jord!O3 -> 0 | F33: =P_Jord!P3 -> 0 | G33: =P_Jord!Q3 -> 0 | H33: =P_Jord!R3 -> 0 | I33: =P_Jord!S3 -> 0 | J33: =P_Jord!T3 -> 0 | ... AF33: =P_Jord!AP3 -> 0
A34: K | C34: =P_K!AB3 -> 0.095975689 | D34: =P_K!AC3 -> 0.10188612 | E34: =P_K!AD3 -> 0.10276361 | F34: =P_K!AE3 -> 0.10258437 | G34: =P_K!AF3 -> 0.10944624 | H34: =P_K!AG3 -> 0.11151801 | I34: =P_K!AH3 -> 0.11361741 | J34: =P_K!AI3 -> 0.11413968 | ... AF34: =P_K!BE3 -> 0.14478596

Sheet Y
B1: Xt
A2: TID | B2: 1967 | C2: 1968 | D2: 1969 | E2: 1970 | F2: 1971 | G2: 1972 | H2: 1973 | I2: 1974 | J2: 1975 | K2: 1976 | L2: 1977 | M2: 1978 | N2: 1979 | O2: 1980 | P2: 1981 | Q2: 1982 | R2: 1983 | S2: 1984 | T2: 1985 | U2: 1986 | V2: 1987 | W2: 1988 | X2: 1989 | Y2: 1990 | Z2: 1991 | AA2: 1992 | AB2: 1993 | AC2: 1994 | AD2: 1995 | AE2: 1996 | AF2: 1997 | AG2: 1998 | AH2: 1999 | AI2: 2000 | AJ2: 2001 | AK2: 2002 | AL2: 2003 | AM2: 2004 | AN2: 2005 | AO2: 2006 | AP2: 2007 | AQ2: 2008 | AR2: 2009 | AS2: 2010 | AT2: 2011 | AU2: 2012 | AV2: 2013 | AW2: 2014 | AX2: 2015 | AY2: 2016 | AZ2: 2017 | BA2: 2018 | BB2: 2019 | BC2: 2020 | BD2: 2021 | BE2: 2022
A3: ANVENDELSE
A4: 01000 | B4: 44352.253 | C4: 44088.474 | D4: 44065.485 | E4: 41076.955 | F4: 44428.588 | G4: 45125.516 | H4: 45687.594 | I4: 47792.366 | J4: 45353.08 | K4: 45360.614 | L4: 48300.748 | M4: 50462.618 | N4: 51681.032 | O4: 51506.404 | P4: 52624.818 | Q4: 55228.202 | R4: 53482.361 | S4: 58750.744 | T4: 58588.026 | U4: 58742.299 | V4: 56961.097 | W4: 56075.446 | X4: 58852.663 | Y4: 62263.479 | Z4: 60786.475 | AA4: 60399.718 | AB4: 69638.69 | AC4: 68856.807 | AD4: 69737.096 | AE4: 70280.702 | AF4: 72177.731 | AG4: 73158.199 | AH4: 73173.611 | AI4: 74464.21 | AJ4: 73547.402 | AK4: 74587.448 | AL4: 74719.005 | AM4: 75618.655 | AN4: 74196.06 | AO4: 75618.96 | AP4: 79159.854 | AQ4: 73126.391 | AR4: 73444.22 | AS4: 77334.77 | AT4: 75869.896 | AU4: 77617.493 | AV4: 76593.51 | AW4: 80374.732 | AX4: 79210.579 | AY4: 76984.41 | AZ4: 80708.048 | BA4: 79724.539 | BB4: 78394.569 | BC4: 80503.511 | BD4: 82678.533 | BE4: 81481.018
A5: 10120 | B5: 83186.189 | C5: 86476.234 | D5: 85557.501 | E5: 89270.716 | F5: 92244.747 | G5: 94861.982 | H5: 96469.273 | I5: 98731.17 | J5: 96574.474 | K5: 100366.04 | L5: 105550.69 | M5: 108622.24 | N5: 118817.66 | O5: 124261.63 | P5: 125155.28 | Q5: 121655.97 | R5: 119434.54 | S5: 120350.92 | T5: 126590.8 | U5: 133131.09 | V5: 131489.29 | W5: 131466.32 | X5: 131914.27 | Y5: 138076.58 | Z5: 139256.11 | AA5: 142823.72 | AB5: 150359.82 | AC5: 151786.73 | AD5: 151157.95 | AE5: 144547.1 | AF5: 146043.78 | AG5: 150061.67 | AH5: 149807.44 | AI5: 149968.46 | AJ5: 152904.38 | AK5: 155839.87 | AL5: 157377.12 | AM5: 159879.98 | AN5: 163810.69 | AO5: 162171.86 | AP5: 160069.3 | AQ5: 158120.91 | AR5: 150853.33 | AS5: 144714.15 | AT5: 145739.45 | AU5: 142580.88 | AV5: 144480.44 | AW5: 145446.79 | AX5: 146833.77 | AY5: 148098.44 | AZ5: 153499.94 | BA5: 153657.79 | BB5: 155602.57 | BC5: 161377.86 | BD5: 165261.18 | BE5: 168806.14
A6: REST | B6: 1109665.2 | C6: 1150467.2 | D6: 1244272.4 | E6: 1296967.3 | F6: 1323255.2 | G6: 1389078.8 | H6: 1455464.8 | I6: 1429114.2 | J6: 1395556.7 | K6: 1504518.1 | L6: 1524849.3 | M6: 1565128.5 | N6: 1624837 | O6: 1610111.2 | P6: 1578283.4 | Q6: 1618114.6 | R6: 1656904 | S6: 1747167.8 | T6: 1838273 | U6: 1959928.8 | V6: 1995809.2 | W6: 2024259.3 | X6: 2032213.7 | Y6: 2061376.4 | Z6: 2081193.2 | AA6: 2112919.2 | AB6: 2121405.3 | AC6: 2237038.4 | AD6: 2322092.6 | AE6: 2404762 | AF6: 2483498.2 | AG6: 2556756.6 | AH6: 2672884.8 | AI6: 2814342.7 | AJ6: 2887124.9 | AK6: 2919063.6 | AL6: 2924155.7 | AM6: 2993388 | AN6: 3163125.6 | AO6: 3345591.2 | AP6: 3450061.6 | AQ6: 3489091 | AR6: 3255992.7 | AS6: 3260982 | AT6: 3349605.6 | AU6: 3379079.5 | AV6: 3383461.5 | AW6: 3454296 | AX6: 3545031.5 | AY6: 3681621.6 | AZ6: 3775390.8 | BA6: 3850118.5 | BB6: 3911961.7 | BC6: 3813550.3 | BD6: 4064668.8 | BE6: 4180703.9

Sheet M_tot
B1: Xt
A2: TID | B2: 1967 | C2: 1968 | D2: 1969 | E2: 1970 | F2: 1971 | G2: 1972 | H2: 1973 | I2: 1974 | J2: 1975 | K2: 1976 | L2: 1977 | M2: 1978 | N2: 1979 | O2: 1980 | P2: 1981 | Q2: 1982 | R2: 1983 | S2: 1984 | T2: 1985 | U2: 1986 | V2: 1987 | W2: 1988 | X2: 1989 | Y2: 1990 | Z2: 1991 | AA2: 1992 | AB2: 1993 | AC2: 1994 | AD2: 1995 | AE2: 1996 | AF2: 1997 | AG2: 1998 | AH2: 1999 | AI2: 2000 | AJ2: 2001 | AK2: 2002 | AL2: 2003 | AM2: 2004 | AN2: 2005 | AO2: 2006 | AP2: 2007 | AQ2: 2008 | AR2: 2009 | AS2: 2010 | AT2: 2011 | AU2: 2012 | AV2: 2013 | AW2: 2014 | AX2: 2015 | AY2: 2016 | AZ2: 2017 | BA2: 2018 | BB2: 2019 | BC2: 2020 | BD2: 2021 | BE2: 2022
A3: ANVENDELSE
A4: 01000 | B4: 36286.068 | C4: 35648.365 | D4: 35411.44 | E4: 36831.743 | F4: 36581.647 | G4: 36337.603 | H4: 38932.19 | I4: 37915.618 | J4: 38386.534 | K4: 42245.594 | L4: 43231.703 | M4: 47371.118 | N4: 51396.739 | O4: 50520.803 | P4: 49904.905 | Q4: 50707.483 | R4: 50978.938 | S4: 51240.812 | T4: 53708.663 | U4: 52495.873 | V4: 54808.035 | W4: 52067.454 | X4: 50222.42 | Y4: 51620.02 | Z4: 49891.226 | AA4: 52221.712 | AB4: 58815.855 | AC4: 57920.723 | AD4: 58130.609 | AE4: 59331.138 | AF4: 62338.487 | AG4: 64918.017 | AH4: 66099.123 | AI4: 65171.865 | AJ4: 63252.997 | AK4: 67487.135 | AL4: 64683.309 | AM4: 64431.452 | AN4: 63687.737 | AO4: 62401.498 | AP4: 60544.132 | AQ4: 59998.917 | AR4: 61009.714 | AS4: 59831.101 | AT4: 60233.089 | AU4: 59147.607 | AV4: 59127.63 | AW4: 57258.392 | AX4: 58279.704 | AY4: 58501.307 | AZ4: 57482.406 | BA4: 56699.817 | BB4: 52681.075 | BC4: 53402.835 | BD4: 51862.639 | BE4: 52153.994
A5: 10120 | B5: 57424.459 | C5: 60414.069 | D5: 62522.3 | E5: 67746.779 | F5: 73500.745 | G5: 78564.212 | H5: 82192.116 | I5: 85685.212 | J5: 84789.959 | K5: 89629.126 | L5: 92939.84 | M5: 96261.409 | N5: 105690.94 | O5: 110097.16 | P5: 107517.47 | Q5: 103062.6 | R5: 99139.719 | S5: 101401.48 | T5: 107339.59 | U5: 114713.18 | V5: 115238.85 | W5: 112540.82 | X5: 111155.12 | Y5: 116914.67 | Z5: 116466.86 | AA5: 122116.89 | AB5: 130572.26 | AC5: 132987.96 | AD5: 129295.44 | AE5: 125463.49 | AF5: 122208.94 | AG5: 123079 | AH5: 121389.7 | AI5: 123225.67 | AJ5: 124433.72 | AK5: 131672.92 | AL5: 137330.07 | AM5: 138898.36 | AN5: 143560.35 | AO5: 143736.48 | AP5: 141485.12 | AQ5: 138585.67 | AR5: 131190.5 | AS5: 124018.68 | AT5: 124229.51 | AU5: 121432.56 | AV5: 122478.53 | AW5: 121298.97 | AX5: 124499.62 | AY5: 124509.59 | AZ5: 127029.86 | BA5: 128793.89 | BB5: 126939.79 | BC5: 130185.31 | BD5: 130100.96 | BE5: 128980.71
A6: REST | B6: 429425.77 | C6: 438104.29 | D6: 481460.68 | E6: 508854.09 | F6: 510244.46 | G6: 540634.97 | H6: 570883.72 | I6: 556252.43 | J6: 535578.38 | K6: 583106.24 | L6: 591924.48 | M6: 608211.11 | N6: 628418.8 | O6: 618325.33 | P6: 593573.52 | Q6: 593445.7 | R6: 609143.43 | S6: 667096.98 | T6: 710926.28 | U6: 775663.24 | V6: 789733.13 | W6: 796441.78 | X6: 793487.58 | Y6: 800866.82 | Z6: 801200.15 | AA6: 809276.4 | AB6: 814819.29 | AC6: 864082.93 | AD6: 912068.8 | AE6: 951107.78 | AF6: 981114.47 | AG6: 1017067.6 | AH6: 1081882.8 | AI6: 1133494 | AJ6: 1185092.3 | AK6: 1205063.8 | AL6: 1191577.4 | AM6: 1223673.4 | AN6: 1342970 | AO6: 1437216.6 | AP6: 1499775.9 | AQ6: 1517743.2 | AR6: 1379351.6 | AS6: 1364739.9 | AT6: 1400676.1 | AU6: 1427973.9 | AV6: 1417020.8 | AW6: 1463315.3 | AX6: 1517724.4 | AY6: 1581461.1 | AZ6: 1617080.5 | BA6: 1650726.9 | BB6: 1681786.2 | BC6: 1658028.6 | BD6: 1767698.2 | BE6: 1864350.3

Sheet JKL
B1: Xt
A2: TID | B2: 1993 | C2: 1994 | D2: 1995 | E2: 1996 | F2: 1997 | G2: 1998 | H2: 1999 | I2: 2000 | J2: 2001 | K2: 2002 | L2: 2003 | M2: 2004 | N2: 2005 | O2: 2006 | P2: 2007 | Q2: 2008 | R2: 2009 | S2: 2010 | T2: 2011 | U2: 2012 | V2: 2013 | W2: 2014 | X2: 2015 | Y2: 2016 | Z2: 2017 | AA2: 2018 | AB2: 2019 | AC2: 2020 | AD2: 2021 | AE2: 2022
A3: ANVENDELSE
A4: 01000 | B4: 64494.017 | C4: 61394.762 | D4: 60299.504 | E4: 59681.765 | F4: 58957.258 | G4: 58903.895 | H4: 58150.047 | I4: 56506.64 | J4: 56013.075 | K4: 56125.378 | L4: 55149.51 | M4: 54759.451 | N4: 54115.741 | O4: 54107.868 | P4: 54223.968 | Q4: 53844.429 | R4: 54840.115 | S4: 54108.149 | T4: 53665.503 | U4: 53118.874 | V4: 52521.227 | W4: 52149.568 | X4: 52156.474 | Y4: 50571.911 | Z4: 50311.579 | AA4: 49657.182 | AB4: 48531.675 | AC4: 48195.839 | AD4: 47743.073 | AE4: 47162.558
A5: 10120 | B5: 0 | C5: 0 | D5: 0 | E5: 0 | F5: 0 | G5: 0 | H5: 0 | I5: 0 | J5: 0 | K5: 0 | L5: 0 | M5: 0 | N5: 0 | O5: 0 | P5: 0 | Q5: 0 | R5: 0 | S5: 0 | T5: 0 | U5: 0 | V5: 0 | W5: 0 | X5: 0 | Y5: 0 | Z5: 0 | AA5: 0 | AB5: 0 | AC5: 0 | AD5: 0 | AE5: 0
A6: REST | B6: 0 | C6: 0 | D6: 0 | E6: 0 | F6: 0 | G6: 0 | H6: 0 | I6: 0 | J6: 0 | K6: 0 | L6: 0 | M6: 0 | N6: 0 | O6: 0 | P6: 0 | Q6: 0 | R6: 0 | S6: 0 | T6: 0 | U6: 0 | V6: 0 | W6: 0 | X6: 0 | Y6: 0 | Z6: 0 | AA6: 0 | AB6: 0 | AC6: 0 | AD6: 0 | AE6: 0

Sheet KL
B1: Xt
A2: TID | B2: 1993 | C2: 1994 | D2: 1995 | E2: 1996 | F2: 1997 | G2: 1998 | H2: 1999 | I2: 2000 | J2: 2001 | K2: 2002 | L2: 2003 | M2: 2004 | N2: 2005 | O2: 2006 | P2: 2007 | Q2: 2008 | R2: 2009 | S2: 2010 | T2: 2011 | U2: 2012 | V2: 2013 | W2: 2014 | X2: 2015 | Y2: 2016 | Z2: 2017 | AA2: 2018 | AB2: 2019 | AC2: 2020 | AD2: 2021 | AE2: 2022
A3: ANVENDELSE
A4: 01000 | B4: 49999.608 | C4: 48351.425 | D4: 47471.354 | E4: 46680.113 | F4: 45637.233 | G4: 45231.472 | H4: 44372.399 | I4: 43165.21 | J4: 42709.122 | K4: 42731.772 | L4: 41751.239 | M4: 41392.295 | N4: 40590.304 | O4: 39865.44 | P4: 39792.767 | Q4: 39868.113 | R4: 39638.817 | S4: 38930.087 | T4: 38180.14 | U4: 37433.231 | V4: 36854.717 | W4: 36567.46 | X4: 36327.128 | Y4: 35323.086 | Z4: 34946.067 | AA4: 34313.443 | AB4: 33260.791 | AC4: 32926.275 | AD4: 32645.667 | AE4: 32114.78
A5: 10120 | B5: 46040.827 | C5: 45387.876 | D5: 46164.598 | E5: 45462.042 | F5: 45193.503 | G5: 44559.239 | H5: 45024.582 | I5: 45246.877 | J5: 45592.635 | K5: 45860.824 | L5: 44577.479 | M5: 43921.297 | N5: 42388.125 | O5: 41318.564 | P5: 40055.498 | Q5: 39833.141 | R5: 38584.438 | S5: 37825.136 | T5: 36763.992 | U5: 35566.534 | V5: 34882.766 | W5: 33599.144 | X5: 33170.008 | Y5: 33297.543 | Z5: 33684.521 | AA5: 33176.523 | AB5: 33525.108 | AC5: 35112.307 | AD5: 35122.106 | AE5: 35094.697
A6: REST | B6: 1662485.9 | C6: 1662705.2 | D6: 1682993.6 | E6: 1699048.9 | F6: 1738002.6 | G6: 1775587.6 | H6: 1811803.4 | I6: 1839087.6 | J6: 1867997.1 | K6: 1876549.7 | L6: 1877573.1 | M6: 1882917.7 | N6: 1907517.3 | O6: 1952564 | P6: 1983042.3 | Q6: 2015048 | R6: 1984433.5 | S6: 1969763.3 | T6: 1983831.6 | U6: 1968424.8 | V6: 1976095.9 | W6: 1979783.7 | X6: 1998987.7 | Y6: 2033891.7 | Z6: 2057918.6 | AA6: 2072342.5 | AB6: 2099495.3 | AC6: 2068520.8 | AD6: 2155264.9 | AE6: 2225307.8

Sheet M_D
C1: Xt
B2: TID | C2: 1967 | D2: 1968 | E2: 1969 | F2: 1970 | G2: 1971 | H2: 1972 | I2: 1973 | J2: 1974 | K2: 1975 | L2: 1976 | M2: 1977 | N2: 1978 | O2: 1979 | P2: 1980 | Q2: 1981 | R2: 1982 | S2: 1983 | T2: 1984 | U2: 1985 | V2: 1986 | W2: 1987 | X2: 1988 | Y2: 1989 | Z2: 1990 | AA2: 1991 | AB2: 1992 | AC2: 1993 | AD2: 1994 | AE2: 1995 | AF2: 1996 | AG2: 1997 | AH2: 1998 | AI2: 1999 | AJ2: 2000 | AK2: 2001 | AL2: 2002 | AM2: 2003 | AN2: 2004 | AO2: 2005 | AP2: 2006 | AQ2: 2007 | AR2: 2008 | AS2: 2009 | AT2: 2010 | AU2: 2011 | AV2: 2012 | AW2: 2013 | AX2: 2014 | AY2: 2015 | AZ2: 2016 | BA2: 2017 | BB2: 2018 | BC2: 2019 | BD2: 2020 | BE2: 2021 | BF2: 2022
A3: ANVENDELSE | B3: TILGANG2
A4: 01000 | B4: 01000 | C4: 7473.8564 | D4: 8474.7709 | E4: 7976.3547 | F4: 8707.4791 | G4: 8465.4449 | H4: 8160.6701 | I4: 9724.2357 | J4: 8941.0765 | K4: 9192.6092 | L4: 9342.6889 | M4: 9361.2423 | N4: 9698.8514 | O4: 10430.262 | P4: 10516.181 | Q4: 10466.779 | R4: 9892.048 | S4: 9146.8457 | T4: 9320.8876 | U4: 9769.195 | V4: 8679.9126 | W4: 9117.8395 | X4: 7612.8913 | Y4: 7506.7628 | Z4: 7755.5907 | AA4: 7081.5689 | AB4: 7280.8855 | AC4: 10515.091 | AD4: 10348.109 | AE4: 10887.235 | AF4: 11408.106 | AG4: 11468.928 | AH4: 11366.961 | AI4: 12541.535 | AJ4: 12348.996 | AK4: 12041.646 | AL4: 9058.2665 | AM4: 8867.1233 | AN4: 8841.9753 | AO4: 8334.1393 | AP4: 7874.4491 | AQ4: 8006.3573 | AR4: 7154.7644 | AS4: 8391.9214 | AT4: 7695.7332 | AU4: 8802.5664 | AV4: 8841.3276 | AW4: 8488.2364 | AX4: 8629.9499 | AY4: 8966.4674 | AZ4: 8806.0513 | BA4: 9287.7124 | BB4: 9343.7468 | BC4: 8965.86 | BD4: 8830.27 | BE4: 9818.222 | BF4: 11377.674
B5: 10120 | C5: 4794.089 | D5: 4739.5013 | E5: 4807.6146 | F5: 4684.0342 | G5: 4443.9087 | H5: 4392.4554 | I5: 4835.6982 | J5: 4824.535 | K5: 5454.1157 | L5: 5747.4953 | M5: 5274.5595 | N5: 5970.7523 | O5: 6274.3192 | P5: 5367.4966 | Q5: 4527.6758 | R5: 4929.7452 | S5: 5336.8939 | T5: 4941.2977 | U5: 4601.8296 | V5: 4433.9173 | W5: 4212.954 | X5: 3806.6959 | Y5: 3910.9838 | Z5: 4240.8778 | AA5: 3945.9918 | AB5: 3570.1965 | AC5: 4022.3888 | AD5: 3945.5878 | AE5: 4071.0425 | AF5: 3479.085 | AG5: 3723.5773 | AH5: 3696.5954 | AI5: 3468.9447 | AJ5: 3150.118 | AK5: 2925.0541 | AL5: 7723.5767 | AM5: 9250.5902 | AN5: 9358.6789 | AO5: 8730.8613 | AP5: 8588.9048 | AQ5: 9280.9699 | AR5: 9647.1932 | AS5: 9308.3263 | AT5: 8671.6647 | AU5: 8675.7415 | AV5: 7860.067 | AW5: 8389.3668 | AX5: 8210.2737 | AY5: 8831.8807 | AZ5: 9983.1781 | BA5: 10094.135 | BB5: 10343.587 | BC5: 9856.1879 | BD5: 10904.267 | BE5: 9897.179 | BF5: 10400.685
B6: REST | C6: 19892.138 | D6: 19938.007 | E6: 19724.739 | F6: 19842.252 | G6: 20239.981 | H6: 20856.439 | I6: 21426.841 | J6: 19820.198 | K6: 18734.601 | L6: 20734.088 | M6: 20386.471 | N6: 22082.434 | O6: 22083.162 | P6: 21609.608 | Q6: 20560.139 | R6: 21386.234 | S6: 21429.444 | T6: 22311.646 | U6: 22753.458 | V6: 23355.624 | W6: 25509.112 | X6: 26566.356 | Y6: 24580.17 | Z6: 25331.938 | AA6: 24493.236 | AB6: 25263.854 | AC6: 26470.824 | AD6: 25674.114 | AE6: 24362.444 | AF6: 24081.286 | AG6: 25366.734 | AH6: 25601.393 | AI6: 25678.757 | AJ6: 24772.285 | AK6: 23547.768 | AL6: 22871.63 | AM6: 21340.025 | AN6: 20833.181 | AO6: 21822.553 | AP6: 22678.799 | AQ6: 21891.43 | AR6: 22131.588 | AS6: 21808.301 | AT6: 21820.354 | AU6: 20950.088 | AV6: 21332.074 | AW6: 22353.224 | AX6: 21675.51 | AY6: 22278.093 | AZ6: 21824.046 | BA6: 22278.978 | BB6: 21721.157 | BC6: 20558.772 | BD6: 22008.078 | BE6: 21872.132 | BF6: 20752.792
A7: 10120 | B7: 01000 | C7: 27835.022 | D7: 27219.87 | E7: 26461.123 | F7: 27272.892 | G7: 27531.641 | H7: 27020.692 | I7: 28171.552 | J7: 27913.626 | K7: 28644.502 | L7: 28830.025 | M7: 29468.096 | N7: 30813.772 | O7: 31877.865 | P7: 32888.912 | Q7: 33114.192 | R7: 33534.638 | S7: 35294.405 | T7: 35209.663 | U7: 35334.613 | V7: 36993.021 | W7: 36107.156 | X7: 35099.305 | Y7: 35222.516 | Z7: 35886.58 | AA7: 36420.538 | AB7: 38737.309 | AC7: 41769.774 | AD7: 42524.839 | AE7: 41604.931 | AF7: 42107.744 | AG7: 42549.732 | AH7: 43778.572 | AI7: 43967.402 | AJ7: 43435.648 | AK7: 43658.463 | AL7: 47326.307 | AM7: 48866.522 | AN7: 49799.925 | AO7: 48713.703 | AP7: 47657.591 | AQ7: 48628.72 | AR7: 46716.989 | AS7: 43179.007 | AT7: 44504.297 | AU7: 44613.893 | AV7: 43452.911 | AW7: 43774.776 | AX7: 44891.162 | AY7: 45404.165 | AZ7: 44194.535 | BA7: 43823.163 | BB7: 44104.309 | BC7: 44220.576 | BD7: 46091.117 | BE7: 47540.042 | BF7: 46362.37
B8: 10120 | C8: 11966.038 | D8: 14169.818 | E8: 14176.878 | F8: 14904.633 | G8: 16358.845 | H8: 17623.509 | I8: 16348.217 | J8: 17531.982 | K8: 16701.419 | L8: 17959.241 | M8: 19591.577 | N8: 20455.462 | O8: 25235.314 | P8: 27252.616 | Q8: 27451.603 | R8: 22991.637 | S8: 18006.201 | T8: 18580.597 | U8: 22610.504 | V8: 24619.229 | W8: 24281.079 | X8: 23767.474 | Y8: 22046.489 | Z8: 24183.95 | AA8: 22353.716 | AB8: 23906.809 | AC8: 27108.113 | AD8: 24901.839 | AE8: 23958.066 | AF8: 17972.843 | AG8: 16094.457 | AH8: 18083.047 | AI8: 15499.507 | AJ8: 15288.445 | AK8: 15619.436 | AL8: 15632.038 | AM8: 16451.079 | AN8: 16678.729 | AO8: 17540.739 | AP8: 17200.727 | AQ8: 16816.205 | AR8: 16461.763 | AS8: 17566.911 | AT8: 15287.566 | AU8: 15381.635 | AV8: 15710.984 | AW8: 15518.266 | AX8: 14810.448 | AY8: 15546.58 | AZ8: 15082.171 | BA8: 15833.974 | BB8: 15566.613 | BC8: 16445.299 | BD8: 17236.153 | BE8: 17750.585 | BF8: 18504.41
B9: REST | C9: 14332.51 | D9: 16154.196 | E9: 16347.926 | F9: 17202.042 | G9: 19070.955 | H9: 20086.546 | I9: 18914.996 | J9: 20369.669 | K9: 19959.211 | L9: 21244.828 | M9: 20733.547 | N9: 21002.751 | O9: 21988.366 | P9: 23624.42 | Q9: 23541.221 | R9: 24185.288 | S9: 24076.64 | T9: 25436.646 | U9: 25473.443 | V9: 27027.625 | W9: 28413.354 | X9: 28119.194 | Y9: 28140.018 | Z9: 29573.615 | AA9: 30007.484 | AB9: 31121.884 | AC9: 31002.432 | AD9: 31964.265 | AE9: 30045.843 | AF9: 29658.81 | AG9: 29476.623 | AH9: 29795.786 | AI9: 30166.104 | AJ9: 29688.454 | AK9: 29239.703 | AL9: 30154.242 | AM9: 29446.712 | AN9: 28811.295 | AO9: 30996.958 | AP9: 31086.807 | AQ9: 29565.587 | AR9: 28853.672 | AS9: 28442.757 | AT9: 25380.877 | AU9: 26772.849 | AV9: 24871.109 | AW9: 25666.94 | AX9: 25556.318 | AY9: 26832.453 | AZ9: 28840.182 | BA9: 30414.555 | BB9: 30944.364 | BC9: 28660.484 | BD9: 30573.137 | BE9: 30115.972 | BF9: 29253.513
A10: REST | B10: 01000 | C10: 527.30157 | D10: 563.72886 | E10: 554.02337 | F10: 548.67149 | G10: 571.02486 | H10: 574.27012 | I10: 520.89475 | J10: 479.87263 | K10: 580.4761 | L10: 587.39843 | M10: 684.26265 | N10: 784.08783 | O10: 747.67328 | P10: 856.79001 | Q10: 938.85299 | R10: 972.92185 | S10: 1028.8828 | T10: 923.02622 | U10: 927.55878 | V10: 948.45836 | W10: 899.49033 | X10: 920.68986 | Y10: 1051.3266 | Z10: 1031.3524 | AA10: 1099.3721 | AB10: 1297.735 | AC10: 1502.9073 | AD10: 1271.9154 | AE10: 1398.9025 | AF10: 1309.8655 | AG10: 1325.2813 | AH10: 1532.6027 | AI10: 1547.5327 | AJ10: 1519.7997 | AK10: 1466.4489 | AL10: 1785.8032 | AM10: 1865.8704 | AN10: 1723.215 | AO10: 1652.5607 | AP10: 1697.2144 | AQ10: 1680.7417 | AR10: 1862.3401 | AS10: 1957.0009 | AT10: 1707.3692 | AU10: 1368.351 | AV10: 1405.08 | AW10: 1369.9664 | AX10: 1551.3942 | AY10: 1765.8833 | AZ10: 1798.8387 | BA10: 1918.7739 | BB10: 1823.4507 | BC10: 1855.9086 | BD10: 1874.14 | BE10: 2720.23 | BF10: 2545.7664
B11: 10120 | C11: 7191.1218 | D11: 7192.8482 | E11: 7909.7397 | F11: 8092.6549 | G11: 8086.7784 | H11: 9246.5354 | I11: 8969.8133 | J11: 8732.2239 | K11: 9110.2166 | L11: 9396.2957 | M11: 9509.9358 | N11: 9684.7295 | O11: 9975.1602 | P11: 10392.75 | Q11: 9939.5637 | R11: 10020.484 | S11: 11286.372 | T11: 11328.528 | U11: 11918.965 | V11: 12968.725 | W11: 12714.435 | X11: 13543.102 | Y11: 13091.874 | Z11: 13362.504 | AA11: 13141.52 | AB11: 13650.136 | AC11: 13540.814 | AD11: 13880.974 | AE11: 14127.465 | AF11: 12912.806 | AG11: 12840.65 | AH11: 13797.94 | AI11: 14298.441 | AJ11: 13826.129 | AK11: 14173.828 | AL11: 13209.383 | AM11: 13027.49 | AN11: 13879.796 | AO11: 14105.683 | AP11: 13945.429 | AQ11: 14976.831 | AR11: 12942.492 | AS11: 13371.73 | AT11: 11108.652 | AU11: 10496.514 | AV11: 10484.394 | AW11: 11085.415 | AX11: 13313.886 | AY11: 12468.965 | AZ11: 11596.237 | BA11: 12325.725 | BB11: 12922.92 | BC11: 13797.306 | BD11: 12844.096 | BE11: 12504.297 | BF11: 14326.272
B12: REST | C12: 333549.59 | D12: 333773.79 | E12: 359668.1 | F12: 379483.98 | G12: 377403.11 | H12: 398810.74 | I12: 415064.17 | J12: 402824.75 | K12: 397272.6 | L12: 426907.13 | M12: 434251.61 | N12: 449440.5 | O12: 463650.64 | P12: 456559.96 | Q12: 438308.64 | R12: 440985.7 | S12: 453851.08 | T12: 504015.05 | U12: 538217.35 | V12: 600442.98 | W12: 614779.18 | X12: 610583.43 | Y12: 605776.45 | Z12: 611075.01 | AA12: 606718.03 | AB12: 614055.57 | AC12: 621828.32 | AD12: 654904.5 | AE12: 690788.55 | AF12: 721533.29 | AG12: 743617.42 | AH12: 764770.04 | AI12: 817626.87 | AJ12: 846818.31 | AK12: 889083.43 | AL12: 898570.42 | AM12: 893683.09 | AN12: 916546.36 | AO12: 992247.12 | AP12: 1050071.9 | AQ12: 1096477 | AR12: 1089560.6 | AS12: 1006372.8 | AT12: 991991.13 | AU12: 1008549.8 | AV12: 1019064 | AW12: 1002258.4 | AX12: 1038958 | AY12: 1064136.1 | AZ12: 1105830.3 | BA12: 1129390.8 | BB12: 1136519 | BC12: 1140806.9 | BD12: 1123718.2 | BE12: 1197372.2 | BF12: 1247270.7

Sheet M_F
C1: Xt
B2: TID | C2: 1967 | D2: 1968 | E2: 1969 | F2: 1970 | G2: 1971 | H2: 1972 | I2: 1973 | J2: 1974 | K2: 1975 | L2: 1976 | M2: 1977 | N2: 1978 | O2: 1979 | P2: 1980 | Q2: 1981 | R2: 1982 | S2: 1983 | T2: 1984 | U2: 1985 | V2: 1986 | W2: 1987 | X2: 1988 | Y2: 1989 | Z2: 1990 | AA2: 1991 | AB2: 1992 | AC2: 1993 | AD2: 1994 | AE2: 1995 | AF2: 1996 | AG2: 1997 | AH2: 1998 | AI2: 1999 | AJ2: 2000 | AK2: 2001 | AL2: 2002 | AM2: 2003 | AN2: 2004 | AO2: 2005 | AP2: 2006 | AQ2: 2007 | AR2: 2008 | AS2: 2009 | AT2: 2010 | AU2: 2011 | AV2: 2012 | AW2: 2013 | AX2: 2014 | AY2: 2015 | AZ2: 2016 | BA2: 2017 | BB2: 2018 | BC2: 2019 | BD2: 2020 | BE2: 2021 | BF2: 2022
A3: ANVENDELSE | B3: TILGANG2
A4: 01000 | B4: 01000 | C4: 1690.1296 | D4: 836.04564 | E4: 440.81167 | F4: 873.55584 | G4: 1302.4235 | H4: 831.6776 | I4: 874.87238 | J4: 873.70529 | K4: 678.54148 | L4: 1252.8444 | M4: 1016.423 | N4: 684.98779 | O4: 714.29588 | P4: 719.97087 | Q4: 1007.6512 | R4: 700.59393 | S4: 1198.8942 | T4: 694.34775 | U4: 649.37536 | V4: 794.32986 | W4: 620.69345 | X4: 427.76107 | Y4: 294.63769 | Z4: 225.93967 | AA4: 360.03148 | AB4: 1432.4552 | AC4: 684.61314 | AD4: 539.41007 | AE4: 551.38119 | AF4: 526.29729 | AG4: 514.50158 | AH4: 750.44625 | AI4: 742.33836 | AJ4: 807.85043 | AK4: 936.87106 | AL4: 1153.7083 | AM4: 892.66811 | AN4: 604.07993 | AO4: 568.78487 | AP4: 817.82957 | AQ4: 504.61421 | AR4: 928.55543 | AS4: 755.58596 | AT4: 809.23189 | AU4: 1254.8328 | AV4: 1026.9569 | AW4: 945.74862 | AX4: 735.05974 | AY4: 823.81966 | AZ4: 1006.4774 | BA4: 1160.8751 | BB4: 1403.3293 | BC4: 1214.0151 | BD4: 641.172 | BE4: 625.623 | BF4: 904.15457
B5: 10120 | C5: 1808.5867 | D5: 1695.5769 | E5: 1857.6892 | F5: 1918.2905 | G5: 1810.5278 | H5: 2101.0082 | I5: 2131.2433 | J5: 2035.3535 | K5: 2648.2907 | L5: 3230.3575 | M5: 3500.0378 | N5: 4078.4241 | O5: 4422.1909 | P5: 4563.7538 | Q5: 4798.9579 | R5: 5526.7012 | S5: 5308.4012 | T5: 5109.2839 | U5: 5516.0013 | V5: 5695.1304 | W5: 6009.697 | X5: 5304.0217 | Y5: 5456.8415 | Z5: 5701.5584 | AA5: 5826.7514 | AB5: 5965.9644 | AC5: 6475.2934 | AD5: 6417.0224 | AE5: 5809.5681 | AF5: 5207.4533 | AG5: 5169.0392 | AH5: 5769.2418 | AI5: 5155.4147 | AJ5: 5390.7143 | AK5: 5443.3871 | AL5: 5467.7064 | AM5: 4225.1593 | AN5: 5074.096 | AO5: 5122.7998 | AP5: 5026.744 | AQ5: 5279.7919 | AR5: 4539.176 | AS5: 5732.2929 | AT5: 6456.8448 | AU5: 6082.5204 | AV5: 6347.9549 | AW5: 5790.7775 | AX5: 6275.7085 | AY5: 7055.2104 | AZ5: 6522.5277 | BA5: 5927.5189 | BB5: 6157.9672 | BC5: 5987.4999 | BD5: 6014.407 | BE5: 6132.786 | BF5: 5832.7793
B6: REST | C6: 3196.3322 | D6: 3479.4806 | E6: 3504.4378 | F6: 3793.2402 | G6: 4049.5634 | H6: 4212.6719 | I6: 4753.3053 | J6: 4598.4729 | K6: 4332.1899 | L6: 4163.6208 | M6: 4406.9778 | N6: 4563.509 | O6: 5569.957 | P6: 5127.1688 | Q6: 5048.4421 | R6: 5166.2665 | S6: 5897.7149 | T6: 6275.1314 | U6: 5956.6889 | V6: 5410.8908 | W6: 5212.9973 | X6: 4735.0566 | Y6: 5573.4848 | Z6: 5802.0963 | AA6: 5700.3099 | AB6: 4901.3514 | AC6: 5095.0533 | AD6: 4224.9361 | AE6: 4123.1343 | AF6: 4100.3871 | AG6: 4400.2278 | AH6: 4513.1561 | AI6: 4785.3657 | AJ6: 4078.6806 | AK6: 3763.8222 | AL6: 4239.89 | AM6: 4447.9457 | AN6: 4791.1331 | AO6: 4341.8032 | AP6: 4250.3685 | AQ6: 4437.2198 | AR6: 5481.2312 | AS6: 4967.5869 | AT6: 4538.0229 | AU6: 5135.1022 | AV6: 4796.5123 | AW6: 5005.5484 | AX6: 4747.1803 | AY6: 4803.2977 | AZ6: 4803.4723 | BA6: 4678.8394 | BB6: 4212.8434 | BC6: 3920.8933 | BD6: 3864.642 | BE6: 4160.433 | BF6: 3971.3521
A7: 10120 | B7: 01000 | C7: 2238.2665 | D7: 1580.3695 | E7: 1604.6795 | F7: 1921.5579 | G7: 1851.5508 | H7: 1593.389 | I7: 2040.6372 | J7: 1795.9876 | K7: 1596.1719 | L7: 1839.2101 | M7: 1550.8672 | N7: 2051.5293 | O7: 2051.6348 | P7: 1776.8474 | Q7: 1477.8576 | R7: 1470.2066 | S7: 1417.1813 | T7: 1249.5458 | U7: 1342.0862 | V7: 1412.9147 | W7: 1208.5646 | X7: 1065.2477 | Y7: 1015.7947 | Z7: 1372.4748 | AA7: 1584.5199 | AB7: 1456.2147 | AC7: 1610.9445 | AD7: 1910.1649 | AE7: 2203.4458 | AF7: 2081.5888 | AG7: 2187.8589 | AH7: 2330.1157 | AI7: 2396.8691 | AJ7: 2457.6181 | AK7: 2499.4127 | AL7: 3374.8661 | AM7: 3695.4959 | AN7: 3269.605 | AO7: 2901.358 | AP7: 3587.9201 | AQ7: 3380.6759 | AR7: 4376.7085 | AS7: 2814.6438 | AT7: 2482.9682 | AU7: 2205.8295 | AV7: 2126.849 | AW7: 2306.6478 | AX7: 2138.1439 | AY7: 2352.7391 | AZ7: 2119.7414 | BA7: 2526.9213 | BB7: 2599.8442 | BC7: 2862.9786 | BD7: 2317.639 | BE7: 1652.062 | BF7: 1786.8999
B8: 10120 | C8: 863.93225 | D8: 1068.9073 | E8: 1172.7549 | F8: 1474.0914 | G8: 1454.1805 | H8: 1498.7768 | I8: 1569.2633 | J8: 1745.7509 | K8: 1860.9781 | L8: 2348.9862 | M8: 2427.5024 | N8: 2299.4517 | O8: 2620.5183 | P8: 2706.4329 | Q8: 3077.7134 | R8: 2869.6795 | S8: 2949.4592 | T8: 3399.365 | U8: 3816.2216 | V8: 4027.9348 | W8: 4481.6602 | X8: 4981.4929 | Y8: 5603.4576 | Z8: 6123.5024 | AA8: 7030.9376 | AB8: 7723.0478 | AC8: 7576.074 | AD8: 8563.1006 | AE8: 9656.6831 | AF8: 10371.872 | AG8: 10626.931 | AH8: 10573.136 | AI8: 10253.346 | AJ8: 11984.549 | AK8: 12631.721 | AL8: 12457.473 | AM8: 13977.083 | AN8: 14482.957 | AO8: 15490.407 | AP8: 16975.117 | AQ8: 17575.419 | AR8: 17301.019 | AS8: 16043.328 | AT8: 15050.058 | AU8: 15061.087 | AV8: 15230.716 | AW8: 16344.2 | AX8: 17290.555 | AY8: 17964.441 | AZ8: 16320.649 | BA8: 16603.618 | BB8: 17489.573 | BC8: 17510.782 | BD8: 17608.054 | BE8: 17224.302 | BF8: 16713.948
B9: REST | C9: 1523.96 | D9: 1989.2237 | E9: 2139.2612 | F9: 2394.9454 | G9: 2780.7959 | H9: 2877.3771 | I9: 3188.2714 | J9: 3492.527 | K9: 3152.679 | L9: 3584.8736 | M9: 3862.5333 | N9: 3976.4048 | O9: 4463.7019 | P9: 4935.2472 | Q9: 5164.1108 | R9: 5516.3521 | S9: 5221.5034 | T9: 5664.9839 | U9: 5619.1929 | V9: 6268.4287 | W9: 6781.4966 | X9: 6509.696 | Y9: 6847.787 | Z9: 7439.8702 | AA9: 8015.8016 | AB9: 7191.1609 | AC9: 7166.392 | AD9: 7716.5238 | AE9: 7486.4984 | AF9: 8045.9162 | AG9: 8069.0476 | AH9: 8369.1873 | AI9: 8781.4741 | AJ9: 9521.8058 | AK9: 10093.035 | AL9: 10911.344 | AM9: 11473.828 | AN9: 11818.42 | AO9: 12144.625 | AP9: 12650.939 | AQ9: 12377.723 | AR9: 13868.983 | AS9: 12940.226 | AT9: 12215.763 | AU9: 12251.269 | AV9: 12458.749 | AW9: 11897.881 | AX9: 11429.625 | AY9: 11959.656 | AZ9: 13442.009 | BA9: 13718.229 | BB9: 13881.505 | BC9: 14422.813 | BD9: 15722.832 | BE9: 15320.421 | BF9: 15977.698
A10: REST | B10: 01000 | C10: 1606.7363 | D10: 1112.4872 | E10: 1211.0029 | F10: 1353.0031 | G10: 1408.3857 | H10: 1212.2626 | I10: 1374.7267 | J10: 1458.814 | K10: 1299.8894 | L10: 1575.6389 | M10: 1696.5177 | N10: 1538.9704 | O10: 1294.9979 | P10: 1365.9934 | Q10: 1310.8899 | R10: 1335.7478 | S10: 1082.1583 | T10: 1164.4903 | U10: 1250.0508 | V10: 1360.6943 | W10: 1357.3567 | X10: 1405.0717 | Y10: 1782.4327 | Z10: 1157.707 | AA10: 1498.6089 | AB10: 1322.2734 | AC10: 1912.5961 | AD10: 1959.3416 | AE10: 1534.6985 | AF10: 1818.4474 | AG10: 1177.6252 | AH10: 1493.9998 | AI10: 1626.7723 | AJ10: 1690.2551 | AK10: 1818.9021 | AL10: 1757.9691 | AM10: 1843.7174 | AN10: 1653.0656 | AO10: 1517.0846 | AP10: 1438.7239 | AQ10: 1626.4628 | AR10: 1630.6657 | AS10: 1449.5427 | AT10: 1374.6631 | AU10: 1072.3798 | AV10: 1147.5523 | AW10: 1334.0245 | AX10: 1232.7325 | AY10: 1567.7594 | AZ10: 1513.5177 | BA10: 1508.9768 | BB10: 1752.4484 | BC10: 1661.9689 | BD10: 1441.883 | BE10: 1858.472 | BF10: 1659.9134
B11: 10120 | C11: 870.29763 | D11: 919.30271 | E11: 1090.9077 | F11: 1280.0421 | G11: 1357.706 | H11: 1448.4415 | I11: 1722.8689 | J11: 1735.5686 | K11: 1659.0814 | L11: 1928.7904 | M11: 1959.6021 | N11: 2114.4261 | O11: 2367.8062 | P11: 2620.5468 | Q11: 2879.7337 | R11: 2508.68 | S11: 2803.104 | T11: 2974.121 | U11: 3288.8463 | V11: 3256.072 | W11: 3657.268 | X11: 3598.4272 | Y11: 4200.2177 | Z11: 3930.9687 | AA11: 4945.8858 | AB11: 6080.3459 | AC11: 6800.8736 | AD11: 6710.0035 | AE11: 7582.3263 | AF11: 8001.1695 | AG11: 8220.0005 | AH11: 9002.0673 | AI11: 9153.5242 | AJ11: 10070.911 | AK11: 10230.342 | AL11: 10985.586 | AM11: 9998.2745 | AN11: 10942.537 | AO11: 11489.482 | AP11: 11927.65 | AQ11: 12587.344 | AR11: 11245.009 | AS11: 9532.1791 | AT11: 10113.435 | AU11: 10266.15 | AV11: 10521.311 | AW11: 11179.205 | AX11: 11781.036 | AY11: 12588.628 | AZ11: 12406.634 | BA11: 12515.551 | BB11: 13214.243 | BC11: 13826.532 | BD11: 13238.154 | BE11: 13000.797 | BF11: 13798.438
B12: REST | C12: 68531.702 | D12: 75112.534 | E12: 87341.768 | F12: 92818.6 | G12: 95092.378 | H12: 101271.64 | I12: 111936.75 | J12: 110075.25 | K12: 99147.896 | L12: 112118.6 | M12: 112960.4 | N12: 113945.33 | O12: 118654.73 | P12: 115409.54 | Q12: 110415.95 | R12: 108748.27 | S12: 110149.04 | T12: 117126.31 | U12: 124199.8 | V12: 127151.78 | W12: 127158.13 | X12: 134953.99 | Y12: 135812.48 | Z12: 138114.79 | AA12: 140991.26 | AB12: 140112.21 | AC12: 137051.05 | AD12: 150568.14 | AE12: 159922.35 | AF12: 167299.68 | AG12: 174431.69 | AH12: 184998.26 | AI12: 193714.85 | AJ12: 213185.9 | AK12: 220054.6 | AL12: 229394.42 | AM12: 222436.48 | AN12: 228916.04 | AO12: 266377.49 | AP12: 297904.06 | AQ12: 309674.12 | AR12: 335438.2 | AS12: 288376.54 | AT12: 290805.67 | AU12: 309567.93 | AV12: 324466.72 | AW12: 329211.11 | AX12: 333859.73 | AY12: 360388.77 | AZ12: 380905.28 | BA12: 390514.83 | BB12: 414717.04 | BC12: 439165.49 | BD12: 435257.59 | BE12: 466048.48 | BF12: 506674.67

Sheet L
B1: Xt
A2: TID | B2: 1966 | C2: 1967 | D2: 1968 | E2: 1969 | F2: 1970 | G2: 1971 | H2: 1972 | I2: 1973 | J2: 1974 | K2: 1975 | L2: 1976 | M2: 1977 | N2: 1978 | O2: 1979 | P2: 1980 | Q2: 1981 | R2: 1982 | S2: 1983 | T2: 1984 | U2: 1985 | V2: 1986 | W2: 1987 | X2: 1988 | Y2: 1989 | Z2: 1990 | AA2: 1991 | AB2: 1992 | AC2: 1993 | AD2: 1994 | AE2: 1995 | AF2: 1996 | AG2: 1997 | AH2: 1998 | AI2: 1999 | AJ2: 2000 | AK2: 2001 | AL2: 2002 | AM2: 2003 | AN2: 2004 | AO2: 2005 | AP2: 2006 | AQ2: 2007 | AR2: 2008 | AS2: 2009 | AT2: 2010 | AU2: 2011 | AV2: 2012 | AW2: 2013 | AX2: 2014 | AY2: 2015 | AZ2: 2016 | BA2: 2017 | BB2: 2018 | BC2: 2019 | BD2: 2020 | BE2: 2021 | BF2: 2022
A3: ANVENDELSE
A4: 01000 | B4: 630077 | C4: 595974 | D4: 561953 | E4: 532920 | F4: 505492 | G4: 472538 | H4: 463150 | I4: 454509 | J4: 433263 | K4: 415440 | L4: 408086 | M4: 393844 | N4: 380021 | O4: 361600 | P4: 342439 | Q4: 325525 | R4: 314708 | S4: 305717 | T4: 297005 | U4: 286292 | V4: 277373 | W4: 272733 | X4: 247527 | Y4: 239832 | Z4: 229640 | AA4: 224577 | AB4: 216746 | AC4: 205929 | AD4: 187306 | AE4: 180889 | AF4: 173049 | AG4: 162332 | AH4: 160810 | AI4: 152280 | AJ4: 149020 | AK4: 145343 | AL4: 145637 | AM4: 134391 | AN4: 133301 | AO4: 125588 | AP4: 117953 | AQ4: 114771 | AR4: 109397 | AS4: 101938 | AT4: 98594 | AU4: 97135 | AV4: 95702 | AW4: 94814 | AX4: 95678 | AY4: 97467 | AZ4: 91694 | BA4: 92464 | BB4: 89982 | BC4: 85014 | BD4: 85490 | BE4: 86997 | BF4: 84490
A5: 10120 | B5: 232125 | C5: 220326 | D5: 210205 | E5: 204420 | F5: 202642 | G5: 194114 | H5: 187292 | I5: 179902 | J5: 174334 | K5: 156330 | L5: 155216 | M5: 152588 | N5: 149102 | O5: 150151 | P5: 147911 | Q5: 145985 | R5: 146121 | S5: 147457 | T5: 147552 | U5: 145082 | V5: 148494 | W5: 140336 | X5: 138844 | Y5: 133495 | Z5: 129957 | AA5: 129100 | AB5: 127466 | AC5: 124695 | AD5: 121438 | AE5: 123972 | AF5: 120697 | AG5: 117906 | AH5: 115140 | AI5: 116399 | AJ5: 117301 | AK5: 117036 | AL5: 116729 | AM5: 110661 | AN5: 106601 | AO5: 99250 | AP5: 95156 | AQ5: 90557 | AR5: 89332 | AS5: 83220 | AT5: 79289 | AU5: 76719 | AV5: 73253 | AW5: 70479 | AX5: 66267 | AY5: 64949 | AZ5: 65699 | BA5: 67126 | BB5: 65335 | BC5: 65519 | BD5: 70152 | BE5: 70240 | BF5: 69952
A6: REST | B6: 3742182 | C6: 3720867 | D6: 3695254 | E6: 3716009 | F6: 3741101 | G6: 3694889 | H6: 3653882 | I6: 3614336 | J6: 3566698 | K6: 3379346 | L6: 3472797 | M6: 3418194 | N6: 3410781 | O6: 3444395 | P6: 3477283 | Q6: 3356998 | R6: 3400968 | S6: 3394252 | T6: 3445565 | U6: 3514700 | V6: 3625889 | W6: 3568130 | X6: 3517672 | Y6: 3475337 | Z6: 3434810 | AA6: 3395609 | AB6: 3413744 | AC6: 3357281 | AD6: 3342697 | AE6: 3401971 | AF6: 3431762 | AG6: 3539072 | AH6: 3632582 | AI6: 3714509 | AJ6: 3772557 | AK6: 3824171 | AL6: 3809762 | AM6: 3776588 | AN6: 3761275 | AO6: 3814540 | AP6: 3929729 | AQ6: 3967488 | AR6: 4018058 | AS6: 3861885 | AT6: 3790107 | AU6: 3830075 | AV6: 3769454 | AW6: 3781533 | AX6: 3776795 | AY6: 3815080 | AZ6: 3899913 | BA6: 3935591 | BB6: 3934302 | BC6: 3972380 | BD6: 3827066 | BE6: 4062261 | BF6: 4225398

Sheet J
B1: Xt
A2: TID | B2: 1982 | C2: 1983 | D2: 1984 | E2: 1985 | F2: 1986 | G2: 1987 | H2: 1988 | I2: 1989 | J2: 1990 | K2: 1991 | L2: 1992 | M2: 1993 | N2: 1994 | O2: 1995 | P2: 1996 | Q2: 1997 | R2: 1998 | S2: 1999 | T2: 2000 | U2: 2001 | V2: 2002 | W2: 2003 | X2: 2004 | Y2: 2005 | Z2: 2006 | AA2: 2007 | AB2: 2008 | AC2: 2009 | AD2: 2010 | AE2: 2011 | AF2: 2012 | AG2: 2013 | AH2: 2014 | AI2: 2015 | AJ2: 2016 | AK2: 2017 | AL2: 2018 | AM2: 2019 | AN2: 2020 | AO2: 2021 | AP2: 2022 | AQ2: 2023 | AR2: 2024
A3: ANVENDELSE
A4: 01000 | B4: 341929.03 | C4: 340285.55 | D4: 342435.3 | E4: 340760.66 | F4: 339577.83 | G4: 337332.5 | H4: 335061.88 | I4: 333134.17 | J4: 335220.04 | K4: 333471.08 | L4: 332267.39 | M4: 303379.47 | N4: 298275.36 | O4: 300079.34 | P4: 304116 | Q4: 309400.68 | R4: 309535.76 | S4: 300074.52 | T4: 298499.23 | U4: 299882.2 | V4: 297695.68 | W4: 296422.88 | X4: 296724.33 | Y4: 304923.59 | Z4: 307094.6 | AA4: 301984.76 | AB4: 314796.85 | AC4: 312195.18 | AD4: 314457.85 | AE4: 316600.69 | AF4: 315481.1 | AG4: 313713.75 | AH4: 317824.99 | AI4: 306612.7 | AJ4: 308425.81 | AK4: 307618.61 | AL4: 305542 | AM4: 305391.28 | AN4: 301948.12 | AO4: 300799.58 | AP4: 298554.25 | AQ4: 290344.04 | AR4: 285270.31
A5: 10120 | B5: 0 | C5: 0 | D5: 0 | E5: 0 | F5: 0 | G5: 0 | H5: 0 | I5: 0 | J5: 0 | K5: 0 | L5: 0 | M5: 0 | N5: 0 | O5: 0 | P5: 0 | Q5: 0 | R5: 0 | S5: 0 | T5: 0 | U5: 0 | V5: 0 | W5: 0 | X5: 0 | Y5: 0 | Z5: 0 | AA5: 0 | AB5: 0 | AC5: 0 | AD5: 0 | AE5: 0 | AF5: 0 | AG5: 0 | AH5: 0 | AI5: 0 | AJ5: 0 | AK5: 0 | AL5: 0 | AM5: 0 | AN5: 0 | AO5: 0 | AP5: 0 | AQ5: 0 | AR5: 0
A6: REST | B6: 0 | C6: 0 | D6: 0 | E6: 0 | F6: 0 | G6: 0 | H6: 0 | I6: 0 | J6: 0 | K6: 0 | L6: 0 | M6: 0 | N6: 0 | O6: 0 | P6: 0 | Q6: 0 | R6: 0 | S6: 0 | T6: 0 | U6: 0 | V6: 0 | W6: 0 | X6: 0 | Y6: 0 | Z6: 0 | AA6: 0 | AB6: 0 | AC6: 0 | AD6: 0 | AE6: 0 | AF6: 0 | AG6: 0 | AH6: 0 | AI6: 0 | AJ6: 0 | AK6: 0 | AL6: 0 | AM6: 0 | AN6: 0 | AO6: 0 | AP6: 0 | AQ6: 0 | AR6: 0

Sheet K
B1: Xt
A2: TID | B2: 1967 | C2: 1968 | D2: 1969 | E2: 1970 | F2: 1971 | G2: 1972 | H2: 1973 | I2: 1974 | J2: 1975 | K2: 1976 | L2: 1977 | M2: 1978 | N2: 1979 | O2: 1980 | P2: 1981 | Q2: 1982 | R2: 1983 | S2: 1984 | T2: 1985 | U2: 1986 | V2: 1987 | W2: 1988 | X2: 1989 | Y2: 1990 | Z2: 1991 | AA2: 1992 | AB2: 1993 | AC2: 1994 | AD2: 1995 | AE2: 1996 | AF2: 1997 | AG2: 1998 | AH2: 1999 | AI2: 2000 | AJ2: 2001 | AK2: 2002 | AL2: 2003 | AM2: 2004 | AN2: 2005 | AO2: 2006 | AP2: 2007 | AQ2: 2008 | AR2: 2009 | AS2: 2010 | AT2: 2011 | AU2: 2012 | AV2: 2013 | AW2: 2014 | AX2: 2015 | AY2: 2016 | AZ2: 2017 | BA2: 2018 | BB2: 2019 | BC2: 2020 | BD2: 2021 | BE2: 2022 | BF2: 2023 | BG2: 2024
A3: ANVENDELSE
A4: 01000 | B4: 224514.51 | C4: 224366.46 | D4: 225176.76 | E4: 225616.93 | F4: 226470.25 | G4: 229355.33 | H4: 235259.56 | I4: 240569.56 | J4: 244107.89 | K4: 250017.11 | L4: 257639.98 | M4: 265809.06 | N4: 274053.16 | O4: 274942.49 | P4: 271676.26 | Q4: 269273.36 | R4: 265486.94 | S4: 264809.68 | T4: 266326.25 | U4: 266985.5 | V4: 266210.21 | W4: 264402.53 | X4: 267324.63 | Y4: 270872.96 | Z4: 271079.04 | AA4: 270057.66 | AB4: 265264.85 | AC4: 261502.44 | AD4: 258943.47 | AE4: 255818.3 | AF4: 253576.45 | AG4: 250997.48 | AH4: 243846.79 | AI4: 242189.17 | AJ4: 242222.18 | AK4: 240251.44 | AL4: 238152.65 | AM4: 236176.9 | AN4: 234775.37 | AO4: 235933.81 | AP4: 239420.12 | AQ4: 242335.22 | AR4: 239114.01 | AS4: 234152.14 | AT4: 229189.27 | AU4: 225174.76 | AV4: 222099.6 | AW4: 218559.27 | AX4: 215349.06 | AY4: 211367.56 | AZ4: 208356.43 | BA4: 204332.92 | BB4: 200801.59 | BC4: 196588 | BD4: 194543.23 | BE4: 190721.79 | BF4: 187463.57 | BG4: 184659.51
A5: 10120 | B5: 36904.728 | C5: 38025.75 | D5: 39447.778 | E5: 40346.796 | F5: 41710.823 | G5: 42921.847 | H5: 44127.87 | I5: 46869.925 | J5: 48514.957 | K5: 50580.998 | L5: 52445.035 | M5: 54644.078 | N5: 57093.126 | O5: 58319.15 | P5: 59086.166 | Q5: 59217.168 | R5: 59269.169 | S5: 60352.191 | T5: 61830.22 | U5: 63941.261 | V5: 66179.305 | W5: 68824.358 | X5: 71029.401 | Y5: 72699.434 | Z5: 75679.493 | AA5: 78427.547 | AB5: 79445.567 | AC5: 80169.581 | AD5: 80876.595 | AE5: 83395.645 | AF5: 83780.653 | AG5: 84572.668 | AH5: 84522.667 | AI5: 86867.714 | AJ5: 88849.753 | AK5: 90560.786 | AL5: 93052.836 | AM5: 95677.887 | AN5: 95905.892 | AO5: 95869.891 | AP5: 96615.906 | AQ5: 99623.965 | AR5: 102064.01 | AS5: 99904.971 | AT5: 98585.945 | AU5: 99449.962 | AV5: 99127.955 | AW5: 98818.949 | AX5: 98168.937 | AY5: 97864.931 | AZ5: 98144.936 | BA5: 100339.98 | BB5: 101519 | BC5: 101387 | BD5: 101866.01 | BE5: 102662.03 | BF5: 103488.04 | BG5: 104609.06
A6: REST | B6: 2649638.3 | C6: 2759368.2 | D6: 2886580.6 | E6: 3015208.8 | F6: 3138405.5 | G6: 3280526.9 | H6: 3428105.1 | I6: 3542953.7 | J6: 3632246.8 | K6: 3761136.1 | L6: 3879000.1 | M6: 3996137.1 | N6: 4110011.6 | O6: 4195908.6 | P6: 4231481.6 | Q6: 4280161.2 | R6: 4335621.6 | S6: 4406211.8 | T6: 4504274.4 | U6: 4649803.9 | V6: 4790087 | W6: 4891882.6 | X6: 4981504.3 | Y6: 5072787.9 | Z6: 5129425.3 | AA6: 5174500.6 | AB6: 5201875.4 | AC6: 5232337.6 | AD6: 5287123.2 | AE6: 5353696.3 | AF6: 5437468.8 | AG6: 5533345.6 | AH6: 5612669 | AI6: 5715695.6 | AJ6: 5803091.1 | AK6: 5874688.6 | AL6: 5943074.3 | AM6: 6012449.4 | AN6: 6103124.5 | AO6: 6247179.6 | AP6: 6376010.8 | AQ6: 6474294.7 | AR6: 6522656.8 | AS6: 6540181.6 | AT6: 6557790.1 | AU6: 6589190.1 | AV6: 6628205.8 | AW6: 6688660.6 | AX6: 6762598 | AY6: 6866765.9 | AZ6: 6983072.4 | BA6: 7106985 | BB6: 7209887.2 | BC6: 7326042 | BD6: 7489112.7 | BE6: 7648995.4 | BF6: 7786056.3 | BG6: 7926877.2

Sheet MDtot
B1: Xt
A2: TID | B2: 1967 | C2: 1968 | D2: 1969 | E2: 1970 | F2: 1971 | G2: 1972 | H2: 1973 | I2: 1974 | J2: 1975 | K2: 1976 | L2: 1977 | M2: 1978 | N2: 1979 | O2: 1980 | P2: 1981 | Q2: 1982 | R2: 1983 | S2: 1984 | T2: 1985 | U2: 1986 | V2: 1987 | W2: 1988 | X2: 1989 | Y2: 1990 | Z2: 1991 | AA2: 1992 | AB2: 1993 | AC2: 1994 | AD2: 1995 | AE2: 1996 | AF2: 1997 | AG2: 1998 | AH2: 1999 | AI2: 2000 | AJ2: 2001 | AK2: 2002 | AL2: 2003 | AM2: 2004 | AN2: 2005 | AO2: 2006 | AP2: 2007 | AQ2: 2008 | AR2: 2009 | AS2: 2010 | AT2: 2011 | AU2: 2012 | AV2: 2013 | AW2: 2014 | AX2: 2015 | AY2: 2016 | AZ2: 2017 | BA2: 2018 | BB2: 2019 | BC2: 2020 | BD2: 2021 | BE2: 2022
A3: ANVENDELSE
A4: 01000 | B4: 31709.383 | C4: 32928.936 | D4: 32248.759 | E4: 33058.048 | F4: 32857.409 | G4: 33005.843 | H4: 35820.684 | I4: 33458.534 | J4: 33491.351 | K4: 35793.006 | L4: 35058.2 | M4: 37664.175 | N4: 38926.524 | O4: 37794.129 | P4: 36016.019 | Q4: 36373.867 | R4: 35806.567 | S4: 36438.996 | T4: 37083.241 | U4: 35965.965 | V4: 38219.755 | W4: 36463.258 | X4: 34728.876 | Y4: 36019.18 | Z4: 34155.68 | AA4: 34779.904 | AB4: 40169.914 | AC4: 39171.124 | AD4: 38654.183 | AE4: 38488.072 | AF4: 39980.752 | AG4: 40065.075 | AH4: 41213.409 | AI4: 39869.067 | AJ4: 38158.444 | AK4: 39526.432 | AL4: 39460.402 | AM4: 39049.542 | AN4: 38852.368 | AO4: 39206.53 | AP4: 39239.256 | AQ4: 39065.118 | AR4: 39561.728 | AS4: 38287.097 | AT4: 38369.71 | AU4: 37945.18 | AV4: 39183.116 | AW4: 38453.53 | AX4: 40043.646 | AY4: 40649.577 | AZ4: 41666.266 | BA4: 41402.993 | BB4: 39369.003 | BC4: 41742.615 | BD4: 41587.533 | BE4: 42512.469
A5: 10120 | B5: 55401.38 | C5: 58151.495 | D5: 57351.605 | E5: 59635.214 | F5: 62630.409 | G5: 63973.347 | H5: 63352.985 | I5: 65119.522 | J5: 64844.067 | K5: 67192.189 | L5: 69361.755 | M5: 72062.413 | N5: 78931.562 | O5: 83264.812 | P5: 83680.291 | Q5: 80229.553 | R5: 77401.508 | S5: 78812.251 | T5: 83060.992 | U5: 88172.476 | V5: 87778.049 | W5: 85861.172 | X5: 84341.679 | Y5: 88244.37 | Z5: 87425.119 | AA5: 92477.288 | AB5: 99002.458 | AC5: 98515.248 | AD5: 94913.352 | AE5: 89306.466 | AF5: 87818.068 | AG5: 91349.28 | AH5: 89368.694 | AI5: 88151.946 | AJ5: 88271.071 | AK5: 93055.729 | AL5: 94721.314 | AM5: 95199.176 | AN5: 97210.924 | AO5: 95959.612 | AP5: 94875.505 | AQ5: 91944.58 | AR5: 89199.15 | AS5: 84791.793 | AT5: 86469.949 | AU5: 83711.527 | AV5: 84645.013 | AW5: 84972.384 | AX5: 87502.725 | AY5: 88050.164 | AZ5: 90152.864 | BA5: 90695.094 | BB5: 89321.561 | BC5: 93900.407 | BD5: 95406.599 | BE5: 94115.541
A6: REST | B6: 341295.61 | C6: 341590.65 | D6: 368220.75 | E6: 388079.96 | F6: 386053.51 | G6: 408872.83 | H6: 424489.77 | I6: 411963.31 | J6: 407170.18 | K6: 436935.17 | L6: 444549.29 | M6: 460001.02 | N6: 474435.24 | O6: 468119.37 | P6: 449524.9 | Q6: 452335.86 | R6: 466829.42 | S6: 516617.18 | T6: 551364.61 | U6: 614591 | V6: 628473.36 | W6: 625338.04 | X6: 620161.94 | Y6: 625742.11 | Z6: 621218.52 | AA6: 629327.66 | AB6: 637161 | AC6: 670301.98 | AD6: 706513.39 | AE6: 735781.76 | AF6: 757765.77 | AG6: 780125.36 | AH6: 833471.28 | AI6: 862121.41 | AJ6: 904666.28 | AK6: 913448.14 | AL6: 908460.67 | AM6: 932042.58 | AN6: 1007843.2 | AO6: 1065521.4 | AP6: 1112934.1 | AQ6: 1104159.1 | AR6: 1021559.6 | AS6: 1004672.4 | AT6: 1020287.4 | AU6: 1030820.6 | AV6: 1014623.8 | AW6: 1053827.1 | AX6: 1078366.7 | AY6: 1119206.9 | AZ6: 1143627.1 | BA6: 1151259.5 | BB6: 1156450.1 | BC6: 1138436.5 | BD6: 1212596.7 | BE6: 1264111.7

Sheet MFtot
B1: Xt
A2: TID | B2: 1967 | C2: 1968 | D2: 1969 | E2: 1970 | F2: 1971 | G2: 1972 | H2: 1973 | I2: 1974 | J2: 1975 | K2: 1976 | L2: 1977 | M2: 1978 | N2: 1979 | O2: 1980 | P2: 1981 | Q2: 1982 | R2: 1983 | S2: 1984 | T2: 1985 | U2: 1986 | V2: 1987 | W2: 1988 | X2: 1989 | Y2: 1990 | Z2: 1991 | AA2: 1992 | AB2: 1993 | AC2: 1994 | AD2: 1995 | AE2: 1996 | AF2: 1997 | AG2: 1998 | AH2: 1999 | AI2: 2000 | AJ2: 2001 | AK2: 2002 | AL2: 2003 | AM2: 2004 | AN2: 2005 | AO2: 2006 | AP2: 2007 | AQ2: 2008 | AR2: 2009 | AS2: 2010 | AT2: 2011 | AU2: 2012 | AV2: 2013 | AW2: 2014 | AX2: 2015 | AY2: 2016 | AZ2: 2017 | BA2: 2018 | BB2: 2019 | BC2: 2020 | BD2: 2021 | BE2: 2022
A3: ANVENDELSE
A4: 01000 | B4: 7091.8431 | C4: 5745.7129 | D4: 5426.6118 | E4: 6327.1903 | F4: 6935.1567 | G4: 6793.8904 | H4: 7209.1162 | I4: 6964.6766 | J4: 7384.7806 | K4: 8786.9828 | L4: 8957.1252 | M4: 9361.6381 | N4: 10504.955 | O4: 10397.53 | P4: 11075.519 | Q4: 11681.325 | R4: 12659.364 | S4: 11981.331 | T4: 12199.471 | U4: 12127.348 | V4: 12044.054 | W4: 10546.607 | X4: 11120.831 | Y4: 11477.698 | Z4: 11778.8 | AA4: 12966.966 | AB4: 12232.502 | AC4: 11218.161 | AD4: 10511.072 | AE4: 9836.3247 | AF4: 10011.355 | AG4: 11135.292 | AH4: 10713.711 | AI4: 10401.888 | AJ4: 10384.883 | AK4: 11153.953 | AL4: 9687.0416 | AM4: 10449.296 | AN4: 10025.256 | AO4: 10152.104 | AP4: 10264.813 | AQ4: 11154.901 | AR4: 11488.825 | AS4: 11793.594 | AT4: 12528.425 | AU4: 12161.136 | AV4: 11764.802 | AW4: 11793.276 | AX4: 12701.139 | AY4: 12370.906 | AZ4: 11816.303 | BA4: 11784.898 | BB4: 11118.837 | BC4: 10520.221 | BD4: 10918.842 | BE4: 10684.743
A5: 10120 | B5: 5607.7335 | C5: 5183.9898 | D5: 5452.2685 | E5: 6453.7845 | F5: 6666.8666 | G5: 6431.527 | H5: 7448.953 | I5: 7545.0669 | J5: 7047.0944 | K5: 8267.631 | L5: 8184.1713 | M5: 8961.5131 | N5: 9747.4815 | O5: 9902.751 | P5: 10099.114 | Q5: 10231.991 | R5: 9945.6902 | S5: 10549.759 | T5: 11069.996 | U5: 12001.755 | V5: 12640.326 | W5: 12671.339 | X5: 13530.639 | Y5: 15101.829 | Z5: 16808.013 | AA5: 16443.826 | AB5: 16461.391 | AC5: 18321.557 | AD5: 19482.96 | AE5: 20617.97 | AF5: 21007.964 | AG5: 21431.735 | AH5: 21626.279 | AI5: 24106.921 | AJ5: 25364.996 | AK5: 27077.469 | AL5: 29464.021 | AM5: 29830.108 | AN5: 30734.421 | AO5: 33372.163 | AP5: 33454.367 | AQ5: 35821.678 | AR5: 31786.866 | AS5: 29720.904 | AT5: 29473.325 | AU5: 29762.434 | AV5: 30508.049 | AW5: 30789.565 | AX5: 32215.217 | AY5: 31853.048 | AZ5: 32821.934 | BA5: 33933.946 | BB5: 34774.855 | BC5: 35648.525 | BD5: 34196.785 | BE5: 34477.997
A6: REST | B6: 71710.983 | C6: 77520.707 | D6: 90035.016 | E6: 95915.313 | F6: 98348.611 | G6: 104333.16 | H6: 115507.94 | I6: 113793.82 | J6: 102564.8 | K6: 116147.53 | L6: 117184.19 | M6: 118037.26 | N6: 122619.41 | O6: 119686.18 | P6: 114798.04 | Q6: 112867.62 | R6: 114226.43 | S6: 121472.05 | T6: 128932.09 | U6: 132006.12 | V6: 132352.98 | W6: 140179.87 | X6: 141968.89 | Y6: 143439.99 | Z6: 147457.65 | AA6: 147385.45 | AB6: 145348.42 | AC6: 158904.36 | AD6: 168636.93 | AE6: 176711.82 | AF6: 183392.02 | AG6: 195034.58 | AH6: 204045.43 | AI6: 224459.01 | AJ6: 231617.92 | AK6: 241600.9 | AL6: 233822.45 | AM6: 240993.34 | AN6: 279026.24 | AO6: 311035.42 | AP6: 323603.3 | AQ6: 348261.03 | AR6: 299322.44 | AS6: 302222.18 | AT6: 320894.02 | AU6: 336143.21 | AV6: 341693.77 | AW6: 346816.33 | AX6: 374483.61 | AY6: 394791.1 | AZ6: 404505.02 | BA6: 429642.02 | BB6: 454629.05 | BC6: 449937.62 | BD6: 480907.75 | BE6: 522161.76

Sheet P
B1: Pt
A2: TID | B2: 1967 | C2: 1968 | D2: 1969 | E2: 1970 | F2: 1971 | G2: 1972 | H2: 1973 | I2: 1974 | J2: 1975 | K2: 1976 | L2: 1977 | M2: 1978 | N2: 1979 | O2: 1980 | P2: 1981 | Q2: 1982 | R2: 1983 | S2: 1984 | T2: 1985 | U2: 1986 | V2: 1987 | W2: 1988 | X2: 1989 | Y2: 1990 | Z2: 1991 | AA2: 1992 | AB2: 1993 | AC2: 1994 | AD2: 1995 | AE2: 1996 | AF2: 1997 | AG2: 1998 | AH2: 1999 | AI2: 2000 | AJ2: 2001 | AK2: 2002 | AL2: 2003 | AM2: 2004 | AN2: 2005 | AO2: 2006 | AP2: 2007 | AQ2: 2008 | AR2: 2009 | AS2: 2010 | AT2: 2011 | AU2: 2012 | AV2: 2013 | AW2: 2014 | AX2: 2015 | AY2: 2016 | AZ2: 2017 | BA2: 2018 | BB2: 2019 | BC2: 2020 | BD2: 2021 | BE2: 2022
A3: ANVENDELSE
A4: 01000 | B4: 0.25607391 | C4: 0.25834004 | D4: 0.28105258 | E4: 0.30430121 | F4: 0.29811967 | G4: 0.3339359 | H4: 0.43052799 | I4: 0.44414889 | J4: 0.48715192 | K4: 0.5640882 | L4: 0.59514356 | M4: 0.6345172 | N4: 0.65096351 | O4: 0.72318177 | P4: 0.81190981 | Q4: 0.91041812 | R4: 0.95466565 | S4: 0.99197673 | T4: 0.98749151 | U4: 0.95475842 | V4: 0.95360648 | W4: 0.93289799 | X4: 0.97239892 | Y4: 0.90614873 | Z4: 0.89339057 | AA4: 0.9027064 | AB4: 0.80025435 | AC4: 0.80089488 | AD4: 0.83564746 | AE4: 0.84700116 | AF4: 0.84671658 | AG4: 0.75191861 | AH4: 0.73512719 | AI4: 0.80247949 | AJ4: 0.85718239 | AK4: 0.78091773 | AL4: 0.75515379 | AM4: 0.77755657 | AN4: 0.71833855 | AO4: 0.73132553 | AP4: 0.76268103 | AQ4: 0.83607121 | AR4: 0.79607803 | AS4: 0.84462464 | AT4: 0.94835462 | AU4: 1.0293523 | AV4: 0.9779207 | AW4: 0.93853411 | AX4: 0.86804807 | AY4: 0.8813666 | AZ4: 0.9560939 | BA4: 0.91154158 | BB4: 0.98517616 | BC4: 1 | BD4: 0.97836787 | BE4: 1.1755229
A5: 10120 | B5: 0.21736726 | C5: 0.21710019 | D5: 0.23343467 | E5: 0.25019141 | F5: 0.25792979 | G5: 0.27667241 | H5: 0.35413554 | I5: 0.38365037 | J5: 0.41428954 | K5: 0.45273991 | L5: 0.48772052 | M5: 0.51748751 | N5: 0.52452863 | O5: 0.57813656 | P5: 0.65156258 | Q5: 0.72420846 | R5: 0.74937649 | S5: 0.8071227 | T5: 0.80627525 | U5: 0.76773198 | V5: 0.75546495 | W5: 0.7647754 | X5: 0.81507702 | Y5: 0.7943401 | Z5: 0.79175995 | AA5: 0.8113854 | AB5: 0.75479964 | AC5: 0.76114401 | AD5: 0.76856146 | AE5: 0.78565486 | AF5: 0.79803586 | AG5: 0.75402237 | AH5: 0.73069725 | AI5: 0.78026275 | AJ5: 0.81970009 | AK5: 0.82018067 | AL5: 0.80459867 | AM5: 0.81073778 | AN5: 0.81833701 | AO5: 0.83200361 | AP5: 0.86051449 | AQ5: 0.92183343 | AR5: 0.88637583 | AS5: 0.91582157 | AT5: 0.95976415 | AU5: 0.99275846 | AV5: 1.0090947 | AW5: 0.98179215 | AX5: 0.96693149 | AY5: 0.97212259 | AZ5: 0.98167364 | BA5: 0.9721503 | BB5: 0.9972466 | BC5: 1 | BD5: 0.99145651 | BE5: 1.1472759
A6: REST | B6: 0.11367524 | C6: 0.11970203 | D6: 0.12712092 | E6: 0.1379434 | F6: 0.14817806 | G6: 0.15925596 | H6: 0.17599834 | I6: 0.21077905 | J6: 0.23578933 | K6: 0.2547441 | L6: 0.27537931 | M6: 0.29513295 | N6: 0.31843116 | O6: 0.35329295 | P6: 0.39662562 | Q6: 0.43949182 | R6: 0.47188153 | S6: 0.49739374 | T6: 0.51982296 | U6: 0.51672073 | V6: 0.53285898 | W6: 0.54884824 | X6: 0.58187566 | Y6: 0.59855472 | Z6: 0.61564213 | AA6: 0.62424257 | AB6: 0.62877082 | AC6: 0.64020326 | AD6: 0.65076452 | AE6: 0.66043461 | AF6: 0.67617658 | AG6: 0.68328877 | AH6: 0.69275442 | AI6: 0.72089398 | AJ6: 0.73839614 | AK6: 0.74851574 | AL6: 0.75647841 | AM6: 0.77184925 | AN6: 0.79589363 | AO6: 0.81825641 | AP6: 0.84085023 | AQ6: 0.87822555 | AR6: 0.86662997 | AS6: 0.89841806 | AT6: 0.91182114 | AU6: 0.93274208 | AV6: 0.94063557 | AW6: 0.94452562 | AX6: 0.94667601 | AY6: 0.93774849 | AZ6: 0.95693456 | BA6: 0.97344332 | BB6: 0.98632641 | BC6: 1 | BD6: 1.0496921 | BE6: 1.1875979

Sheet P_Mtot
B1: P_Mtot
A2: TID | B2: 1967 | C2: 1968 | D2: 1969 | E2: 1970 | F2: 1971 | G2: 1972 | H2: 1973 | I2: 1974 | J2: 1975 | K2: 1976 | L2: 1977 | M2: 1978 | N2: 1979 | O2: 1980 | P2: 1981 | Q2: 1982 | R2: 1983 | S2: 1984 | T2: 1985 | U2: 1986 | V2: 1987 | W2: 1988 | X2: 1989 | Y2: 1990 | Z2: 1991 | AA2: 1992 | AB2: 1993 | AC2: 1994 | AD2: 1995 | AE2: 1996 | AF2: 1997 | AG2: 1998 | AH2: 1999 | AI2: 2000 | AJ2: 2001 | AK2: 2002 | AL2: 2003 | AM2: 2004 | AN2: 2005 | AO2: 2006 | AP2: 2007 | AQ2: 2008 | AR2: 2009 | AS2: 2010 | AT2: 2011 | AU2: 2012 | AV2: 2013 | AW2: 2014 | AX2: 2015 | AY2: 2016 | AZ2: 2017 | BA2: 2018 | BB2: 2019 | BC2: 2020 | BD2: 2021 | BE2: 2022
A3: ANVENDELSE
A4: 01000 | B4: 0.18189507 | C4: 0.18225198 | D4: 0.1838995 | E4: 0.19908884 | F4: 0.20980365 | G4: 0.23045315 | H4: 0.28766083 | I4: 0.31807964 | J4: 0.33935872 | K4: 0.37465166 | L4: 0.39430669 | M4: 0.39157056 | N4: 0.41107629 | O4: 0.46609004 | P4: 0.53413904 | Q4: 0.59108564 | R4: 0.6322355 | S4: 0.65081443 | T4: 0.61901008 | U4: 0.60741196 | V4: 0.58338386 | W4: 0.59182648 | X4: 0.63440298 | Y4: 0.61054821 | Z4: 0.61801674 | AA4: 0.61783612 | AB4: 0.57109878 | AC4: 0.5600206 | AD4: 0.54846327 | AE4: 0.54271973 | AF4: 0.54973262 | AG4: 0.50941847 | AH4: 0.49982297 | AI4: 0.52682465 | AJ4: 0.54739566 | AK4: 0.54791831 | AL4: 0.56027223 | AM4: 0.57520017 | AN4: 0.59405548 | AO4: 0.62229403 | AP4: 0.70833508 | AQ4: 0.81091111 | AR4: 0.76236932 | AS4: 0.78123715 | AT4: 0.8483493 | AU4: 0.881049 | AV4: 0.9111469 | AW4: 0.90850362 | AX4: 0.92126075 | AY4: 0.88833402 | AZ4: 0.92102203 | BA4: 0.95455508 | BB4: 0.98750429 | BC4: 1 | BD4: 1.1136353 | BE4: 1.3658065
A5: 10120 | B5: 0.24311303 | C5: 0.23851198 | D5: 0.24598508 | E5: 0.25556873 | F5: 0.24521511 | G5: 0.25874407 | H5: 0.3275198 | I5: 0.34919034 | J5: 0.36411886 | K5: 0.40321444 | L5: 0.43290828 | M5: 0.45992447 | N5: 0.46146116 | O5: 0.51458024 | P5: 0.60204096 | Q5: 0.67142666 | R5: 0.69924383 | S5: 0.74127988 | T5: 0.73480381 | U5: 0.68915548 | V5: 0.66103343 | W5: 0.68865975 | X5: 0.7596988 | Y5: 0.73081593 | Z5: 0.73063228 | AA5: 0.73118404 | AB5: 0.66428391 | AC5: 0.67151116 | AD5: 0.68547191 | AE5: 0.68816405 | AF5: 0.71202651 | AG5: 0.68796997 | AH5: 0.65869187 | AI5: 0.70101809 | AJ5: 0.74674838 | AK5: 0.70336662 | AL5: 0.67370642 | AM5: 0.68462402 | AN5: 0.69440508 | AO5: 0.7162755 | AP5: 0.75179395 | AQ5: 0.82809069 | AR5: 0.78148042 | AS5: 0.82911848 | AT5: 0.90060539 | AU5: 0.94490528 | AV5: 0.96170507 | AW5: 0.94376888 | AX5: 0.89822356 | AY5: 0.90075567 | AZ5: 0.95542016 | BA5: 0.92716642 | BB5: 0.97081581 | BC5: 1 | BD5: 1.0238707 | BE5: 1.2481187
A6: REST | B6: 0.12381712 | C6: 0.12972007 | D6: 0.1369294 | E6: 0.14733657 | F6: 0.15716746 | G6: 0.16573996 | H6: 0.18243897 | I6: 0.2318998 | J6: 0.25354305 | K6: 0.27305657 | L6: 0.294343 | M6: 0.31361044 | N6: 0.34466526 | O6: 0.394655 | P6: 0.45144481 | Q6: 0.50128029 | R6: 0.53664877 | S6: 0.55815315 | T6: 0.58475451 | U6: 0.56802932 | V6: 0.57351896 | W6: 0.58601164 | X6: 0.62446042 | Y6: 0.6417552 | Z6: 0.65635313 | AA6: 0.66213632 | AB6: 0.66173544 | AC6: 0.67484509 | AD6: 0.69254101 | AE6: 0.70018458 | AF6: 0.71687189 | AG6: 0.72368833 | AH6: 0.72924946 | AI6: 0.75580712 | AJ6: 0.77393489 | AK6: 0.78128435 | AL6: 0.78886662 | AM6: 0.79989977 | AN6: 0.82118388 | AO6: 0.84290455 | AP6: 0.86821432 | AQ6: 0.90905179 | AR6: 0.90115247 | AS6: 0.92619535 | AT6: 0.9554432 | AU6: 0.97344528 | AV6: 0.97341748 | AW6: 0.97334136 | AX6: 0.96368613 | AY6: 0.95471163 | AZ6: 0.97679116 | BA6: 0.99596229 | BB6: 1.0044894 | BC6: 1 | BD6: 1.0499221 | BE6: 1.166408

Sheet P_JKL
B1: P_JKL
A2: TID | B2: 1993 | C2: 1994 | D2: 1995 | E2: 1996 | F2: 1997 | G2: 1998 | H2: 1999 | I2: 2000 | J2: 2001 | K2: 2002 | L2: 2003 | M2: 2004 | N2: 2005 | O2: 2006 | P2: 2007 | Q2: 2008 | R2: 2009 | S2: 2010 | T2: 2011 | U2: 2012 | V2: 2013 | W2: 2014 | X2: 2015 | Y2: 2016 | Z2: 2017 | AA2: 2018 | AB2: 2019 | AC2: 2020 | AD2: 2021 | AE2: 2022
A3: ANVENDELSE
A4: 01000 | B4: 0.43713453 | C4: 0.4565416 | D4: 0.48186045 | E4: 0.49752944 | F4: 0.54638688 | G4: 0.57864629 | H4: 0.64634956 | I4: 0.62647965 | J4: 0.66575503 | K4: 0.68118583 | L4: 0.70170598 | M4: 0.73783699 | N4: 0.79924726 | O4: 0.90090229 | P4: 0.99569856 | Q4: 1.0998402 | R4: 0.98072207 | S4: 0.90821784 | T4: 0.82304926 | U4: 0.84721365 | V4: 0.82401038 | W4: 0.86856162 | X4: 0.9105831 | Y4: 0.91369132 | Z4: 0.92082347 | AA4: 0.93718569 | AB4: 0.96597632 | AC4: 1 | AD4: 0.99751302 | AE4: 1.087387
A5: 10120 | B5: 0.53550069 | C5: 0.55605246 | D5: 0.57488307 | E5: 0.58886902 | F5: 0.6298813 | G5: 0.66864897 | H5: 0.68522348 | I5: 0.70817867 | J5: 0.74772574 | K5: 0.77292987 | L5: 0.80143412 | M5: 0.84068573 | N5: 0.89545279 | O5: 0.99469415 | P5: 1.1012898 | Q5: 1.1952825 | R5: 1.0903368 | S5: 1.0117774 | T5: 0.91735581 | U5: 0.93075269 | V5: 0.90377473 | W5: 0.94388401 | X5: 0.97061233 | Y5: 0.97333519 | Z5: 0.97176439 | AA5: 0.9945814 | AB5: 1.0076457 | AC5: 1 | AD5: 1.0313734 | AE5: 1.0913175
A6: REST | B6: 0.51573416 | C6: 0.53420951 | D6: 0.54335501 | E6: 0.55726195 | F6: 0.57099206 | G6: 0.58457018 | H6: 0.60460958 | I6: 0.61649887 | J6: 0.64177332 | K6: 0.66354134 | L6: 0.68072791 | M6: 0.70158367 | N6: 0.72144421 | O6: 0.74156065 | P6: 0.78207647 | Q6: 0.82040862 | R6: 0.81774685 | S6: 0.83327681 | T6: 0.84020863 | U6: 0.85971003 | V6: 0.86676546 | W6: 0.87738239 | X6: 0.89228674 | Y6: 0.90299991 | Z6: 0.91910796 | AA6: 0.94377655 | AB6: 0.96797777 | AC6: 1 | AD6: 1.0105627 | AE6: 1.0665186

Sheet P_KL
B1: P_KL
A2: TID | B2: 1993 | C2: 1994 | D2: 1995 | E2: 1996 | F2: 1997 | G2: 1998 | H2: 1999 | I2: 2000 | J2: 2001 | K2: 2002 | L2: 2003 | M2: 2004 | N2: 2005 | O2: 2006 | P2: 2007 | Q2: 2008 | R2: 2009 | S2: 2010 | T2: 2011 | U2: 2012 | V2: 2013 | W2: 2014 | X2: 2015 | Y2: 2016 | Z2: 2017 | AA2: 2018 | AB2: 2019 | AC2: 2020 | AD2: 2021 | AE2: 2022
A3: ANVENDELSE
A4: 01000 | B4: 0.40621427 | C4: 0.42737516 | D4: 0.43899956 | E4: 0.45480608 | F4: 0.49126852 | G4: 0.51329255 | H4: 0.58092135 | I4: 0.5375887 | J4: 0.55931693 | K4: 0.57699542 | L4: 0.59993429 | M4: 0.61136132 | N4: 0.65067292 | O4: 0.68011663 | P4: 0.70573901 | Q4: 0.73794017 | R4: 0.71723869 | S4: 0.73460174 | T4: 0.74560865 | U4: 0.77821207 | V4: 0.78971438 | W4: 0.8166163 | X4: 0.83809967 | Y4: 0.87234196 | Z4: 0.88944347 | AA4: 0.90211403 | AB4: 0.94711051 | AC4: 1 | AD4: 0.9783869 | AE4: 1.0666988
A5: 10120 | B5: 0.53548001 | C5: 0.55840753 | D5: 0.56151211 | E5: 0.57525612 | F5: 0.60162117 | G5: 0.63212348 | H5: 0.63298749 | I5: 0.64614385 | J5: 0.66918731 | K5: 0.69922877 | L5: 0.73226197 | M5: 0.74900489 | N5: 0.78027016 | O5: 0.80845418 | P5: 0.85050636 | Q5: 0.8691378 | R5: 0.87017548 | S5: 0.88117201 | T5: 0.88216593 | U5: 0.89976502 | V5: 0.90763188 | W5: 0.92665859 | X5: 0.9237011 | Y5: 0.95928249 | Z5: 0.96408184 | AA5: 0.98609443 | AB5: 1.0080756 | AC5: 1 | AD5: 1.0281509 | AE5: 1.0738184
A6: REST | B6: 0.51614369 | C6: 0.53468753 | D6: 0.54333561 | E6: 0.55725044 | F6: 0.57040194 | G6: 0.58359033 | H6: 0.60328519 | I6: 0.61486428 | J6: 0.63965705 | K6: 0.66153772 | L6: 0.67876566 | M6: 0.6989829 | N6: 0.71808842 | O6: 0.7361426 | P6: 0.77488472 | Q6: 0.81133838 | R6: 0.81153359 | S6: 0.82952277 | T6: 0.8390259 | U6: 0.85865418 | V6: 0.86659785 | W6: 0.87662329 | X6: 0.89094163 | Y6: 0.90225314 | Z6: 0.91859813 | AA6: 0.94326769 | AB6: 0.96769224 | AC6: 1 | AD6: 1.0103644 | AE6: 1.0660679

Sheet P_D
C1: Pt
B2: TID | C2: 1967 | D2: 1968 | E2: 1969 | F2: 1970 | G2: 1971 | H2: 1972 | I2: 1973 | J2: 1974 | K2: 1975 | L2: 1976 | M2: 1977 | N2: 1978 | O2: 1979 | P2: 1980 | Q2: 1981 | R2: 1982 | S2: 1983 | T2: 1984 | U2: 1985 | V2: 1986 | W2: 1987 | X2: 1988 | Y2: 1989 | Z2: 1990 | AA2: 1991 | AB2: 1992 | AC2: 1993 | AD2: 1994 | AE2: 1995 | AF2: 1996 | AG2: 1997 | AH2: 1998 | AI2: 1999 | AJ2: 2000 | AK2: 2001 | AL2: 2002 | AM2: 2003 | AN2: 2004 | AO2: 2005 | AP2: 2006 | AQ2: 2007 | AR2: 2008 | AS2: 2009 | AT2: 2010 | AU2: 2011 | AV2: 2012 | AW2: 2013 | AX2: 2014 | AY2: 2015 | AZ2: 2016 | BA2: 2017 | BB2: 2018 | BC2: 2019 | BD2: 2020 | BE2: 2021 | BF2: 2022
A3: ANVENDELSE | B3: TILGANG2
A4: 01000 | B4: 01000 | C4: 0.20257775 | D4: 0.18453655 | E4: 0.19589688 | F4: 0.21306901 | G4: 0.21481765 | H4: 0.24522349 | I4: 0.32314632 | J4: 0.35746456 | K4: 0.39327757 | L4: 0.484171 | M4: 0.51977557 | N4: 0.54957487 | O4: 0.59593832 | P4: 0.66157936 | Q4: 0.74299791 | R4: 0.837641 | S4: 0.92683995 | T4: 0.9229046 | U4: 0.96195531 | V4: 1.0006625 | W4: 1.0550124 | X4: 0.90840768 | Y4: 0.91329781 | Z4: 0.90756852 | AA4: 0.91086228 | AB4: 0.85994609 | AC4: 0.78233354 | AD4: 0.78251869 | AE4: 0.81311562 | AF4: 0.80405777 | AG4: 0.79597314 | AH4: 0.77210326 | AI4: 0.76788256 | AJ4: 0.79735022 | AK4: 0.79854981 | AL4: 0.77047998 | AM4: 0.77306131 | AN4: 0.80171362 | AO4: 0.62868208 | AP4: 0.67223255 | AQ4: 0.80690666 | AR4: 0.89511277 | AS4: 0.79252137 | AT4: 0.80406244 | AU4: 0.91145112 | AV4: 0.94505026 | AW4: 0.93418039 | AX4: 0.8827655 | AY4: 0.88901322 | AZ4: 0.87256578 | BA4: 0.89648577 | BB4: 0.91888899 | BC4: 0.98986667 | BD4: 1 | BE4: 1.0321349 | BF4: 1.116501
B5: 10120 | C5: 0.18430905 | D5: 0.18313614 | E5: 0.18990873 | F5: 0.2022276 | G5: 0.20807223 | H5: 0.22147453 | I5: 0.29364157 | J5: 0.32748939 | K5: 0.32316495 | L5: 0.35642048 | M5: 0.41416255 | N5: 0.39402522 | O5: 0.41173216 | P5: 0.47749708 | Q5: 0.55404121 | R5: 0.59774469 | S5: 0.63152276 | T5: 0.67991956 | U5: 0.65928451 | V5: 0.62340676 | W5: 0.58542343 | X5: 0.66436302 | Y5: 0.69251041 | Z5: 0.61403397 | AA5: 0.59682765 | AB5: 0.6313532 | AC5: 0.61099514 | AD5: 0.60867407 | AE5: 0.59880142 | AF5: 0.6517136 | AG5: 0.66829819 | AH5: 0.63895281 | AI5: 0.58286198 | AJ5: 0.71429928 | AK5: 0.81997425 | AL5: 0.81523901 | AM5: 0.79896459 | AN5: 0.79413036 | AO5: 0.82695759 | AP5: 0.81866573 | AQ5: 0.92533443 | AR5: 1.0431352 | AS5: 0.93480425 | AT5: 0.91221747 | AU5: 1.0028853 | AV5: 1.0580828 | AW5: 1.1574818 | AX5: 1.1011958 | AY5: 1.0443226 | AZ5: 1.0014222 | BA5: 0.99455978 | BB5: 1.0152185 | BC5: 1.0033441 | BD5: 1 | BE5: 1.0650439 | BF5: 1.3235891
B6: REST | C6: 0.1397246 | D6: 0.14740104 | E6: 0.15267274 | F6: 0.16041577 | G6: 0.16869577 | H6: 0.18865991 | I6: 0.22977843 | J6: 0.26371104 | K6: 0.30303363 | L6: 0.31603121 | M6: 0.33363872 | N6: 0.35716113 | O6: 0.39201243 | P6: 0.43317514 | Q6: 0.49283806 | R6: 0.54584646 | S6: 0.59118278 | T6: 0.60319641 | U6: 0.60883476 | V6: 0.60446079 | W6: 0.56967255 | X6: 0.58419633 | Y6: 0.62152394 | Z6: 0.6228471 | AA6: 0.63056563 | AB6: 0.64508951 | AC6: 0.63584182 | AD6: 0.65456644 | AE6: 0.66632269 | AF6: 0.66979962 | AG6: 0.68281213 | AH6: 0.67363939 | AI6: 0.67400794 | AJ6: 0.7002639 | AK6: 0.73771552 | AL6: 0.74982563 | AM6: 0.75616123 | AN6: 0.76047311 | AO6: 0.79104034 | AP6: 0.79989574 | AQ6: 0.83453121 | AR6: 0.90066049 | AS6: 0.91265785 | AT6: 0.94103984 | AU6: 0.97373579 | AV6: 0.97649895 | AW6: 0.96958787 | AX6: 0.99642696 | AY6: 1.0105868 | AZ6: 0.98084432 | BA6: 0.99358499 | BB6: 1.0033906 | BC6: 1.0198259 | BD6: 1 | BE6: 1.0499511 | BF6: 1.2698908
A7: 10120 | B7: 01000 | C7: 0.27652196 | D7: 0.28225748 | E7: 0.30633972 | F7: 0.33201301 | G7: 0.33290983 | H7: 0.3692706 | I7: 0.48323904 | J7: 0.48637382 | K7: 0.53014424 | L7: 0.59446899 | M7: 0.62855168 | N7: 0.67589875 | O7: 0.6746865 | P7: 0.74060592 | Q7: 0.83860532 | R7: 0.94636578 | S7: 0.9612387 | T7: 1.0134991 | U7: 0.99949971 | V7: 0.94143728 | W7: 0.90233364 | X7: 0.95678341 | Y7: 1.0570181 | Z7: 0.96829886 | AA7: 0.94043942 | AB7: 0.95642119 | AC7: 0.82714961 | AD7: 0.82764052 | AE7: 0.84765913 | AF7: 0.87256809 | AG7: 0.88260937 | AH7: 0.7591156 | AI7: 0.71849389 | AJ7: 0.81148917 | AK7: 0.88775521 | AL7: 0.78947057 | AM7: 0.73770181 | AN7: 0.76378354 | AO7: 0.71228819 | AP7: 0.74088724 | AQ7: 0.75549733 | AR7: 0.84847556 | AS7: 0.7740603 | AT7: 0.83038657 | AU7: 0.91750986 | AV7: 0.98392138 | AW7: 1.0186186 | AX7: 0.96373112 | AY7: 0.84873134 | AZ7: 0.85591924 | BA7: 0.97917808 | BB7: 0.90635691 | BC7: 0.98117564 | BD7: 1 | BE7: 0.96228342 | BF7: 1.2233984
B8: 10120 | C8: 0.24703591 | D8: 0.23996306 | E8: 0.26197122 | F8: 0.28417385 | G8: 0.28536666 | H8: 0.30649372 | I8: 0.40284178 | J8: 0.42907235 | K8: 0.4614238 | L8: 0.50126234 | M8: 0.53072608 | N8: 0.56920128 | O8: 0.54728556 | P8: 0.6001698 | Q8: 0.68001308 | R8: 0.75733298 | S8: 0.78109596 | T8: 0.84623402 | U8: 0.84825122 | V8: 0.78743299 | W8: 0.75913668 | X8: 0.77843637 | Y8: 0.84057035 | Z8: 0.80524022 | AA8: 0.78376827 | AB8: 0.80331609 | AC8: 0.73029776 | AD8: 0.75279775 | AE8: 0.75698535 | AF8: 0.76998452 | AG8: 0.77685036 | AH8: 0.73049109 | AI8: 0.6884031 | AJ8: 0.72073491 | AK8: 0.77072013 | AL8: 0.7736472 | AM8: 0.75746601 | AN8: 0.76895561 | AO8: 0.79068571 | AP8: 0.79477223 | AQ8: 0.82620845 | AR8: 0.88469362 | AS8: 0.8424961 | AT8: 0.89567834 | AU8: 0.94398374 | AV8: 0.96773069 | AW8: 0.98426998 | AX8: 0.96626708 | AY8: 0.93623983 | AZ8: 0.94920282 | BA8: 0.97437868 | BB8: 0.9494344 | BC8: 0.98100208 | BD8: 1 | BE8: 1.0025174 | BF8: 1.1846814
B9: REST | C9: 0.13916557 | D9: 0.14428907 | E9: 0.1541417 | F9: 0.16753325 | G9: 0.17445414 | H9: 0.18760617 | I9: 0.22756526 | J9: 0.27245465 | K9: 0.26689446 | L9: 0.29524292 | M9: 0.33134764 | N9: 0.33921156 | O9: 0.35615998 | P9: 0.41333269 | Q9: 0.47392228 | R9: 0.50788607 | S9: 0.55092097 | T9: 0.573606 | U9: 0.58363657 | V9: 0.56931159 | W9: 0.56783049 | X9: 0.5787563 | Y9: 0.62094373 | Z9: 0.63993617 | AA9: 0.65234711 | AB9: 0.64900762 | AC9: 0.64539932 | AD9: 0.66738184 | AE9: 0.68436056 | AF9: 0.69743108 | AG9: 0.71188911 | AH9: 0.72512364 | AI9: 0.71723061 | AJ9: 0.72993861 | AK9: 0.76448749 | AL9: 0.77321392 | AM9: 0.7860973 | AN9: 0.78740418 | AO9: 0.80993255 | AP9: 0.82668828 | AQ9: 0.85879973 | AR9: 0.90032977 | AS9: 0.89841603 | AT9: 0.92974958 | AU9: 0.96850455 | AV9: 0.99542028 | AW9: 0.99555769 | AX9: 0.98767471 | AY9: 0.97485825 | AZ9: 0.95914067 | BA9: 0.9689324 | BB9: 0.97444455 | BC9: 0.99231731 | BD9: 1 | BE9: 1.0602487 | BF9: 1.2474354
A10: REST | B10: 01000 | C10: 0.22142737 | D10: 0.22337866 | E10: 0.24496079 | F10: 0.25445827 | G10: 0.22833332 | H10: 0.27685055 | I10: 0.34237627 | J10: 0.34867586 | K10: 0.36924001 | L10: 0.48172584 | M10: 0.44454713 | N10: 0.4259561 | O10: 0.45683189 | P10: 0.517834 | Q10: 0.56371126 | R10: 0.57672361 | S10: 0.63976189 | T10: 0.68438251 | U10: 0.64221375 | V10: 0.66396378 | W10: 0.69440213 | X10: 0.66891581 | Y10: 0.67196719 | Z10: 0.66686612 | AA10: 0.65324198 | AB10: 0.65299771 | AC10: 0.65197968 | AD10: 0.62908743 | AE10: 0.70332563 | AF10: 0.67631981 | AG10: 0.6663423 | AH10: 0.6870065 | AI10: 0.69693197 | AJ10: 0.72317556 | AK10: 0.73519917 | AL10: 0.8112809 | AM10: 0.79260918 | AN10: 0.78916736 | AO10: 0.80978748 | AP10: 0.82135879 | AQ10: 0.8723702 | AR10: 0.91821575 | AS10: 0.80863532 | AT10: 0.83756579 | AU10: 1.0301662 | AV10: 1.1256882 | AW10: 1.0174133 | AX10: 1.0086012 | AY10: 0.93226036 | AZ10: 0.95242226 | BA10: 1.006722 | BB10: 1.0677519 | BC10: 1.1361723 | BD10: 1 | BE10: 1.0097234 | BF10: 1.1930152
B11: 10120 | C11: 0.17261132 | D11: 0.17231616 | E11: 0.18049899 | F11: 0.19467443 | G11: 0.20402463 | H11: 0.21736249 | I11: 0.26739821 | J11: 0.30481536 | K11: 0.33310723 | L11: 0.35355454 | M11: 0.38391563 | N11: 0.41160241 | O11: 0.43184499 | P11: 0.47000554 | Q11: 0.52433368 | R11: 0.58249215 | S11: 0.61481219 | T11: 0.66202344 | U11: 0.6774252 | V11: 0.65590936 | W11: 0.65588687 | X11: 0.67120559 | Y11: 0.70915523 | Z11: 0.6978908 | AA11: 0.7114072 | AB11: 0.7326278 | AC11: 0.71368935 | AD11: 0.72018709 | AE11: 0.72464911 | AF11: 0.73425229 | AG11: 0.74251636 | AH11: 0.73797372 | AI11: 0.73203937 | AJ11: 0.75290775 | AK11: 0.78200286 | AL11: 0.79401992 | AM11: 0.79290267 | AN11: 0.8068188 | AO11: 0.8070928 | AP11: 0.81526343 | AQ11: 0.84332484 | AR11: 0.90411855 | AS11: 0.88562184 | AT11: 0.91842636 | AU11: 0.97679516 | AV11: 0.99945084 | AW11: 0.99720681 | AX11: 0.97017804 | AY11: 0.96300174 | AZ11: 0.96746853 | BA11: 0.9816019 | BB11: 0.9787089 | BC11: 0.994311 | BD11: 1 | BE11: 1.0069454 | BF11: 1.1198872
B12: REST | C12: 0.11210198 | D12: 0.11805502 | E12: 0.12589222 | F12: 0.13593387 | G12: 0.14675007 | H12: 0.15454925 | I12: 0.17241643 | J12: 0.21172005 | K12: 0.2354807 | L12: 0.25308049 | M12: 0.27333013 | N12: 0.29386465 | O12: 0.31803354 | P12: 0.35467525 | Q12: 0.40359842 | R12: 0.44653052 | S12: 0.48402293 | T12: 0.50559981 | U12: 0.53196678 | V12: 0.52451888 | W12: 0.53417726 | X12: 0.54716193 | Y12: 0.58227172 | Z12: 0.60210845 | AA12: 0.61821101 | AB12: 0.62651112 | AC12: 0.62979836 | AD12: 0.64600168 | AE12: 0.66157127 | AF12: 0.66998702 | AG12: 0.68597137 | AH12: 0.69292769 | AI12: 0.7016415 | AJ12: 0.72511667 | AK12: 0.74437157 | AL12: 0.75548733 | AM12: 0.7646882 | AN12: 0.77112868 | AO12: 0.79039814 | AP12: 0.81026859 | AQ12: 0.83642231 | AR12: 0.87976227 | AS12: 0.88012955 | AT12: 0.9002063 | AU12: 0.9234978 | AV12: 0.94583738 | AW12: 0.95063525 | AX12: 0.9550732 | AY12: 0.95261491 | AZ12: 0.94725162 | BA12: 0.96905914 | BB12: 0.98614933 | BC12: 0.99887723 | BD12: 1 | BE12: 1.0383835 | BF12: 1.1347523

Sheet P_F
C1: Pt
B2: TID | C2: 1967 | D2: 1968 | E2: 1969 | F2: 1970 | G2: 1971 | H2: 1972 | I2: 1973 | J2: 1974 | K2: 1975 | L2: 1976 | M2: 1977 | N2: 1978 | O2: 1979 | P2: 1980 | Q2: 1981 | R2: 1982 | S2: 1983 | T2: 1984 | U2: 1985 | V2: 1986 | W2: 1987 | X2: 1988 | Y2: 1989 | Z2: 1990 | AA2: 1991 | AB2: 1992 | AC2: 1993 | AD2: 1994 | AE2: 1995 | AF2: 1996 | AG2: 1997 | AH2: 1998 | AI2: 1999 | AJ2: 2000 | AK2: 2001 | AL2: 2002 | AM2: 2003 | AN2: 2004 | AO2: 2005 | AP2: 2006 | AQ2: 2007 | AR2: 2008 | AS2: 2009 | AT2: 2010 | AU2: 2011 | AV2: 2012 | AW2: 2013 | AX2: 2014 | AY2: 2015 | AZ2: 2016 | BA2: 2017 | BB2: 2018 | BC2: 2019 | BD2: 2020 | BE2: 2021 | BF2: 2022
A3: ANVENDELSE | B3: TILGANG2
A4: 01000 | B4: 01000 | C4: 0.32963152 | D4: 0.3064438 | E4: 0.31447217 | F4: 0.31705815 | G4: 0.32167032 | H4: 0.29908705 | I4: 0.42241818 | J4: 0.50266492 | K4: 0.52939136 | L4: 0.57256672 | M4: 0.64456331 | N4: 0.688513 | O4: 0.71894437 | P4: 0.81434128 | Q4: 0.86137343 | R4: 0.96754906 | S4: 0.96676917 | T4: 1.0221161 | U4: 0.9421577 | V4: 0.91844211 | W4: 0.91852911 | X4: 1.165971 | Y4: 1.0301024 | Z4: 1.1144081 | AA4: 0.96366296 | AB4: 1.2058095 | AC4: 1.137717 | AD4: 1.0301458 | AE4: 1.0179437 | AF4: 1.0375809 | AG4: 1.0236256 | AH4: 0.95326881 | AI4: 0.95818975 | AJ4: 1.0059399 | AK4: 1.0098081 | AL4: 0.92959633 | AM4: 0.95373968 | AN4: 0.99509679 | AO4: 0.88572855 | AP4: 0.7589283 | AQ4: 1.2419151 | AR4: 1.4871584 | AS4: 0.97250616 | AT4: 0.91853276 | AU4: 0.99040768 | AV4: 1.0255727 | AW4: 1.030904 | AX4: 1.001905 | AY4: 1.0135459 | AZ4: 0.98251486 | BA4: 0.98773678 | BB4: 0.98868951 | BC4: 0.98245401 | BD4: 1 | BE4: 1.0826744 | BF4: 1.2994625
B5: 10120 | C5: 0.30440731 | D5: 0.31132118 | E5: 0.31012561 | F5: 0.32971545 | G5: 0.33983018 | H5: 0.34476543 | I5: 0.54649228 | J5: 0.51980699 | K5: 0.43855269 | L5: 0.51620385 | M5: 0.60433661 | N5: 0.51669908 | O5: 0.55528674 | P5: 0.64948289 | Q5: 0.82027268 | R5: 0.84809868 | S5: 0.90502467 | T5: 0.98291601 | U5: 0.77889648 | V5: 0.67531325 | W5: 0.60970395 | X5: 0.73276491 | Y5: 0.80025945 | Z5: 0.64815946 | AA5: 0.65389696 | AB5: 0.66435445 | AC5: 0.67922204 | AD5: 0.6424006 | AE5: 0.59681149 | AF5: 0.72397845 | AG5: 0.79305222 | AH5: 0.61011639 | AI5: 0.53699618 | AJ5: 0.66140419 | AK5: 0.70261088 | AL5: 0.67000196 | AM5: 0.67044455 | AN5: 0.68119898 | AO5: 0.67572209 | AP5: 0.70512343 | AQ5: 0.80777766 | AR5: 0.92148641 | AS5: 0.82781377 | AT5: 0.86819897 | AU5: 0.90138259 | AV5: 1.0425388 | AW5: 1.1150123 | AX5: 1.0307391 | AY5: 0.96327716 | AZ5: 0.92797275 | BA5: 0.89740718 | BB5: 0.95426474 | BC5: 0.92700294 | BD5: 1 | BE5: 1.1305115 | BF5: 1.4071021
B6: REST | C6: 0.11876457 | D6: 0.1242125 | E6: 0.12386323 | F6: 0.12071869 | G6: 0.12884673 | H6: 0.12759479 | I6: 0.13781358 | J6: 0.23948581 | K6: 0.27297995 | L6: 0.26014449 | M6: 0.25409635 | N6: 0.26086198 | O6: 0.29300693 | P6: 0.37651793 | Q6: 0.44005338 | R6: 0.50923757 | S6: 0.50280525 | T6: 0.5764998 | U6: 0.59757258 | V6: 0.52499452 | W6: 0.47602979 | X6: 0.48569219 | Y6: 0.49843951 | Z6: 0.50010649 | AA6: 0.51322315 | AB6: 0.51143037 | AC6: 0.50156119 | AD6: 0.50481426 | AE6: 0.52195413 | AF6: 0.51505015 | AG6: 0.52003808 | AH6: 0.5007868 | AI6: 0.51181208 | AJ6: 0.5573903 | AK6: 0.59416117 | AL6: 0.59077452 | AM6: 0.59175543 | AN6: 0.63834399 | AO6: 0.72080926 | AP6: 0.75552602 | AQ6: 0.75224468 | AR6: 0.99694883 | AS6: 0.90246855 | AT6: 0.9903392 | AU6: 1.1206534 | AV6: 1.1335743 | AW6: 1.129524 | AX6: 1.0918364 | AY6: 1.0361132 | AZ6: 0.93448836 | BA6: 1.0218521 | BB6: 1.1271067 | BC6: 1.1289703 | BD6: 1 | BE6: 1.2571603 | BF6: 1.9331497
A7: 10120 | B7: 01000 | C7: 0.42308143 | D7: 0.42431215 | E7: 0.43282849 | F7: 0.43942731 | G7: 0.42163087 | H7: 0.47524176 | I7: 0.49834141 | J7: 0.67203915 | K7: 0.64611651 | L7: 0.67314985 | M7: 0.83574727 | N7: 0.72021687 | O7: 0.77478799 | P7: 0.8088303 | Q7: 0.93333824 | R7: 1.0785416 | S7: 1.1886624 | T7: 1.4503278 | U7: 1.3127204 | V7: 1.1426373 | W7: 1.0554512 | X7: 1.0341125 | Y7: 1.081504 | Z7: 0.94108318 | AA7: 0.93749913 | AB7: 0.91352808 | AC7: 0.92127385 | AD7: 0.90174988 | AE7: 0.83643128 | AF7: 0.83515485 | AG7: 0.93918212 | AH7: 0.93972802 | AI7: 0.83135455 | AJ7: 0.86370051 | AK7: 0.89113135 | AL7: 0.85451212 | AM7: 0.84441361 | AN7: 0.82890012 | AO7: 0.78552698 | AP7: 0.73541271 | AQ7: 0.92629495 | AR7: 1.1173769 | AS7: 0.97928803 | AT7: 0.98094935 | AU7: 1.0721631 | AV7: 1.0812695 | AW7: 1.1029356 | AX7: 1.0535647 | AY7: 1.0214133 | AZ7: 0.9876837 | BA7: 0.98482132 | BB7: 0.98523404 | BC7: 1.0153911 | BD7: 1 | BE7: 1.0890705 | BF7: 1.3950183
B8: 10120 | C8: 0.25826562 | D8: 0.26797928 | E8: 0.27452029 | F8: 0.29200021 | G8: 0.29771477 | H8: 0.31241475 | I8: 0.35768504 | J8: 0.42793733 | K8: 0.41437833 | L8: 0.44390852 | M8: 0.49746686 | N8: 0.52593756 | O8: 0.57210323 | P8: 0.59934204 | Q8: 0.66880952 | R8: 0.72033409 | S8: 0.75984574 | T8: 0.86806831 | U8: 0.84062781 | V8: 0.76054583 | W8: 0.75458844 | X8: 0.7216712 | Y8: 0.75340054 | Z8: 0.73880317 | AA8: 0.7343281 | AB8: 0.73781869 | AC8: 0.7282904 | AD8: 0.7366285 | AE8: 0.7339254 | AF8: 0.71547974 | AG8: 0.73971816 | AH8: 0.74249633 | AI8: 0.69236714 | AJ8: 0.70158542 | AK8: 0.72096647 | AL8: 0.72227974 | AM8: 0.71583061 | AN8: 0.72693711 | AO8: 0.75152795 | AP8: 0.76960435 | AQ8: 0.8297154 | AR8: 0.87156531 | AS8: 0.80797189 | AT8: 0.8766691 | AU8: 0.96491439 | AV8: 1.0074369 | AW8: 1.0003019 | AX8: 0.96738726 | AY8: 0.96041866 | AZ8: 0.96510469 | BA8: 0.9804072 | BB8: 0.96256702 | BC8: 0.97132477 | BD8: 1 | BE8: 1.0818185 | BF8: 1.3089871
B9: REST | C9: 0.23601669 | D9: 0.24171288 | E9: 0.24155582 | F9: 0.2564309 | G9: 0.27077751 | H9: 0.28213125 | I9: 0.3008392 | J9: 0.40233877 | K9: 0.41347121 | L9: 0.43403121 | M9: 0.46213504 | N9: 0.48155837 | O9: 0.53179201 | P9: 0.61045089 | Q9: 0.67362052 | R9: 0.72946558 | S9: 0.75853613 | T9: 0.80330166 | U9: 0.83597522 | V9: 0.76477204 | W9: 0.7435782 | X9: 0.76642074 | Y9: 0.78666655 | Z9: 0.80464442 | AA9: 0.81726624 | AB9: 0.78279711 | AC9: 0.78288154 | AD9: 0.78004425 | AE9: 0.78909174 | AF9: 0.75927139 | AG9: 0.77314007 | AH9: 0.79047879 | AI9: 0.77268337 | AJ9: 0.79977067 | AK9: 0.8086563 | AL9: 0.81244236 | AM9: 0.79489599 | AN9: 0.80389982 | AO9: 0.85897991 | AP9: 0.89002867 | AQ9: 0.90763958 | AR9: 0.93512797 | AS9: 0.90671371 | AT9: 0.96159869 | AU9: 0.99369423 | AV9: 1.0013463 | AW9: 1.0145455 | AX9: 1.0002843 | AY9: 0.98696731 | AZ9: 0.99863871 | BA9: 1.01024 | BB9: 1.0186378 | BC9: 1.0233972 | BD9: 1 | BE9: 1.0790458 | BF9: 1.2856138
A10: REST | B10: 01000 | C10: 0.28653364 | D10: 0.29242045 | E10: 0.3030769 | F10: 0.31686845 | G10: 0.30064278 | H10: 0.32758001 | I10: 0.36204068 | J10: 0.42389298 | K10: 0.39212412 | L10: 0.51256289 | M10: 0.65464157 | N10: 0.58340174 | O10: 0.61560179 | P10: 0.66095633 | Q10: 0.69680297 | R10: 0.78837265 | S10: 0.83890777 | T10: 0.97981061 | U10: 0.98229851 | V10: 0.88117734 | W10: 0.7456566 | X10: 0.75162782 | Y10: 0.76119003 | Z10: 0.61070636 | AA10: 0.60294716 | AB10: 0.56303106 | AC10: 0.60347975 | AD10: 0.75908201 | AE10: 0.8878376 | AF10: 0.82730739 | AG10: 0.94602089 | AH10: 0.83988767 | AI10: 0.7332532 | AJ10: 0.74856805 | AK10: 0.75015142 | AL10: 0.7384635 | AM10: 0.72642912 | AN10: 0.70634885 | AO10: 0.77042438 | AP10: 0.81304965 | AQ10: 0.8672587 | AR10: 0.9227986 | AS10: 0.87568581 | AT10: 0.9296874 | AU10: 1.0401007 | AV10: 1.0170743 | AW10: 0.98573455 | AX10: 0.97258166 | AY10: 0.96532863 | AZ10: 0.95354615 | BA10: 0.95052158 | BB10: 0.95747642 | BC10: 0.96208361 | BD10: 1 | BE10: 1.0565292 | BF10: 1.1665386
B11: 10120 | C11: 0.19671431 | D11: 0.20142767 | E11: 0.20472217 | F11: 0.21501636 | G11: 0.2262839 | H11: 0.24643314 | I11: 0.25622727 | J11: 0.29662498 | K11: 0.3065823 | L11: 0.32150098 | M11: 0.33908822 | N11: 0.36516291 | O11: 0.3998013 | P11: 0.43124092 | Q11: 0.48774615 | R11: 0.54748593 | S11: 0.59409284 | T11: 0.63991679 | U11: 0.64425388 | V11: 0.63869534 | W11: 0.63722867 | X11: 0.64209719 | Y11: 0.65771066 | Z11: 0.65105607 | AA11: 0.6556229 | AB11: 0.6655692 | AC11: 0.66492767 | AD11: 0.67541395 | AE11: 0.67869078 | AF11: 0.6830339 | AG11: 0.69610044 | AH11: 0.71077607 | AI11: 0.7019882 | AJ11: 0.70668867 | AK11: 0.72494573 | AL11: 0.73209483 | AM11: 0.73142711 | AN11: 0.73864034 | AO11: 0.76268311 | AP11: 0.79873631 | AQ11: 0.85200871 | AR11: 0.8929956 | AS11: 0.86023227 | AT11: 0.88557954 | AU11: 0.93920169 | AV11: 0.95742033 | AW11: 0.94937432 | AX11: 0.94104415 | AY11: 0.95155324 | AZ11: 0.96294755 | BA11: 0.97791277 | BB11: 0.97179952 | BC11: 0.99610648 | BD11: 1 | BE11: 1.0213645 | BF11: 1.1528017
B12: REST | C12: 0.17804118 | D12: 0.18359204 | E12: 0.18983529 | F12: 0.2024384 | G12: 0.21099569 | H12: 0.22052478 | I12: 0.2377235 | J12: 0.33344269 | K12: 0.35075534 | L12: 0.37205546 | M12: 0.39086714 | N12: 0.40067238 | O12: 0.45835662 | P12: 0.56543663 | Q12: 0.65949913 | R12: 0.74213162 | S12: 0.76711078 | T12: 0.8212486 | U12: 0.84319311 | V12: 0.74653111 | W12: 0.72267744 | X12: 0.72592405 | Y12: 0.77687746 | Z12: 0.78371878 | AA12: 0.78947219 | AB12: 0.78082023 | AC12: 0.76410414 | AD12: 0.7701023 | AE12: 0.80112119 | AF12: 0.79760604 | AG12: 0.80787662 | AH12: 0.79339538 | AI12: 0.78742173 | AJ12: 0.84190029 | AK12: 0.85189127 | AL12: 0.83913535 | AM12: 0.83825227 | AN12: 0.86313017 | AO12: 0.89373327 | AP12: 0.92555637 | AQ12: 0.95247182 | AR12: 0.98818958 | AS12: 0.94003204 | AT12: 0.9777948 | AU12: 1.0294653 | AV12: 1.0335216 | AW12: 1.0205399 | AX12: 1.0107856 | AY12: 0.983397 | AZ12: 0.96467997 | BA12: 0.99344696 | BB12: 1.0200334 | BC12: 1.0244544 | BD12: 1 | BE12: 1.0862168 | BF12: 1.2669702

Sheet w
B1: TIMELOEN_KR
A2: TID | B2: 1966 | C2: 1967 | D2: 1968 | E2: 1969 | F2: 1970 | G2: 1971 | H2: 1972 | I2: 1973 | J2: 1974 | K2: 1975 | L2: 1976 | M2: 1977 | N2: 1978 | O2: 1979 | P2: 1980 | Q2: 1981 | R2: 1982 | S2: 1983 | T2: 1984 | U2: 1985 | V2: 1986 | W2: 1987 | X2: 1988 | Y2: 1989 | Z2: 1990 | AA2: 1991 | AB2: 1992 | AC2: 1993 | AD2: 1994 | AE2: 1995 | AF2: 1996 | AG2: 1997 | AH2: 1998 | AI2: 1999 | AJ2: 2000 | AK2: 2001 | AL2: 2002 | AM2: 2003 | AN2: 2004 | AO2: 2005 | AP2: 2006 | AQ2: 2007 | AR2: 2008 | AS2: 2009 | AT2: 2010 | AU2: 2011 | AV2: 2012 | AW2: 2013 | AX2: 2014 | AY2: 2015 | AZ2: 2016 | BA2: 2017 | BB2: 2018 | BC2: 2019 | BD2: 2020 | BE2: 2021 | BF2: 2022
A3: ANVENDELSE
A4: 01000 | B4: 1.3640238 | C4: 1.45926 | D4: 1.5375521 | E4: 1.6356564 | F4: 1.5878016 | G4: 1.8180675 | H4: 1.9027205 | I4: 2.1515394 | J4: 2.5905282 | K4: 3.0756956 | L4: 3.5579804 | M4: 3.9107819 | N4: 4.582973 | O4: 5.4190985 | P4: 6.2483566 | Q4: 7.0296751 | R4: 7.9288928 | S4: 9.27532 | T4: 10.547728 | U4: 12.068346 | V4: 13.429988 | W4: 15.113276 | X4: 16.218275 | Y4: 17.58069 | Z4: 18.475222 | AA4: 19.578523 | AB4: 20.581916 | AC4: 20.647432 | AD4: 22.079768 | AE4: 23.628678 | AF4: 25.27435 | AG4: 28.771524 | AH4: 29.709266 | AI4: 30.675946 | AJ4: 32.824487 | AK4: 34.329077 | AL4: 36.294211 | AM4: 41.321688 | AN4: 42.434205 | AO4: 45.708611 | AP4: 48.673955 | AQ4: 51.174765 | AR4: 59.995366 | AS4: 65.570523 | AT4: 72.458943 | AU4: 74.255335 | AV4: 76.181052 | AW4: 79.034932 | AX4: 84.409258 | AY4: 90.822955 | AZ4: 97.681909 | BA4: 102.92498 | BB4: 108.92074 | BC4: 117.00194 | BD4: 124.30237 | BE4: 116.84143 | BF4: 127.31765
A5: 10120 | B5: 9.7162003 | C5: 10.902022 | D5: 12.100792 | E5: 13.537389 | F5: 15.364451 | G5: 18.049069 | H5: 20.494036 | I5: 24.725862 | J5: 30.01773 | K5: 36.619478 | L5: 40.5694 | M5: 45.33384 | N5: 50.628355 | O5: 56.142457 | P5: 61.697223 | Q5: 68.574874 | R5: 74.798379 | S5: 81.189621 | T5: 86.672807 | U5: 91.701658 | V5: 96.223693 | W5: 108.62776 | X5: 114.16315 | Y5: 119.7 | Z5: 126.98593 | AA5: 131.78802 | AB5: 135.29053 | AC5: 137.34957 | AD5: 142.05217 | AE5: 142.6408 | AF5: 147.93775 | AG5: 153.19007 | AH5: 163.48697 | AI5: 162.29581 | AJ5: 166.99432 | AK5: 173.53199 | AL5: 182.16736 | AM5: 194.04885 | AN5: 200.45818 | AO5: 210.91346 | AP5: 221.02336 | AQ5: 235.38347 | AR5: 243.23716 | AS5: 248.45075 | AT5: 257.61761 | AU5: 256.07017 | AV5: 262.20597 | AW5: 266.71611 | AX5: 270.46882 | AY5: 271.26801 | AZ5: 288.34737 | BA5: 293.82223 | BB5: 303.73994 | BC5: 311.38094 | BD5: 309.42773 | BE5: 320.7029 | BF5: 327.89005
A6: REST | B6: 10.064338 | C6: 11.318129 | D6: 12.742209 | E6: 14.515879 | F6: 16.385061 | G6: 18.773516 | H6: 21.102633 | I6: 24.463105 | J6: 29.131812 | K6: 34.598727 | L6: 38.602153 | M6: 43.433721 | N6: 48.281471 | O6: 53.423586 | P6: 58.340887 | Q6: 65.219199 | R6: 73.155062 | S6: 80.082729 | T6: 85.169283 | U6: 90.414884 | V6: 94.511383 | W6: 104.8043 | X6: 112.18387 | Y6: 118.53014 | Z6: 125.05064 | AA6: 130.6074 | AB6: 133.69795 | AC6: 136.84877 | AD6: 142.1146 | AE6: 146.01626 | AF6: 152.66017 | AG6: 155.41194 | AH6: 160.22292 | AI6: 164.83083 | AJ6: 169.06176 | AK6: 175.61866 | AL6: 182.58398 | AM6: 189.07687 | AN6: 195.66946 | AO6: 202.73236 | AP6: 208.93123 | AQ6: 220.42798 | AR6: 229.42521 | AS6: 237.8626 | AT6: 244.41643 | AU6: 245.41606 | AV6: 252.29834 | AW6: 255.96409 | AX6: 261.96878 | AY6: 267.46454 | AZ6: 270.07911 | BA6: 276.22583 | BB6: 285.94623 | BC6: 292.80786 | BD6: 307.82236 | BE6: 306.64251 | BF6: 315.47984

Sheet P_Jord
B1: 1982 | C1: 1983 | D1: 1984 | E1: 1985 | F1: 1986 | G1: 1987 | H1: 1988 | I1: 1989 | J1: 1990 | K1: 1991 | L1: 1992 | M1: 1993 | N1: 1994 | O1: 1995 | P1: 1996 | Q1: 1997 | R1: 1998 | S1: 1999 | T1: 2000 | U1: 2001 | V1: 2002 | W1: 2003 | X1: 2004 | Y1: 2005 | Z1: 2006 | AA1: 2007 | AB1: 2008 | AC1: 2009 | AD1: 2010 | AE1: 2011 | AF1: 2012 | AG1: 2013 | AH1: 2014 | AI1: 2015 | AJ1: 2016 | AK1: 2017 | AL1: 2018 | AM1: 2019 | AN1: 2020 | AO1: 2021 | AP1: 2022 | AQ1: 2023 | AR1: 2024
A2: Pt | B2: 0.017573419 | C2: 0.019868621 | D2: 0.02191888 | E2: 0.026007834 | F2: 0.025312916 | G2: 0.025040912 | H2: 0.025044581 | I2: 0.025502735 | J2: 0.023608668 | K2: 0.024625115 | L2: 0.024044373 | M2: 0.02372188 | N2: 0.024276743 | O2: 0.027545159 | P2: 0.028202661 | Q2: 0.032202635 | R2: 0.035124494 | S2: 0.038148688 | T2: 0.040640339 | U2: 0.04490146 | V2: 0.045270359 | W2: 0.045854681 | X2: 0.050933651 | Y2: 0.056755865 | Z2: 0.070944832 | AA2: 0.084362992 | AB2: 0.098680426 | AC2: 0.080535806 | AD2: 0.065804591 | AE2: 0.049933274 | AF2: 0.050132686 | AG2: 0.044926102 | AH2: 0.049196214 | AI2: 0.053636594 | AJ2: 0.050204398 | AK2: 0.04943014 | AL2: 0.050658061 | AM2: 0.050332865 | AN2: 0.05 | AO2: 0.051943505 | AP2: 0.056606306 | AQ2: 0.061205449 | AR2: 0.064265663

Sheet P_K
A1: ANVENDELSE | B1: 1967 | C1: 1968 | D1: 1969 | E1: 1970 | F1: 1971 | G1: 1972 | H1: 1973 | I1: 1974 | J1: 1975 | K1: 1976 | L1: 1977 | M1: 1978 | N1: 1979 | O1: 1980 | P1: 1981 | Q1: 1982 | R1: 1983 | S1: 1984 | T1: 1985 | U1: 1986 | V1: 1987 | W1: 1988 | X1: 1989 | Y1: 1990 | Z1: 1991 | AA1: 1992 | AB1: 1993 | AC1: 1994 | AD1: 1995 | AE1: 1996 | AF1: 1997 | AG1: 1998 | AH1: 1999 | AI1: 2000 | AJ1: 2001 | AK1: 2002 | AL1: 2003 | AM1: 2004 | AN1: 2005 | AO1: 2006 | AP1: 2007 | AQ1: 2008 | AR1: 2009 | AS1: 2010 | AT1: 2011 | AU1: 2012 | AV1: 2013 | AW1: 2014 | AX1: 2015 | AY1: 2016 | AZ1: 2017 | BA1: 2018 | BB1: 2019 | BC1: 2020 | BD1: 2021 | BE1: 2022 | BF1: 2023 | BG1: 2024
A2: 01000 | AB2: 0.059463781 | AC2: 0.062309517 | AD2: 0.063348304 | AE2: 0.065097984 | AF2: 0.06938361 | AG2: 0.072717441 | AH2: 0.084086664 | AI2: 0.075102996 | AJ2: 0.078031747 | AK2: 0.079968965 | AL2: 0.081143062 | AM2: 0.082506438 | AN2: 0.087521508 | AO2: 0.09103131 | AP2: 0.094136269 | AQ2: 0.095468039 | AR2: 0.08973671 | AS2: 0.089723278 | AT2: 0.090772821 | AU2: 0.095293785 | AV2: 0.095974708 | AW2: 0.098088761 | AX2: 0.098799346 | AY2: 0.10149552 | AZ2: 0.10202936 | BA2: 0.10152666 | BB2: 0.10548884 | BC2: 0.11105323 | BD2: 0.11076586 | BE2: 0.12079438
A3: 10120 | AB3: 0.095975689 | AC3: 0.10188612 | AD3: 0.10276361 | AE3: 0.10258437 | AF3: 0.10944624 | AG3: 0.11151801 | AH3: 0.11361741 | AI3: 0.11413968 | AJ3: 0.11742594 | AK3: 0.12158721 | AL3: 0.12332879 | AM3: 0.12388902 | AN3: 0.12689482 | AO3: 0.12900632 | AP3: 0.13301188 | AQ3: 0.13343172 | AR3: 0.12947849 | AS3: 0.1264325 | AT3: 0.12798657 | AU3: 0.1297766 | AV3: 0.12933968 | AW3: 0.13328005 | AX3: 0.13176205 | AY3: 0.1324005 | AZ3: 0.13029717 | BA3: 0.13113601 | BB3: 0.13349089 | BC3: 0.13204752 | BD3: 0.1339881 | BE3: 0.14478596
A4: REST | AB4: 0.077039676 | AC4: 0.07958316 | AD4: 0.079828042 | AE4: 0.079987236 | AF4: 0.082437619 | AG4: 0.083530196 | AH4: 0.086885691 | AI4: 0.087835955 | AJ4: 0.091551708 | AK4: 0.094054503 | AL4: 0.095386617 | AM4: 0.097619617 | AN4: 0.099200071 | AO4: 0.10098474 | AP4: 0.10598124 | AQ4: 0.11183199 | AR4: 0.10685897 | AS4: 0.10848326 | AT4: 0.11078044 | AU4: 0.1127162 | AV4: 0.11299474 | AW4: 0.11256773 | AX4: 0.11371227 | AY4: 0.11560648 | AZ4: 0.11698205 | BA4: 0.11882662 | BB4: 0.12220671 | BC4: 0.123506 | BD4: 0.12720936 | BE4: 0.13877496

Sheet P_MDtot
B1: P_MDtot
A2: TID | B2: 1967 | C2: 1968 | D2: 1969 | E2: 1970 | F2: 1971 | G2: 1972 | H2: 1973 | I2: 1974 | J2: 1975 | K2: 1976 | L2: 1977 | M2: 1978 | N2: 1979 | O2: 1980 | P2: 1981 | Q2: 1982 | R2: 1983 | S2: 1984 | T2: 1985 | U2: 1986 | V2: 1987 | W2: 1988 | X2: 1989 | Y2: 1990 | Z2: 1991 | AA2: 1992 | AB2: 1993 | AC2: 1994 | AD2: 1995 | AE2: 1996 | AF2: 1997 | AG2: 1998 | AH2: 1999 | AI2: 2000 | AJ2: 2001 | AK2: 2002 | AL2: 2003 | AM2: 2004 | AN2: 2005 | AO2: 2006 | AP2: 2007 | AQ2: 2008 | AR2: 2009 | AS2: 2010 | AT2: 2011 | AU2: 2012 | AV2: 2013 | AW2: 2014 | AX2: 2015 | AY2: 2016 | AZ2: 2017 | BA2: 2018 | BB2: 2019 | BC2: 2020 | BD2: 2021 | BE2: 2022
A3: ANVENDELSE
A4: 01000 | B4: 0.16326562 | C4: 0.1631016 | D4: 0.1701455 | E4: 0.18106166 | F4: 0.18740309 | G4: 0.20931987 | H4: 0.26481178 | I4: 0.29896429 | J4: 0.33008642 | K4: 0.36668066 | L4: 0.39511401 | M4: 0.41338644 | N4: 0.44843475 | O4: 0.49957486 | P4: 0.56691809 | Q4: 0.62974647 | R4: 0.68469982 | S4: 0.69761198 | T4: 0.70879835 | U4: 0.7108764 | V4: 0.69643662 | W4: 0.68465097 | X4: 0.71529729 | Y4: 0.70575445 | Z4: 0.70998453 | AA4: 0.71341976 | AB4: 0.68497098 | AC4: 0.69705886 | AD4: 0.7120465 | AE4: 0.71632009 | AF4: 0.72380161 | AG4: 0.70846055 | AH4: 0.70268461 | AI4: 0.73851085 | AJ4: 0.77010156 | AK4: 0.76975093 | AL4: 0.76994208 | AM4: 0.77757165 | AN4: 0.76500088 | AO4: 0.77705367 | AP4: 0.84908506 | AQ4: 0.93179534 | AR4: 0.89115816 | AS4: 0.90453753 | AT4: 0.96752706 | AU4: 0.9883429 | AV4: 1.0033275 | AW4: 0.99489966 | AX4: 0.99163267 | AY4: 0.9615654 | AZ4: 0.97204728 | BA4: 0.98740861 | BB4: 1.0091828 | BC4: 1 | BD4: 1.0493368 | BE4: 1.2425342
A5: 10120 | B5: 0.22829085 | C5: 0.23067539 | D5: 0.25003527 | E5: 0.27118836 | F5: 0.27400156 | G5: 0.29930905 | H5: 0.38678107 | I5: 0.40922839 | J5: 0.43518481 | K5: 0.48239584 | L5: 0.51599031 | M5: 0.54944928 | N5: 0.5466744 | O5: 0.60624247 | P5: 0.68826118 | Q5: 0.76569952 | R5: 0.79139602 | S5: 0.83742195 | T5: 0.83509184 | U5: 0.78935905 | V5: 0.7649672 | W5: 0.79614636 | X5: 0.86832312 | Y5: 0.82892597 | Z5: 0.81608969 | AA5: 0.82671377 | AB5: 0.75104999 | AC5: 0.7640817 | AD5: 0.77928862 | AE5: 0.79798993 | AF5: 0.80896638 | AG5: 0.74492247 | AH5: 0.71497377 | AI5: 0.77068319 | AJ5: 0.82869311 | AK5: 0.78202695 | AL5: 0.75651438 | AM5: 0.77256655 | AN5: 0.75786598 | AO5: 0.77823012 | AP5: 0.80129721 | AQ5: 0.87204337 | AR5: 0.82710024 | AS5: 0.8756316 | AT5: 0.94117467 | AU5: 0.98810113 | AV5: 1.0091189 | AW5: 0.97461296 | AX5: 0.90567583 | AY5: 0.90635587 | AZ5: 0.97399695 | BA5: 0.93618393 | BB5: 0.98477141 | BC5: 1 | BD5: 1.0006927 | BE5: 1.2233192
A6: REST | B6: 0.11353676 | C6: 0.11935058 | D6: 0.12721399 | E6: 0.13734224 | F6: 0.1480733 | G6: 0.15605033 | H6: 0.17465848 | I6: 0.21389068 | J6: 0.23773609 | K6: 0.25552288 | L6: 0.27589572 | M6: 0.29651004 | N6: 0.32060379 | O6: 0.35729956 | P6: 0.40629912 | Q6: 0.4494703 | R6: 0.48684071 | S6: 0.50900624 | T6: 0.53500649 | U6: 0.5273096 | V6: 0.53680064 | W6: 0.54977317 | X6: 0.58487485 | Y6: 0.60399766 | Z6: 0.61998618 | AA6: 0.62854463 | AB6: 0.63134789 | AC6: 0.64727013 | AD6: 0.66272941 | AE6: 0.67110264 | AF6: 0.68691113 | AG6: 0.69369077 | AH6: 0.70215556 | AI6: 0.72559497 | AJ6: 0.74499354 | AK6: 0.75625078 | AL6: 0.76524761 | AM6: 0.77178188 | AN6: 0.79079079 | AO6: 0.8104985 | AP6: 0.83672015 | AQ6: 0.88027702 | AR6: 0.8801868 | AS6: 0.90042202 | AT6: 0.92430436 | AU6: 0.94674979 | AV6: 0.95131847 | AW6: 0.95533935 | AX6: 0.95270552 | AY6: 0.94748501 | AZ6: 0.9692645 | BA6: 0.98620005 | BB6: 0.99905173 | BC6: 1 | BD6: 1.037995 | BE6: 1.134729

Sheet P_MFtot
B1: P_MFtot
A2: TID | B2: 1967 | C2: 1968 | D2: 1969 | E2: 1970 | F2: 1971 | G2: 1972 | H2: 1973 | I2: 1974 | J2: 1975 | K2: 1976 | L2: 1977 | M2: 1978 | N2: 1979 | O2: 1980 | P2: 1981 | Q2: 1982 | R2: 1983 | S2: 1984 | T2: 1985 | U2: 1986 | V2: 1987 | W2: 1988 | X2: 1989 | Y2: 1990 | Z2: 1991 | AA2: 1992 | AB2: 1993 | AC2: 1994 | AD2: 1995 | AE2: 1996 | AF2: 1997 | AG2: 1998 | AH2: 1999 | AI2: 2000 | AJ2: 2001 | AK2: 2002 | AL2: 2003 | AM2: 2004 | AN2: 2005 | AO2: 2006 | AP2: 2007 | AQ2: 2008 | AR2: 2009 | AS2: 2010 | AT2: 2011 | AU2: 2012 | AV2: 2013 | AW2: 2014 | AX2: 2015 | AY2: 2016 | AZ2: 2017 | BA2: 2018 | BB2: 2019 | BC2: 2020 | BD2: 2021 | BE2: 2022
A3: ANVENDELSE
A4: 01000 | B4: 0.20971671 | C4: 0.21168218 | D4: 0.2116995 | E4: 0.21611062 | F4: 0.2243635 | G4: 0.22234889 | H4: 0.30369048 | I4: 0.37308854 | J4: 0.36605421 | K4: 0.39467507 | L4: 0.43430754 | M4: 0.40264182 | N4: 0.43799894 | O4: 0.52713031 | P4: 0.63437223 | Q4: 0.68450319 | R4: 0.70530321 | S4: 0.78032342 | T4: 0.69410895 | U4: 0.61152948 | V4: 0.5576032 | W4: 0.63386621 | X4: 0.66977377 | Y4: 0.59672019 | Z4: 0.6012985 | AA4: 0.63218205 | AB4: 0.63213063 | AC4: 0.60712074 | AD4: 0.58800651 | AE4: 0.65350272 | AF4: 0.69064185 | AG4: 0.58331786 | AH4: 0.55339807 | AI4: 0.63945187 | AJ4: 0.67472689 | AK4: 0.64915784 | AL4: 0.6520261 | AM4: 0.68100069 | AN4: 0.70771163 | AO4: 0.72658959 | AP4: 0.80171565 | AQ4: 0.98864209 | AR4: 0.86720565 | AS4: 0.91942409 | AT4: 0.99614626 | AU4: 1.0778936 | AV4: 1.1122713 | AW4: 1.0504479 | AX4: 0.992656 | AY4: 0.93205753 | AZ4: 0.95183064 | BA4: 1.0192801 | BB4: 1.0045759 | BC4: 1 | BD4: 1.1760278 | BE4: 1.5966176
A5: 10120 | B5: 0.27279702 | C5: 0.27736088 | D5: 0.28121267 | E5: 0.29268997 | F5: 0.294978 | G5: 0.31676505 | H5: 0.34063754 | I5: 0.44522137 | J5: 0.44074959 | K5: 0.46406837 | L5: 0.52402948 | M5: 0.51350536 | N5: 0.5604063 | O5: 0.61316022 | P5: 0.68485176 | Q5: 0.75027392 | R5: 0.79294477 | S5: 0.88284701 | T5: 0.87328956 | U5: 0.78920102 | V5: 0.76738236 | W5: 0.76438267 | X5: 0.79132693 | Y5: 0.78150309 | Z5: 0.78531264 | AA5: 0.76975531 | AB5: 0.76616485 | AC5: 0.76683139 | AD5: 0.7615809 | AE5: 0.74053591 | AF5: 0.7689577 | AG5: 0.77715848 | AH5: 0.73415437 | AI5: 0.75273372 | AJ5: 0.76862412 | AK5: 0.76618985 | AL5: 0.75503105 | AM5: 0.76229026 | AN5: 0.79235453 | AO5: 0.80793156 | AP5: 0.86531632 | AQ5: 0.91951792 | AR5: 0.86362666 | AS5: 0.92111091 | AT5: 0.98637274 | AU5: 1.0119873 | AV5: 1.0149505 | AW5: 0.9877441 | AX5: 0.97656622 | AY5: 0.98164793 | AZ5: 0.99401749 | BA5: 0.9882896 | BB5: 0.99715629 | BC5: 1 | BD5: 1.0809266 | BE5: 1.3026351
A6: REST | B6: 0.17895514 | C6: 0.18447394 | D6: 0.19071369 | E6: 0.20324182 | F6: 0.21143898 | G6: 0.22128116 | H6: 0.23850437 | I6: 0.33250471 | J6: 0.34899903 | K6: 0.37144189 | L6: 0.39192655 | M6: 0.40093013 | N6: 0.4577582 | O6: 0.56221802 | P6: 0.65451674 | Q6: 0.7365449 | R6: 0.7622549 | S6: 0.81692862 | T6: 0.83820244 | U6: 0.7439156 | V6: 0.71956782 | W6: 0.72287822 | X6: 0.77220405 | Y6: 0.77739446 | Z6: 0.78296989 | AA6: 0.77479711 | AB6: 0.75953751 | AC6: 0.76758243 | AD6: 0.79831746 | AE6: 0.7945633 | AF6: 0.80568004 | AG6: 0.79180836 | AH6: 0.78489278 | AI6: 0.83696146 | AJ6: 0.84727247 | AK6: 0.83540106 | AL6: 0.83443753 | AM6: 0.85825846 | AN6: 0.88881267 | AO6: 0.920872 | AP6: 0.94897352 | AQ6: 0.98495965 | AR6: 0.93729164 | AS6: 0.97472175 | AT6: 1.026653 | AU6: 1.0310601 | AV6: 1.0181669 | AW6: 1.0084473 | AX6: 0.98241253 | AY6: 0.96466674 | AZ6: 0.99289054 | BA6: 1.0183938 | BB6: 1.0234204 | BC6: 1 | BD6: 1.0843489 | BE6: 1.2635642
