Workbook

Sheet Figurer
B2: Ratioer
B3: Kapital-output-ratio (K/Y) | C3: 1993 | D3: 1994 | E3: 1995 | F3: 1996 | G3: 1997 | H3: 1998 | I3: 1999 | J3: 2000 | K3: 2001 | L3: 2002 | M3: 2003 | N3: 2004 | O3: 2005 | P3: 2006 | Q3: 2007 | R3: 2008 | S3: 2009 | T3: 2010 | U3: 2011 | V3: 2012 | W3: 2013 | X3: 2014 | Y3: 2015 | Z3: 2016 | AA3: 2017 | AB3: 2018 | AC3: 2019 | AD3: 2020 | AE3: 2021 | AF3: 2022
B4: Landbrug | C4: =K!AC2/Y!AB2 | D4: =K!AD2/Y!AC2 | E4: =K!AE2/Y!AD2 | F4: =K!AF2/Y!AE2 | G4: =K!AG2/Y!AF2 | H4: =K!AH2/Y!AG2 | I4: =K!AI2/Y!AH2 | J4: =K!AJ2/Y!AI2 | ... AF4: =K!BF2/Y!BE2
B5: Slagterier | C5: =K!AC3/Y!AB3 | D5: =K!AD3/Y!AC3 | E5: =K!AE3/Y!AD3 | F5: =K!AF3/Y!AE3 | G5: =K!AG3/Y!AF3 | H5: =K!AH3/Y!AG3 | I5: =K!AI3/Y!AH3 | J5: =K!AJ3/Y!AI3 | ... AF5: =K!BF3/Y!BE3
B6: Mejerier | C6: =K!AC4/Y!AB4 | D6: =K!AD4/Y!AC4 | E6: =K!AE4/Y!AD4 | F6: =K!AF4/Y!AE4 | G6: =K!AG4/Y!AF4 | H6: =K!AH4/Y!AG4 | I6: =K!AI4/Y!AH4 | J6: =K!AJ4/Y!AI4 | ... AF6: =K!BF4/Y!BE4
B7: Anden fødevareindustri | C7: =K!AC5/Y!AB5 | D7: =K!AD5/Y!AC5 | E7: =K!AE5/Y!AD5 | F7: =K!AF5/Y!AE5 | G7: =K!AG5/Y!AF5 | H7: =K!AH5/Y!AG5 | I7: =K!AI5/Y!AH5 | J7: =K!AJ5/Y!AI5 | ... AF7: =K!BF5/Y!BE5
B8: Resten af økonomien | C8: =K!AC6/Y!AB6 | D8: =K!AD6/Y!AC6 | E8: =K!AE6/Y!AD6 | F8: =K!AF6/Y!AE6 | G8: =K!AG6/Y!AF6 | H8: =K!AH6/Y!AG6 | I8: =K!AI6/Y!AH6 | J8: =K!AJ6/Y!AI6 | ... AF8: =K!BF6/Y!BE6
B10: Arbejdskraft-output-ratio (L/Y) | C10: 1993 | D10: 1994 | E10: 1995 | F10: 1996 | G10: 1997 | H10: 1998 | I10: 1999 | J10: 2000 | K10: 2001 | L10: 2002 | M10: 2003 | N10: 2004 | O10: 2005 | P10: 2006 | Q10: 2007 | R10: 2008 | S10: 2009 | T10: 2010 | U10: 2011 | V10: 2012 | W10: 2013 | X10: 2014 | Y10: 2015 | Z10: 2016 | AA10: 2017 | AB10: 2018 | AC10: 2019 | AD10: 2020 | AE10: 2021 | AF10: 2022
B11: Landbrug | C11: =L!AC2/Y!AB2 | D11: =L!AD2/Y!AC2 | E11: =L!AE2/Y!AD2 | F11: =L!AF2/Y!AE2 | G11: =L!AG2/Y!AF2 | H11: =L!AH2/Y!AG2 | I11: =L!AI2/Y!AH2 | J11: =L!AJ2/Y!AI2 | ... AF11: =L!BF2/Y!BE2
B12: Slagterier | C12: =L!AC3/Y!AB3 | D12: =L!AD3/Y!AC3 | E12: =L!AE3/Y!AD3 | F12: =L!AF3/Y!AE3 | G12: =L!AG3/Y!AF3 | H12: =L!AH3/Y!AG3 | I12: =L!AI3/Y!AH3 | J12: =L!AJ3/Y!AI3 | ... AF12: =L!BF3/Y!BE3
B13: Mejerier | C13: =L!AC4/Y!AB4 | D13: =L!AD4/Y!AC4 | E13: =L!AE4/Y!AD4 | F13: =L!AF4/Y!AE4 | G13: =L!AG4/Y!AF4 | H13: =L!AH4/Y!AG4 | I13: =L!AI4/Y!AH4 | J13: =L!AJ4/Y!AI4 | ... AF13: =L!BF4/Y!BE4
B14: Anden fødevareindustri | C14: =L!AC5/Y!AB5 | D14: =L!AD5/Y!AC5 | E14: =L!AE5/Y!AD5 | F14: =L!AF5/Y!AE5 | G14: =L!AG5/Y!AF5 | H14: =L!AH5/Y!AG5 | I14: =L!AI5/Y!AH5 | J14: =L!AJ5/Y!AI5 | ... AF14: =L!BF5/Y!BE5
B15: Resten af økonomien | C15: =L!AC6/Y!AB6 | D15: =L!AD6/Y!AC6 | E15: =L!AE6/Y!AD6 | F15: =L!AF6/Y!AE6 | G15: =L!AG6/Y!AF6 | H15: =L!AH6/Y!AG6 | I15: =L!AI6/Y!AH6 | J15: =L!AJ6/Y!AI6 | ... AF15: =L!BF6/Y!BE6
B17: Materiale-output-ratio (Mtot/Y) | C17: 1993 | D17: 1994 | E17: 1995 | F17: 1996 | G17: 1997 | H17: 1998 | I17: 1999 | J17: 2000 | K17: 2001 | L17: 2002 | M17: 2003 | N17: 2004 | O17: 2005 | P17: 2006 | Q17: 2007 | R17: 2008 | S17: 2009 | T17: 2010 | U17: 2011 | V17: 2012 | W17: 2013 | X17: 2014 | Y17: 2015 | Z17: 2016 | AA17: 2017 | AB17: 2018 | AC17: 2019 | AD17: 2020 | AE17: 2021 | AF17: 2022
B18: Landbrug | C18: =Mtot!AB2/Y!AB2 | D18: =Mtot!AC2/Y!AC2 | E18: =Mtot!AD2/Y!AD2 | F18: =Mtot!AE2/Y!AE2 | G18: =Mtot!AF2/Y!AF2 | H18: =Mtot!AG2/Y!AG2 | I18: =Mtot!AH2/Y!AH2 | J18: =Mtot!AI2/Y!AI2 | ... AF18: =Mtot!BE2/Y!BE2
B19: Slagterier | C19: =Mtot!AB3/Y!AB3 | D19: =Mtot!AC3/Y!AC3 | E19: =Mtot!AD3/Y!AD3 | F19: =Mtot!AE3/Y!AE3 | G19: =Mtot!AF3/Y!AF3 | H19: =Mtot!AG3/Y!AG3 | I19: =Mtot!AH3/Y!AH3 | J19: =Mtot!AI3/Y!AI3 | ... AF19: =Mtot!BE3/Y!BE3
B20: Mejerier | C20: =Mtot!AB4/Y!AB4 | D20: =Mtot!AC4/Y!AC4 | E20: =Mtot!AD4/Y!AD4 | F20: =Mtot!AE4/Y!AE4 | G20: =Mtot!AF4/Y!AF4 | H20: =Mtot!AG4/Y!AG4 | I20: =Mtot!AH4/Y!AH4 | J20: =Mtot!AI4/Y!AI4 | ... AF20: =Mtot!BE4/Y!BE4
B21: Anden fødevareindustri | C21: =Mtot!AB5/Y!AB5 | D21: =Mtot!AC5/Y!AC5 | E21: =Mtot!AD5/Y!AD5 | F21: =Mtot!AE5/Y!AE5 | G21: =Mtot!AF5/Y!AF5 | H21: =Mtot!AG5/Y!AG5 | I21: =Mtot!AH5/Y!AH5 | J21: =Mtot!AI5/Y!AI5 | ... AF21: =Mtot!BE5/Y!BE5
B22: Resten af økonomien | C22: =Mtot!AB6/Y!AB6 | D22: =Mtot!AC6/Y!AC6 | E22: =Mtot!AD6/Y!AD6 | F22: =Mtot!AE6/Y!AE6 | G22: =Mtot!AF6/Y!AF6 | H22: =Mtot!AG6/Y!AG6 | I22: =Mtot!AH6/Y!AH6 | J22: =Mtot!AI6/Y!AI6 | ... AF22: =Mtot!BE6/Y!BE6
B24: Kapital pr arbejdstime (K/L) | C24: 1993 | D24: 1994 | E24: 1995 | F24: 1996 | G24: 1997 | H24: 1998 | I24: 1999 | J24: 2000 | K24: 2001 | L24: 2002 | M24: 2003 | N24: 2004 | O24: 2005 | P24: 2006 | Q24: 2007 | R24: 2008 | S24: 2009 | T24: 2010 | U24: 2011 | V24: 2012 | W24: 2013 | X24: 2014 | Y24: 2015 | Z24: 2016 | AA24: 2017 | AB24: 2018 | AC24: 2019 | AD24: 2020 | AE24: 2021 | AF24: 2022
B25: Landbrug | C25: =K!AC2/L!AC2 | D25: =K!AD2/L!AD2 | E25: =K!AE2/L!AE2 | F25: =K!AF2/L!AF2 | G25: =K!AG2/L!AG2 | H25: =K!AH2/L!AH2 | I25: =K!AI2/L!AI2 | J25: =K!AJ2/L!AJ2 | ... AF25: =K!BF2/L!BF2
B26: Slagterier | C26: =K!AC3/L!AC3 | D26: =K!AD3/L!AD3 | E26: =K!AE3/L!AE3 | F26: =K!AF3/L!AF3 | G26: =K!AG3/L!AG3 | H26: =K!AH3/L!AH3 | I26: =K!AI3/L!AI3 | J26: =K!AJ3/L!AJ3 | ... AF26: =K!BF3/L!BF3
B27: Mejerier | C27: =K!AC4/L!AC4 | D27: =K!AD4/L!AD4 | E27: =K!AE4/L!AE4 | F27: =K!AF4/L!AF4 | G27: =K!AG4/L!AG4 | H27: =K!AH4/L!AH4 | I27: =K!AI4/L!AI4 | J27: =K!AJ4/L!AJ4 | ... AF27: =K!BF4/L!BF4
B28: Anden fødevareindustri | C28: =K!AC5/L!AC5 | D28: =K!AD5/L!AD5 | E28: =K!AE5/L!AE5 | F28: =K!AF5/L!AF5 | G28: =K!AG5/L!AG5 | H28: =K!AH5/L!AH5 | I28: =K!AI5/L!AI5 | J28: =K!AJ5/L!AJ5 | ... AF28: =K!BF5/L!BF5
B29: Resten af økonomien | C29: =K!AC6/L!AC6 | D29: =K!AD6/L!AD6 | E29: =K!AE6/L!AE6 | F29: =K!AF6/L!AF6 | G29: =K!AG6/L!AG6 | H29: =K!AH6/L!AH6 | I29: =K!AI6/L!AI6 | J29: =K!AJ6/L!AJ6 | ... AF29: =K!BF6/L!BF6
B31: Produktionsværdi (mio.kr.) | C31: 1993 | D31: 1994 | E31: 1995 | F31: 1996 | G31: 1997 | H31: 1998 | I31: 1999 | J31: 2000 | K31: 2001 | L31: 2002 | M31: 2003 | N31: 2004 | O31: 2005 | P31: 2006 | Q31: 2007 | R31: 2008 | S31: 2009 | T31: 2010 | U31: 2011 | V31: 2012 | W31: 2013 | X31: 2014 | Y31: 2015 | Z31: 2016 | AA31: 2017 | AB31: 2018 | AC31: 2019 | AD31: 2020 | AE31: 2021 | AF31: 2022
B32: Landbrug | C32: =Y!AB2*P!AB2 | D32: =Y!AC2*P!AC2 | E32: =Y!AD2*P!AD2 | F32: =Y!AE2*P!AE2 | G32: =Y!AF2*P!AF2 | H32: =Y!AG2*P!AG2 | I32: =Y!AH2*P!AH2 | J32: =Y!AI2*P!AI2 | ... AF32: =Y!BE2*P!BE2
B33: Slagterier | C33: =Y!AB3*P!AB3 | D33: =Y!AC3*P!AC3 | E33: =Y!AD3*P!AD3 | F33: =Y!AE3*P!AE3 | G33: =Y!AF3*P!AF3 | H33: =Y!AG3*P!AG3 | I33: =Y!AH3*P!AH3 | J33: =Y!AI3*P!AI3 | ... AF33: =Y!BE3*P!BE3
B34: Mejerier | C34: =Y!AB4*P!AB4 | D34: =Y!AC4*P!AC4 | E34: =Y!AD4*P!AD4 | F34: =Y!AE4*P!AE4 | G34: =Y!AF4*P!AF4 | H34: =Y!AG4*P!AG4 | I34: =Y!AH4*P!AH4 | J34: =Y!AI4*P!AI4 | ... AF34: =Y!BE4*P!BE4
B35: Anden fødevareindustri | C35: =Y!AB5*P!AB5 | D35: =Y!AC5*P!AC5 | E35: =Y!AD5*P!AD5 | F35: =Y!AE5*P!AE5 | G35: =Y!AF5*P!AF5 | H35: =Y!AG5*P!AG5 | I35: =Y!AH5*P!AH5 | J35: =Y!AI5*P!AI5 | ... AF35: =Y!BE5*P!BE5
B36: Resten af økonomien | C36: =Y!AB6*P!AB6 | D36: =Y!AC6*P!AC6 | E36: =Y!AD6*P!AD6 | F36: =Y!AE6*P!AE6 | G36: =Y!AF6*P!AF6 | H36: =Y!AG6*P!AG6 | I36: =Y!AH6*P!AH6 | J36: =Y!AI6*P!AI6 | ... AF36: =Y!BE6*P!BE6
B38: Alt Kapital-output-ratio (K/Y) | C38: 1993 | D38: 1994 | E38: 1995 | F38: 1996 | G38: 1997 | H38: 1998 | I38: 1999 | J38: 2000 | K38: 2001 | L38: 2002 | M38: 2003 | N38: 2004 | O38: 2005 | P38: 2006 | Q38: 2007 | R38: 2008 | S38: 2009 | T38: 2010 | U38: 2011 | V38: 2012 | W38: 2013 | X38: 2014 | Y38: 2015 | Z38: 2016 | AA38: 2017 | AB38: 2018 | AC38: 2019 | AD38: 2020 | AE38: 2021 | AF38: 2022
B39: Landbrug | C39: =K_BVT!AC2/Y!AB2 | D39: =K_BVT!AD2/Y!AC2 | E39: =K_BVT!AE2/Y!AD2 | F39: =K_BVT!AF2/Y!AE2 | G39: =K_BVT!AG2/Y!AF2 | H39: =K_BVT!AH2/Y!AG2 | I39: =K_BVT!AI2/Y!AH2 | J39: =K_BVT!AJ2/Y!AI2 | ... AF39: =K_BVT!BF2/Y!BE2
B40: Ny Slagterier | C40: =K_BVT!AC3/Y!AB3 | D40: =K_BVT!AD3/Y!AC3 | E40: =K_BVT!AE3/Y!AD3 | F40: =K_BVT!AF3/Y!AE3 | G40: =K_BVT!AG3/Y!AF3 | H40: =K_BVT!AH3/Y!AG3 | I40: =K_BVT!AI3/Y!AH3 | J40: =K_BVT!AJ3/Y!AI3 | ... AF40: =K_BVT!BF3/Y!BE3
B41: Ny Mejerier | C41: =K_BVT!AC4/Y!AB4 | D41: =K_BVT!AD4/Y!AC4 | E41: =K_BVT!AE4/Y!AD4 | F41: =K_BVT!AF4/Y!AE4 | G41: =K_BVT!AG4/Y!AF4 | H41: =K_BVT!AH4/Y!AG4 | I41: =K_BVT!AI4/Y!AH4 | J41: =K_BVT!AJ4/Y!AI4 | ... AF41: =K_BVT!BF4/Y!BE4
B42: Ny Anden fødevareindustri | C42: =K_BVT!AC5/Y!AB5 | D42: =K_BVT!AD5/Y!AC5 | E42: =K_BVT!AE5/Y!AD5 | F42: =K_BVT!AF5/Y!AE5 | G42: =K_BVT!AG5/Y!AF5 | H42: =K_BVT!AH5/Y!AG5 | I42: =K_BVT!AI5/Y!AH5 | J42: =K_BVT!AJ5/Y!AI5 | ... AF42: =K_BVT!BF5/Y!BE5
B43: Resten af økonomien | C43: =K_BVT!AC6/Y!AB6 | D43: =K_BVT!AD6/Y!AC6 | E43: =K_BVT!AE6/Y!AD6 | F43: =K_BVT!AF6/Y!AE6 | G43: =K_BVT!AG6/Y!AF6 | H43: =K_BVT!AH6/Y!AG6 | I43: =K_BVT!AI6/Y!AH6 | J43: =K_BVT!AJ6/Y!AI6 | ... AF43: =K_BVT!BF6/Y!BE6
B45: Kapital-BVT-ratio | C45: 1993 | D45: 1994 | E45: 1995 | F45: 1996 | G45: 1997 | H45: 1998 | I45: 1999 | J45: 2000 | K45: 2001 | L45: 2002 | M45: 2003 | N45: 2004 | O45: 2005 | P45: 2006 | Q45: 2007 | R45: 2008 | S45: 2009 | T45: 2010 | U45: 2011 | V45: 2012 | W45: 2013 | X45: 2014 | Y45: 2015 | Z45: 2016 | AA45: 2017 | AB45: 2018 | AC45: 2019 | AD45: 2020 | AE45: 2021 | AF45: 2022
B46: Landbrug
B47: Ny Slagterier | C47: =K_BVT!AC3/BVT!AB3 | D47: =K_BVT!AD3/BVT!AC3 | E47: =K_BVT!AE3/BVT!AD3 | F47: =K_BVT!AF3/BVT!AE3 | G47: =K_BVT!AG3/BVT!AF3 | H47: =K_BVT!AH3/BVT!AG3 | I47: =K_BVT!AI3/BVT!AH3 | J47: =K_BVT!AJ3/BVT!AI3 | ... AF47: =K_BVT!BF3/BVT!BE3
B48: Ny Mejerier | C48: =K_BVT!AC4/BVT!AB4 | D48: =K_BVT!AD4/BVT!AC4 | E48: =K_BVT!AE4/BVT!AD4 | F48: =K_BVT!AF4/BVT!AE4 | G48: =K_BVT!AG4/BVT!AF4 | H48: =K_BVT!AH4/BVT!AG4 | I48: =K_BVT!AI4/BVT!AH4 | J48: =K_BVT!AJ4/BVT!AI4 | ... AF48: =K_BVT!BF4/BVT!BE4
B49: Ny Anden fødevareindustri
B50: Resten af økonomien
B52: Jord-output-ratio (J/Y) | C52: 1993 | D52: 1994 | E52: 1995 | F52: 1996 | G52: 1997 | H52: 1998 | I52: 1999 | J52: 2000 | K52: 2001 | L52: 2002 | M52: 2003 | N52: 2004 | O52: 2005 | P52: 2006 | Q52: 2007 | R52: 2008 | S52: 2009 | T52: 2010 | U52: 2011 | V52: 2012 | W52: 2013 | X52: 2014 | Y52: 2015 | Z52: 2016 | AA52: 2017 | AB52: 2018 | AC52: 2019 | AD52: 2020 | AE52: 2021 | AF52: 2022
B53: Landbrug | C53: =J!M2/Y!AB2 | D53: =J!N2/Y!AC2 | E53: =J!O2/Y!AD2 | F53: =J!P2/Y!AE2 | G53: =J!Q2/Y!AF2 | H53: =J!R2/Y!AG2 | I53: =J!S2/Y!AH2 | J53: =J!T2/Y!AI2 | ... AF53: =J!AP2/Y!BE2

Sheet Produktivitetsudvikling
A1: =theta_KL_L!A1 | B1: =theta_KL_L!AD1 | C1: =theta_KL_L!AE1 | D1: =theta_KL_L!AF1 | E1: =theta_KL_L!AG1 | F1: =theta_KL_L!AH1 | G1: =theta_KL_L!AI1 | H1: =theta_KL_L!AJ1 | I1: =theta_KL_L!AK1 | ... AD1: =theta_KL_L!BF1
A2: =theta_KL_L!A2 | B2: =theta_KL_L!AD2 | C2: =theta_KL_L!AE2 | D2: =theta_KL_L!AF2 | E2: =theta_KL_L!AG2 | F2: =theta_KL_L!AH2 | G2: =theta_KL_L!AI2 | H2: =theta_KL_L!AJ2 | I2: =theta_KL_L!AK2 | ... AD2: =theta_KL_L!BF2
A3: =theta_KL_L!A3 | B3: =theta_KL_L!AD3 | C3: =theta_KL_L!AE3 | D3: =theta_KL_L!AF3 | E3: =theta_KL_L!AG3 | F3: =theta_KL_L!AH3 | G3: =theta_KL_L!AI3 | H3: =theta_KL_L!AJ3 | I3: =theta_KL_L!AK3 | ... AD3: =theta_KL_L!BF3
A4: =theta_KL_L!A4 | B4: =theta_KL_L!AD4 | C4: =theta_KL_L!AE4 | D4: =theta_KL_L!AF4 | E4: =theta_KL_L!AG4 | F4: =theta_KL_L!AH4 | G4: =theta_KL_L!AI4 | H4: =theta_KL_L!AJ4 | I4: =theta_KL_L!AK4 | ... AD4: =theta_KL_L!BF4
A5: =theta_KL_L!A5 | B5: =theta_KL_L!AD5 | C5: =theta_KL_L!AE5 | D5: =theta_KL_L!AF5 | E5: =theta_KL_L!AG5 | F5: =theta_KL_L!AH5 | G5: =theta_KL_L!AI5 | H5: =theta_KL_L!AJ5 | I5: =theta_KL_L!AK5 | ... AD5: =theta_KL_L!BF5
A6: =theta_KL_L!A6 | B6: =theta_KL_L!AD6 | C6: =theta_KL_L!AE6 | D6: =theta_KL_L!AF6 | E6: =theta_KL_L!AG6 | F6: =theta_KL_L!AH6 | G6: =theta_KL_L!AI6 | H6: =theta_KL_L!AJ6 | I6: =theta_KL_L!AK6 | ... AD6: =theta_KL_L!BF6
A8: Indeks 1994=1 | B8: 1994 | C8: 1995 | D8: 1996 | E8: 1997 | F8: 1998 | G8: 1999 | H8: 2000 | I8: 2001 | J8: 2002 | K8: 2003 | L8: 2004 | M8: 2005 | N8: 2006 | O8: 2007 | P8: 2008 | Q8: 2009 | R8: 2010 | S8: 2011 | T8: 2012 | U8: 2013 | V8: 2014 | W8: 2015 | X8: 2016 | Y8: 2017 | Z8: 2018 | AA8: 2019 | AB8: 2020 | AC8: 2021 | AD8: 2022
A9: Landbrug (010000) | B9: =B2/$B2 | C9: =C2/$B2 | D9: =D2/$B2 | E9: =E2/$B2 | F9: =F2/$B2 | G9: =G2/$B2 | H9: =H2/$B2 | I9: =I2/$B2 | ... AD9: =AD2/$B2 | AF9: =(AC9/B9)^(1/28)-1
A10: Slagterier (100010) | B10: =B3/$B3 | C10: =C3/$B3 | D10: =D3/$B3 | E10: =E3/$B3 | F10: =F3/$B3 | G10: =G3/$B3 | H10: =H3/$B3 | I10: =I3/$B3 | ... AD10: =AD3/$B3 | AF10: =(AC10/B10)^(1/28)-1
A11: Mejerier (100030) | B11: =B4/$B4 | C11: =C4/$B4 | D11: =D4/$B4 | E11: =E4/$B4 | F11: =F4/$B4 | G11: =G4/$B4 | H11: =H4/$B4 | I11: =I4/$B4 | ... AD11: =AD4/$B4 | AF11: =(AC11/B11)^(1/28)-1
A12: Anden fødevareindustri (100040x100050) | B12: =B5/$B5 | C12: =C5/$B5 | D12: =D5/$B5 | E12: =E5/$B5 | F12: =F5/$B5 | G12: =G5/$B5 | H12: =H5/$B5 | I12: =I5/$B5 | ... AD12: =AD5/$B5 | AF12: =(AC12/B12)^(1/28)-1
A13: REST | B13: =B6/$B6 | C13: =C6/$B6 | D13: =D6/$B6 | E13: =E6/$B6 | F13: =F6/$B6 | G13: =G6/$B6 | H13: =H6/$B6 | I13: =I6/$B6 | ... AD13: =AD6/$B6 | AF13: =(AC13/B13)^(1/28)-1
A15: =theta_KL_K!A1 | B15: =theta_KL_K!AD1 | C15: =theta_KL_K!AE1 | D15: =theta_KL_K!AF1 | E15: =theta_KL_K!AG1 | F15: =theta_KL_K!AH1 | G15: =theta_KL_K!AI1 | H15: =theta_KL_K!AJ1 | I15: =theta_KL_K!AK1 | ... AD15: =theta_KL_K!BF1
A16: =theta_KL_K!A2 | B16: =theta_KL_K!AD2 | C16: =theta_KL_K!AE2 | D16: =theta_KL_K!AF2 | E16: =theta_KL_K!AG2 | F16: =theta_KL_K!AH2 | G16: =theta_KL_K!AI2 | H16: =theta_KL_K!AJ2 | I16: =theta_KL_K!AK2 | ... AD16: =theta_KL_K!BF2
A17: =theta_KL_K!A3 | B17: =theta_KL_K!AD3 | C17: =theta_KL_K!AE3 | D17: =theta_KL_K!AF3 | E17: =theta_KL_K!AG3 | F17: =theta_KL_K!AH3 | G17: =theta_KL_K!AI3 | H17: =theta_KL_K!AJ3 | I17: =theta_KL_K!AK3 | ... AD17: =theta_KL_K!BF3
A18: =theta_KL_K!A4 | B18: =theta_KL_K!AD4 | C18: =theta_KL_K!AE4 | D18: =theta_KL_K!AF4 | E18: =theta_KL_K!AG4 | F18: =theta_KL_K!AH4 | G18: =theta_KL_K!AI4 | H18: =theta_KL_K!AJ4 | I18: =theta_KL_K!AK4 | ... AD18: =theta_KL_K!BF4
A19: =theta_KL_K!A5 | B19: =theta_KL_K!AD5 | C19: =theta_KL_K!AE5 | D19: =theta_KL_K!AF5 | E19: =theta_KL_K!AG5 | F19: =theta_KL_K!AH5 | G19: =theta_KL_K!AI5 | H19: =theta_KL_K!AJ5 | I19: =theta_KL_K!AK5 | ... AD19: =theta_KL_K!BF5
A20: =theta_KL_K!A6 | B20: =theta_KL_K!AD6 | C20: =theta_KL_K!AE6 | D20: =theta_KL_K!AF6 | E20: =theta_KL_K!AG6 | F20: =theta_KL_K!AH6 | G20: =theta_KL_K!AI6 | H20: =theta_KL_K!AJ6 | I20: =theta_KL_K!AK6 | ... AD20: =theta_KL_K!BF6
A22: Indeks 1994=1 | B22: 1994 | C22: 1995 | D22: 1996 | E22: 1997 | F22: 1998 | G22: 1999 | H22: 2000 | I22: 2001 | J22: 2002 | K22: 2003 | L22: 2004 | M22: 2005 | N22: 2006 | O22: 2007 | P22: 2008 | Q22: 2009 | R22: 2010 | S22: 2011 | T22: 2012 | U22: 2013 | V22: 2014 | W22: 2015 | X22: 2016 | Y22: 2017 | Z22: 2018 | AA22: 2019 | AB22: 2020 | AC22: 2021 | AD22: 2022
A23: Landbrug (010000) | B23: =B16/$B16 | C23: =C16/$B16 | D23: =D16/$B16 | E23: =E16/$B16 | F23: =F16/$B16 | G23: =G16/$B16 | H23: =H16/$B16 | I23: =I16/$B16 | ... AD23: =AD16/$B16
A24: Slagterier (100010) | B24: =B17/$B17 | C24: =C17/$B17 | D24: =D17/$B17 | E24: =E17/$B17 | F24: =F17/$B17 | G24: =G17/$B17 | H24: =H17/$B17 | I24: =I17/$B17 | ... AD24: =AD17/$B17
A25: Mejerier (100030) | B25: =B18/$B18 | C25: =C18/$B18 | D25: =D18/$B18 | E25: =E18/$B18 | F25: =F18/$B18 | G25: =G18/$B18 | H25: =H18/$B18 | I25: =I18/$B18 | ... AD25: =AD18/$B18
A26: Anden fødevareindustri (100040x100050) | B26: =B19/$B19 | C26: =C19/$B19 | D26: =D19/$B19 | E26: =E19/$B19 | F26: =F19/$B19 | G26: =G19/$B19 | H26: =H19/$B19 | I26: =I19/$B19 | ... AD26: =AD19/$B19
A27: REST | B27: =B20/$B20 | C27: =C20/$B20 | D27: =D20/$B20 | E27: =E20/$B20 | F27: =F20/$B20 | G27: =G20/$B20 | H27: =H20/$B20 | I27: =I20/$B20 | ... AD27: =AD20/$B20
A47: =mu_KL_L!A1 | B47: =mu_KL_L!AD1 | C47: =mu_KL_L!AE1 | D47: =mu_KL_L!AF1 | E47: =mu_KL_L!AG1 | F47: =mu_KL_L!AH1 | G47: =mu_KL_L!AI1 | H47: =mu_KL_L!AJ1 | I47: =mu_KL_L!AK1 | ... AD47: =mu_KL_L!BF1
A48: =mu_KL_L!A2 | B48: =mu_KL_L!AD2 | C48: =mu_KL_L!AE2 | D48: =mu_KL_L!AF2 | E48: =mu_KL_L!AG2 | F48: =mu_KL_L!AH2 | G48: =mu_KL_L!AI2 | H48: =mu_KL_L!AJ2 | I48: =mu_KL_L!AK2 | ... AD48: =mu_KL_L!BF2
A49: =mu_KL_L!A3 | B49: =mu_KL_L!AD3 | C49: =mu_KL_L!AE3 | D49: =mu_KL_L!AF3 | E49: =mu_KL_L!AG3 | F49: =mu_KL_L!AH3 | G49: =mu_KL_L!AI3 | H49: =mu_KL_L!AJ3 | I49: =mu_KL_L!AK3 | ... AD49: =mu_KL_L!BF3
A50: =mu_KL_L!A4 | B50: =mu_KL_L!AD4 | C50: =mu_KL_L!AE4 | D50: =mu_KL_L!AF4 | E50: =mu_KL_L!AG4 | F50: =mu_KL_L!AH4 | G50: =mu_KL_L!AI4 | H50: =mu_KL_L!AJ4 | I50: =mu_KL_L!AK4 | ... AD50: =mu_KL_L!BF4
A51: =mu_KL_L!A5 | B51: =mu_KL_L!AD5 | C51: =mu_KL_L!AE5 | D51: =mu_KL_L!AF5 | E51: =mu_KL_L!AG5 | F51: =mu_KL_L!AH5 | G51: =mu_KL_L!AI5 | H51: =mu_KL_L!AJ5 | I51: =mu_KL_L!AK5 | ... AD51: =mu_KL_L!BF5
A52: =mu_KL_L!A6 | B52: =mu_KL_L!AD6 | C52: =mu_KL_L!AE6 | D52: =mu_KL_L!AF6 | E52: =mu_KL_L!AG6 | F52: =mu_KL_L!AH6 | G52: =mu_KL_L!AI6 | H52: =mu_KL_L!AJ6 | I52: =mu_KL_L!AK6 | ... AD52: =mu_KL_L!BF6
A54: Indeks 1994=1 | B54: 1994 | C54: 1995 | D54: 1996 | E54: 1997 | F54: 1998 | G54: 1999 | H54: 2000 | I54: 2001 | J54: 2002 | K54: 2003 | L54: 2004 | M54: 2005 | N54: 2006 | O54: 2007 | P54: 2008 | Q54: 2009 | R54: 2010 | S54: 2011 | T54: 2012 | U54: 2013 | V54: 2014 | W54: 2015 | X54: 2016 | Y54: 2017 | Z54: 2018 | AA54: 2019 | AB54: 2020 | AC54: 2021 | AD54: 2022
A55: Landbrug (010000) | B55: =B48/$B48 | C55: =C48/$B48 | D55: =D48/$B48 | E55: =E48/$B48 | F55: =F48/$B48 | G55: =G48/$B48 | H55: =H48/$B48 | I55: =I48/$B48 | ... AD55: =AD48/$B48
A56: Slagterier (100010) | B56: =B49/$B49 | C56: =C49/$B49 | D56: =D49/$B49 | E56: =E49/$B49 | F56: =F49/$B49 | G56: =G49/$B49 | H56: =H49/$B49 | I56: =I49/$B49 | ... AD56: =AD49/$B49
A57: Mejerier (100030) | B57: =B50/$B50 | C57: =C50/$B50 | D57: =D50/$B50 | E57: =E50/$B50 | F57: =F50/$B50 | G57: =G50/$B50 | H57: =H50/$B50 | I57: =I50/$B50 | ... AD57: =AD50/$B50
A58: Anden fødevareindustri (100040x100050) | B58: =B51/$B51 | C58: =C51/$B51 | D58: =D51/$B51 | E58: =E51/$B51 | F58: =F51/$B51 | G58: =G51/$B51 | H58: =H51/$B51 | I58: =I51/$B51 | ... AD58: =AD51/$B51
A59: REST | B59: =B52/$B52 | C59: =C52/$B52 | D59: =D52/$B52 | E59: =E52/$B52 | F59: =F52/$B52 | G59: =G52/$B52 | H59: =H52/$B52 | I59: =I52/$B52 | ... AD59: =AD52/$B52
A61: =mu_KL_K!A1 | B61: =mu_KL_K!AD1 | C61: =mu_KL_K!AE1 | D61: =mu_KL_K!AF1 | E61: =mu_KL_K!AG1 | F61: =mu_KL_K!AH1 | G61: =mu_KL_K!AI1 | H61: =mu_KL_K!AJ1 | I61: =mu_KL_K!AK1 | ... AD61: =mu_KL_K!BF1
A62: =mu_KL_K!A2 | B62: =mu_KL_K!AD2 | C62: =mu_KL_K!AE2 | D62: =mu_KL_K!AF2 | E62: =mu_KL_K!AG2 | F62: =mu_KL_K!AH2 | G62: =mu_KL_K!AI2 | H62: =mu_KL_K!AJ2 | I62: =mu_KL_K!AK2 | ... AD62: =mu_KL_K!BF2
A63: =mu_KL_K!A3 | B63: =mu_KL_K!AD3 | C63: =mu_KL_K!AE3 | D63: =mu_KL_K!AF3 | E63: =mu_KL_K!AG3 | F63: =mu_KL_K!AH3 | G63: =mu_KL_K!AI3 | H63: =mu_KL_K!AJ3 | I63: =mu_KL_K!AK3 | ... AD63: =mu_KL_K!BF3
A64: =mu_KL_K!A4 | B64: =mu_KL_K!AD4 | C64: =mu_KL_K!AE4 | D64: =mu_KL_K!AF4 | E64: =mu_KL_K!AG4 | F64: =mu_KL_K!AH4 | G64: =mu_KL_K!AI4 | H64: =mu_KL_K!AJ4 | I64: =mu_KL_K!AK4 | ... AD64: =mu_KL_K!BF4
A65: =mu_KL_K!A5 | B65: =mu_KL_K!AD5 | C65: =mu_KL_K!AE5 | D65: =mu_KL_K!AF5 | E65: =mu_KL_K!AG5 | F65: =mu_KL_K!AH5 | G65: =mu_KL_K!AI5 | H65: =mu_KL_K!AJ5 | I65: =mu_KL_K!AK5 | ... AD65: =mu_KL_K!BF5
A66: =mu_KL_K!A6 | B66: =mu_KL_K!AD6 | C66: =mu_KL_K!AE6 | D66: =mu_KL_K!AF6 | E66: =mu_KL_K!AG6 | F66: =mu_KL_K!AH6 | G66: =mu_KL_K!AI6 | H66: =mu_KL_K!AJ6 | I66: =mu_KL_K!AK6 | ... AD66: =mu_KL_K!BF6
A68: Indeks 1994=1 | B68: 1994 | C68: 1995 | D68: 1996 | E68: 1997 | F68: 1998 | G68: 1999 | H68: 2000 | I68: 2001 | J68: 2002 | K68: 2003 | L68: 2004 | M68: 2005 | N68: 2006 | O68: 2007 | P68: 2008 | Q68: 2009 | R68: 2010 | S68: 2011 | T68: 2012 | U68: 2013 | V68: 2014 | W68: 2015 | X68: 2016 | Y68: 2017 | Z68: 2018 | AA68: 2019 | AB68: 2020 | AC68: 2021 | AD68: 2022
A69: Landbrug (010000) | B69: =B62/$B62 | C69: =C62/$B62 | D69: =D62/$B62 | E69: =E62/$B62 | F69: =F62/$B62 | G69: =G62/$B62 | H69: =H62/$B62 | I69: =I62/$B62 | ... AD69: =AD62/$B62
A70: Slagterier (100010) | B70: =B63/$B63 | C70: =C63/$B63 | D70: =D63/$B63 | E70: =E63/$B63 | F70: =F63/$B63 | G70: =G63/$B63 | H70: =H63/$B63 | I70: =I63/$B63 | ... AD70: =AD63/$B63
A71: Mejerier (100030) | B71: =B64/$B64 | C71: =C64/$B64 | D71: =D64/$B64 | E71: =E64/$B64 | F71: =F64/$B64 | G71: =G64/$B64 | H71: =H64/$B64 | I71: =I64/$B64 | ... AD71: =AD64/$B64
A72: Anden fødevareindustri (100040x100050) | B72: =B65/$B65 | C72: =C65/$B65 | D72: =D65/$B65 | E72: =E65/$B65 | F72: =F65/$B65 | G72: =G65/$B65 | H72: =H65/$B65 | I72: =I65/$B65 | ... AD72: =AD65/$B65
A73: REST | B73: =B66/$B66 | C73: =C66/$B66 | D73: =D66/$B66 | E73: =E66/$B66 | F73: =F66/$B66 | G73: =G66/$B66 | H73: =H66/$B66 | I73: =I66/$B66 | ... AD73: =AD66/$B66
A110: =mu_JKL_J!A1 | B110: =mu_JKL_J!AD1 | C110: =mu_JKL_J!AE1 | D110: =mu_JKL_J!AF1 | E110: =mu_JKL_J!AG1 | F110: =mu_JKL_J!AH1 | G110: =mu_JKL_J!AI1 | H110: =mu_JKL_J!AJ1 | I110: =mu_JKL_J!AK1 | ... AD110: =mu_JKL_J!BF1
A111: =mu_JKL_J!A2 | B111: =mu_JKL_J!AD2 | C111: =mu_JKL_J!AE2 | D111: =mu_JKL_J!AF2 | E111: =mu_JKL_J!AG2 | F111: =mu_JKL_J!AH2 | G111: =mu_JKL_J!AI2 | H111: =mu_JKL_J!AJ2 | I111: =mu_JKL_J!AK2 | ... AD111: =mu_JKL_J!BF2
A113: Mu (JKL_J) | B113: 1994 | C113: 1995 | D113: 1996 | E113: 1997 | F113: 1998 | G113: 1999 | H113: 2000 | I113: 2001 | J113: 2002 | K113: 2003 | L113: 2004 | M113: 2005 | N113: 2006 | O113: 2007 | P113: 2008 | Q113: 2009 | R113: 2010 | S113: 2011 | T113: 2012 | U113: 2013 | V113: 2014 | W113: 2015 | X113: 2016 | Y113: 2017 | Z113: 2018 | AA113: 2019 | AB113: 2020 | AC113: 2021 | AD113: 2022
A114: Landbrug (010000) | B114: =B111/$B111 | C114: =C111/$B111 | D114: =D111/$B111 | E114: =E111/$B111 | F114: =F111/$B111 | G114: =G111/$B111 | H114: =H111/$B111 | I114: =I111/$B111 | ... AD114: =AD111/$B111
A116: =theta_JKL_J!A1 | B116: =theta_JKL_J!AD1 | C116: =theta_JKL_J!AE1 | D116: =theta_JKL_J!AF1 | E116: =theta_JKL_J!AG1 | F116: =theta_JKL_J!AH1 | G116: =theta_JKL_J!AI1 | H116: =theta_JKL_J!AJ1 | I116: =theta_JKL_J!AK1 | ... AD116: =theta_JKL_J!BF1
A117: =theta_JKL_J!A2 | B117: =theta_JKL_J!AD2 | C117: =theta_JKL_J!AE2 | D117: =theta_JKL_J!AF2 | E117: =theta_JKL_J!AG2 | F117: =theta_JKL_J!AH2 | G117: =theta_JKL_J!AI2 | H117: =theta_JKL_J!AJ2 | I117: =theta_JKL_J!AK2 | ... AD117: =theta_JKL_J!BF2
A119: Theta (JKL_J) | B119: 1994 | C119: 1995 | D119: 1996 | E119: 1997 | F119: 1998 | G119: 1999 | H119: 2000 | I119: 2001 | J119: 2002 | K119: 2003 | L119: 2004 | M119: 2005 | N119: 2006 | O119: 2007 | P119: 2008 | Q119: 2009 | R119: 2010 | S119: 2011 | T119: 2012 | U119: 2013 | V119: 2014 | W119: 2015 | X119: 2016 | Y119: 2017 | Z119: 2018 | AA119: 2019 | AB119: 2020 | AC119: 2021 | AD119: 2022
A120: Landbrug (010000) | B120: =B117/$B117 | C120: =C117/$B117 | D120: =D117/$B117 | E120: =E117/$B117 | F120: =F117/$B117 | G120: =G117/$B117 | H120: =H117/$B117 | I120: =I117/$B117 | ... AD120: =AD117/$B117
A149: =mu_JKL_KL!A1 | B149: =mu_JKL_KL!B1 | C149: =mu_JKL_KL!C1 | D149: =mu_JKL_KL!D1 | E149: =mu_JKL_KL!E1 | F149: =mu_JKL_KL!F1 | G149: =mu_JKL_KL!G1 | H149: =mu_JKL_KL!H1 | ... AD149: =mu_JKL_KL!AD1
A150: =mu_JKL_KL!A2 | B150: =mu_JKL_KL!B2 | C150: =mu_JKL_KL!C2 | D150: =mu_JKL_KL!D2 | E150: =mu_JKL_KL!E2 | F150: =mu_JKL_KL!F2 | G150: =mu_JKL_KL!G2 | H150: =mu_JKL_KL!H2 | ... AD150: =mu_JKL_KL!AD2
A152: Mu (JKL_KL) | B152: 1994 | C152: 1995 | D152: 1996 | E152: 1997 | F152: 1998 | G152: 1999 | H152: 2000 | I152: 2001 | J152: 2002 | K152: 2003 | L152: 2004 | M152: 2005 | N152: 2006 | O152: 2007 | P152: 2008 | Q152: 2009 | R152: 2010 | S152: 2011 | T152: 2012 | U152: 2013 | V152: 2014 | W152: 2015 | X152: 2016 | Y152: 2017 | Z152: 2018 | AA152: 2019 | AB152: 2020 | AC152: 2021 | AD152: 2022
A153: Landbrug (010000) | B153: =B150/$B150 | C153: =C150/$B150 | D153: =D150/$B150 | E153: =E150/$B150 | F153: =F150/$B150 | G153: =G150/$B150 | H153: =H150/$B150 | I153: =I150/$B150 | ... AD153: =AD150/$B150
A155: =theta_JKL_J!A1 | B155: =theta_JKL_KL!B1 | C155: =theta_JKL_KL!C1 | D155: =theta_JKL_KL!D1 | E155: =theta_JKL_KL!E1 | F155: =theta_JKL_KL!F1 | G155: =theta_JKL_KL!G1 | H155: =theta_JKL_KL!H1 | I155: =theta_JKL_KL!I1 | ... AD155: =theta_JKL_KL!AD1
A156: =theta_JKL_J!A2 | B156: =theta_JKL_KL!B2 | C156: =theta_JKL_KL!C2 | D156: =theta_JKL_KL!D2 | E156: =theta_JKL_KL!E2 | F156: =theta_JKL_KL!F2 | G156: =theta_JKL_KL!G2 | H156: =theta_JKL_KL!H2 | I156: =theta_JKL_KL!I2 | ... AD156: =theta_JKL_KL!AD2
A158: Theta (JKL_KL) | B158: 1994 | C158: 1995 | D158: 1996 | E158: 1997 | F158: 1998 | G158: 1999 | H158: 2000 | I158: 2001 | J158: 2002 | K158: 2003 | L158: 2004 | M158: 2005 | N158: 2006 | O158: 2007 | P158: 2008 | Q158: 2009 | R158: 2010 | S158: 2011 | T158: 2012 | U158: 2013 | V158: 2014 | W158: 2015 | X158: 2016 | Y158: 2017 | Z158: 2018 | AA158: 2019 | AB158: 2020 | AC158: 2021 | AD158: 2022
A159: Landbrug (010000) | B159: =B156/$B156 | C159: =C156/$B156 | D159: =D156/$B156 | E159: =E156/$B156 | F159: =F156/$B156 | G159: =G156/$B156 | H159: =H156/$B156 | I159: =I156/$B156 | ... AD159: =AD156/$B156

Sheet Produktivitetsudvikling (2)
A1: =theta_KL_L!A1 | B1: =theta_KL_L!AD1 | C1: =theta_KL_L!AE1 | D1: =theta_KL_L!AF1 | E1: =theta_KL_L!AG1 | F1: =theta_KL_L!AH1 | G1: =theta_KL_L!AI1 | H1: =theta_KL_L!AJ1 | I1: =theta_KL_L!AK1 | ... AD1: =theta_KL_L!BF1
A2: =theta_KL_L!A2 | B2: =theta_Y_JKL!AC2 | C2: =theta_Y_JKL!AD2 | D2: =theta_Y_JKL!AE2 | E2: =theta_Y_JKL!AF2 | F2: =theta_Y_JKL!AG2 | G2: =theta_Y_JKL!AH2 | H2: =theta_Y_JKL!AI2 | I2: =theta_Y_JKL!AJ2 | ... AD2: =theta_Y_JKL!BE2
A3: =theta_KL_L!A3 | B3: =theta_Y_KL!AC3 | C3: =theta_Y_KL!AD3 | D3: =theta_Y_KL!AE3 | E3: =theta_Y_KL!AF3 | F3: =theta_Y_KL!AG3 | G3: =theta_Y_KL!AH3 | H3: =theta_Y_KL!AI3 | I3: =theta_Y_KL!AJ3 | ... AD3: =theta_Y_KL!BE3
A4: =theta_KL_L!A4 | B4: =theta_Y_KL!AC4 | C4: =theta_Y_KL!AD4 | D4: =theta_Y_KL!AE4 | E4: =theta_Y_KL!AF4 | F4: =theta_Y_KL!AG4 | G4: =theta_Y_KL!AH4 | H4: =theta_Y_KL!AI4 | I4: =theta_Y_KL!AJ4 | ... AD4: =theta_Y_KL!BE4
A5: =theta_KL_L!A5 | B5: =theta_Y_KL!AC5 | C5: =theta_Y_KL!AD5 | D5: =theta_Y_KL!AE5 | E5: =theta_Y_KL!AF5 | F5: =theta_Y_KL!AG5 | G5: =theta_Y_KL!AH5 | H5: =theta_Y_KL!AI5 | I5: =theta_Y_KL!AJ5 | ... AD5: =theta_Y_KL!BE5
A6: =theta_KL_L!A6 | B6: =theta_Y_KL!AC6 | C6: =theta_Y_KL!AD6 | D6: =theta_Y_KL!AE6 | E6: =theta_Y_KL!AF6 | F6: =theta_Y_KL!AG6 | G6: =theta_Y_KL!AH6 | H6: =theta_Y_KL!AI6 | I6: =theta_Y_KL!AJ6 | ... AD6: =theta_Y_KL!BE6
A8: Indeks 1994=1 | B8: 1994 | C8: 1995 | D8: 1996 | E8: 1997 | F8: 1998 | G8: 1999 | H8: 2000 | I8: 2001 | J8: 2002 | K8: 2003 | L8: 2004 | M8: 2005 | N8: 2006 | O8: 2007 | P8: 2008 | Q8: 2009 | R8: 2010 | S8: 2011 | T8: 2012 | U8: 2013 | V8: 2014 | W8: 2015 | X8: 2016 | Y8: 2017 | Z8: 2018 | AA8: 2019 | AB8: 2020 | AC8: 2021 | AD8: 2022
A9: Landbrug (010000) (JKL) | B9: =B2/$B2 | C9: =C2/$B2 | D9: =D2/$B2 | E9: =E2/$B2 | F9: =F2/$B2 | G9: =G2/$B2 | H9: =H2/$B2 | I9: =I2/$B2 | ... AD9: =AD2/$B2 | AF9: =(AC9/B9)^(1/28)-1
A10: Slagterier (100010) | B10: =B3/$B3 | C10: =C3/$B3 | D10: =D3/$B3 | E10: =E3/$B3 | F10: =F3/$B3 | G10: =G3/$B3 | H10: =H3/$B3 | I10: =I3/$B3 | ... AD10: =AD3/$B3 | AF10: =(AC10/B10)^(1/28)-1
A11: Mejerier (100030) | B11: =B4/$B4 | C11: =C4/$B4 | D11: =D4/$B4 | E11: =E4/$B4 | F11: =F4/$B4 | G11: =G4/$B4 | H11: =H4/$B4 | I11: =I4/$B4 | ... AD11: =AD4/$B4 | AF11: =(AC11/B11)^(1/28)-1
A12: Anden fødevareindustri (100040x100050) | B12: =B5/$B5 | C12: =C5/$B5 | D12: =D5/$B5 | E12: =E5/$B5 | F12: =F5/$B5 | G12: =G5/$B5 | H12: =H5/$B5 | I12: =I5/$B5 | ... AD12: =AD5/$B5 | AF12: =(AC12/B12)^(1/28)-1
A13: REST | B13: =B6/$B6 | C13: =C6/$B6 | D13: =D6/$B6 | E13: =E6/$B6 | F13: =F6/$B6 | G13: =G6/$B6 | H13: =H6/$B6 | I13: =I6/$B6 | ... AD13: =AD6/$B6 | AF13: =(AC13/B13)^(1/28)-1
A15: =theta_KL_K!A1 | B15: =theta_KL_K!AD1 | C15: =theta_KL_K!AE1 | D15: =theta_KL_K!AF1 | E15: =theta_KL_K!AG1 | F15: =theta_KL_K!AH1 | G15: =theta_KL_K!AI1 | H15: =theta_KL_K!AJ1 | I15: =theta_KL_K!AK1 | ... AD15: =theta_KL_K!BF1
A16: =theta_KL_K!A2 | B16: =theta_Y_Mtot!AC2 | C16: =theta_Y_Mtot!AD2 | D16: =theta_Y_Mtot!AE2 | E16: =theta_Y_Mtot!AF2 | F16: =theta_Y_Mtot!AG2 | G16: =theta_Y_Mtot!AH2 | H16: =theta_Y_Mtot!AI2 | I16: =theta_Y_Mtot!AJ2 | ... AD16: =theta_Y_Mtot!BE2
A17: =theta_KL_K!A3 | B17: =theta_Y_Mtot!AC3 | C17: =theta_Y_Mtot!AD3 | D17: =theta_Y_Mtot!AE3 | E17: =theta_Y_Mtot!AF3 | F17: =theta_Y_Mtot!AG3 | G17: =theta_Y_Mtot!AH3 | H17: =theta_Y_Mtot!AI3 | I17: =theta_Y_Mtot!AJ3 | ... AD17: =theta_Y_Mtot!BE3
A18: =theta_KL_K!A4 | B18: =theta_Y_Mtot!AC4 | C18: =theta_Y_Mtot!AD4 | D18: =theta_Y_Mtot!AE4 | E18: =theta_Y_Mtot!AF4 | F18: =theta_Y_Mtot!AG4 | G18: =theta_Y_Mtot!AH4 | H18: =theta_Y_Mtot!AI4 | I18: =theta_Y_Mtot!AJ4 | ... AD18: =theta_Y_Mtot!BE4
A19: =theta_KL_K!A5 | B19: =theta_Y_Mtot!AC5 | C19: =theta_Y_Mtot!AD5 | D19: =theta_Y_Mtot!AE5 | E19: =theta_Y_Mtot!AF5 | F19: =theta_Y_Mtot!AG5 | G19: =theta_Y_Mtot!AH5 | H19: =theta_Y_Mtot!AI5 | I19: =theta_Y_Mtot!AJ5 | ... AD19: =theta_Y_Mtot!BE5
A20: =theta_KL_K!A6 | B20: =theta_Y_Mtot!AC6 | C20: =theta_Y_Mtot!AD6 | D20: =theta_Y_Mtot!AE6 | E20: =theta_Y_Mtot!AF6 | F20: =theta_Y_Mtot!AG6 | G20: =theta_Y_Mtot!AH6 | H20: =theta_Y_Mtot!AI6 | I20: =theta_Y_Mtot!AJ6 | ... AD20: =theta_Y_Mtot!BE6
A22: Indeks 1994=1 | B22: 1994 | C22: 1995 | D22: 1996 | E22: 1997 | F22: 1998 | G22: 1999 | H22: 2000 | I22: 2001 | J22: 2002 | K22: 2003 | L22: 2004 | M22: 2005 | N22: 2006 | O22: 2007 | P22: 2008 | Q22: 2009 | R22: 2010 | S22: 2011 | T22: 2012 | U22: 2013 | V22: 2014 | W22: 2015 | X22: 2016 | Y22: 2017 | Z22: 2018 | AA22: 2019 | AB22: 2020 | AC22: 2021 | AD22: 2022
A23: Landbrug (010000) | B23: =B16/$B16 | C23: =C16/$B16 | D23: =D16/$B16 | E23: =E16/$B16 | F23: =F16/$B16 | G23: =G16/$B16 | H23: =H16/$B16 | I23: =I16/$B16 | ... AD23: =AD16/$B16
A24: Slagterier (100010) | B24: =B17/$B17 | C24: =C17/$B17 | D24: =D17/$B17 | E24: =E17/$B17 | F24: =F17/$B17 | G24: =G17/$B17 | H24: =H17/$B17 | I24: =I17/$B17 | ... AD24: =AD17/$B17
A25: Mejerier (100030) | B25: =B18/$B18 | C25: =C18/$B18 | D25: =D18/$B18 | E25: =E18/$B18 | F25: =F18/$B18 | G25: =G18/$B18 | H25: =H18/$B18 | I25: =I18/$B18 | ... AD25: =AD18/$B18
A26: Anden fødevareindustri (100040x100050) | B26: =B19/$B19 | C26: =C19/$B19 | D26: =D19/$B19 | E26: =E19/$B19 | F26: =F19/$B19 | G26: =G19/$B19 | H26: =H19/$B19 | I26: =I19/$B19 | ... AD26: =AD19/$B19
A27: REST | B27: =B20/$B20 | C27: =C20/$B20 | D27: =D20/$B20 | E27: =E20/$B20 | F27: =F20/$B20 | G27: =G20/$B20 | H27: =H20/$B20 | I27: =I20/$B20 | ... AD27: =AD20/$B20
A47: =mu_KL_L!A1 | B47: =mu_KL_L!AD1 | C47: =mu_KL_L!AE1 | D47: =mu_KL_L!AF1 | E47: =mu_KL_L!AG1 | F47: =mu_KL_L!AH1 | G47: =mu_KL_L!AI1 | H47: =mu_KL_L!AJ1 | I47: =mu_KL_L!AK1 | ... AD47: =mu_KL_L!BF1
A48: =mu_KL_L!A2 | B48: =mu_Y_JKL!AC2 | C48: =mu_Y_JKL!AD2 | D48: =mu_Y_JKL!AE2 | E48: =mu_Y_JKL!AF2 | F48: =mu_Y_JKL!AG2 | G48: =mu_Y_JKL!AH2 | H48: =mu_Y_JKL!AI2 | I48: =mu_Y_JKL!AJ2 | ... AD48: =mu_Y_JKL!BE2
A49: =mu_KL_L!A3 | B49: =mu_Y_KL!AC3 | C49: =mu_Y_KL!AD3 | D49: =mu_Y_KL!AE3 | E49: =mu_Y_KL!AF3 | F49: =mu_Y_KL!AG3 | G49: =mu_Y_KL!AH3 | H49: =mu_Y_KL!AI3 | I49: =mu_Y_KL!AJ3 | ... AD49: =mu_Y_KL!BE3
A50: =mu_KL_L!A4 | B50: =mu_Y_KL!AC4 | C50: =mu_Y_KL!AD4 | D50: =mu_Y_KL!AE4 | E50: =mu_Y_KL!AF4 | F50: =mu_Y_KL!AG4 | G50: =mu_Y_KL!AH4 | H50: =mu_Y_KL!AI4 | I50: =mu_Y_KL!AJ4 | ... AD50: =mu_Y_KL!BE4
A51: =mu_KL_L!A5 | B51: =mu_Y_KL!AC5 | C51: =mu_Y_KL!AD5 | D51: =mu_Y_KL!AE5 | E51: =mu_Y_KL!AF5 | F51: =mu_Y_KL!AG5 | G51: =mu_Y_KL!AH5 | H51: =mu_Y_KL!AI5 | I51: =mu_Y_KL!AJ5 | ... AD51: =mu_Y_KL!BE5
A52: =mu_KL_L!A6 | B52: =mu_Y_KL!AC6 | C52: =mu_Y_KL!AD6 | D52: =mu_Y_KL!AE6 | E52: =mu_Y_KL!AF6 | F52: =mu_Y_KL!AG6 | G52: =mu_Y_KL!AH6 | H52: =mu_Y_KL!AI6 | I52: =mu_Y_KL!AJ6 | ... AD52: =mu_Y_KL!BE6
A54: Indeks 1994=1 | B54: 1994 | C54: 1995 | D54: 1996 | E54: 1997 | F54: 1998 | G54: 1999 | H54: 2000 | I54: 2001 | J54: 2002 | K54: 2003 | L54: 2004 | M54: 2005 | N54: 2006 | O54: 2007 | P54: 2008 | Q54: 2009 | R54: 2010 | S54: 2011 | T54: 2012 | U54: 2013 | V54: 2014 | W54: 2015 | X54: 2016 | Y54: 2017 | Z54: 2018 | AA54: 2019 | AB54: 2020 | AC54: 2021 | AD54: 2022
A55: Landbrug (010000) | B55: =B48/$B48 | C55: =C48/$B48 | D55: =D48/$B48 | E55: =E48/$B48 | F55: =F48/$B48 | G55: =G48/$B48 | H55: =H48/$B48 | I55: =I48/$B48 | ... AD55: =AD48/$B48
A56: Slagterier (100010) | B56: =B49/$B49 | C56: =C49/$B49 | D56: =D49/$B49 | E56: =E49/$B49 | F56: =F49/$B49 | G56: =G49/$B49 | H56: =H49/$B49 | I56: =I49/$B49 | ... AD56: =AD49/$B49
A57: Mejerier (100030) | B57: =B50/$B50 | C57: =C50/$B50 | D57: =D50/$B50 | E57: =E50/$B50 | F57: =F50/$B50 | G57: =G50/$B50 | H57: =H50/$B50 | I57: =I50/$B50 | ... AD57: =AD50/$B50
A58: Anden fødevareindustri (100040x100050) | B58: =B51/$B51 | C58: =C51/$B51 | D58: =D51/$B51 | E58: =E51/$B51 | F58: =F51/$B51 | G58: =G51/$B51 | H58: =H51/$B51 | I58: =I51/$B51 | ... AD58: =AD51/$B51
A59: REST | B59: =B52/$B52 | C59: =C52/$B52 | D59: =D52/$B52 | E59: =E52/$B52 | F59: =F52/$B52 | G59: =G52/$B52 | H59: =H52/$B52 | I59: =I52/$B52 | ... AD59: =AD52/$B52
A61: =mu_KL_K!A1 | B61: =mu_KL_K!AD1 | C61: =mu_KL_K!AE1 | D61: =mu_KL_K!AF1 | E61: =mu_KL_K!AG1 | F61: =mu_KL_K!AH1 | G61: =mu_KL_K!AI1 | H61: =mu_KL_K!AJ1 | I61: =mu_KL_K!AK1 | ... AD61: =mu_KL_K!BF1
A62: =mu_KL_K!A2 | B62: =mu_Y_Mtot!AC2 | C62: =mu_Y_Mtot!AD2 | D62: =mu_Y_Mtot!AE2 | E62: =mu_Y_Mtot!AF2 | F62: =mu_Y_Mtot!AG2 | G62: =mu_Y_Mtot!AH2 | H62: =mu_Y_Mtot!AI2 | I62: =mu_Y_Mtot!AJ2 | ... AD62: =mu_Y_Mtot!BE2
A63: =mu_KL_K!A3 | B63: =mu_Y_Mtot!AC3 | C63: =mu_Y_Mtot!AD3 | D63: =mu_Y_Mtot!AE3 | E63: =mu_Y_Mtot!AF3 | F63: =mu_Y_Mtot!AG3 | G63: =mu_Y_Mtot!AH3 | H63: =mu_Y_Mtot!AI3 | I63: =mu_Y_Mtot!AJ3 | ... AD63: =mu_Y_Mtot!BE3
A64: =mu_KL_K!A4 | B64: =mu_Y_Mtot!AC4 | C64: =mu_Y_Mtot!AD4 | D64: =mu_Y_Mtot!AE4 | E64: =mu_Y_Mtot!AF4 | F64: =mu_Y_Mtot!AG4 | G64: =mu_Y_Mtot!AH4 | H64: =mu_Y_Mtot!AI4 | I64: =mu_Y_Mtot!AJ4 | ... AD64: =mu_Y_Mtot!BE4
A65: =mu_KL_K!A5 | B65: =mu_Y_Mtot!AC5 | C65: =mu_Y_Mtot!AD5 | D65: =mu_Y_Mtot!AE5 | E65: =mu_Y_Mtot!AF5 | F65: =mu_Y_Mtot!AG5 | G65: =mu_Y_Mtot!AH5 | H65: =mu_Y_Mtot!AI5 | I65: =mu_Y_Mtot!AJ5 | ... AD65: =mu_Y_Mtot!BE5
A66: =mu_KL_K!A6 | B66: =mu_Y_Mtot!AC6 | C66: =mu_Y_Mtot!AD6 | D66: =mu_Y_Mtot!AE6 | E66: =mu_Y_Mtot!AF6 | F66: =mu_Y_Mtot!AG6 | G66: =mu_Y_Mtot!AH6 | H66: =mu_Y_Mtot!AI6 | I66: =mu_Y_Mtot!AJ6 | ... AD66: =mu_Y_Mtot!BE6
A68: Indeks 1994=1 | B68: 1994 | C68: 1995 | D68: 1996 | E68: 1997 | F68: 1998 | G68: 1999 | H68: 2000 | I68: 2001 | J68: 2002 | K68: 2003 | L68: 2004 | M68: 2005 | N68: 2006 | O68: 2007 | P68: 2008 | Q68: 2009 | R68: 2010 | S68: 2011 | T68: 2012 | U68: 2013 | V68: 2014 | W68: 2015 | X68: 2016 | Y68: 2017 | Z68: 2018 | AA68: 2019 | AB68: 2020 | AC68: 2021 | AD68: 2022
A69: Landbrug (010000) | B69: =B62/$B62 | C69: =C62/$B62 | D69: =D62/$B62 | E69: =E62/$B62 | F69: =F62/$B62 | G69: =G62/$B62 | H69: =H62/$B62 | I69: =I62/$B62 | ... AD69: =AD62/$B62
A70: Slagterier (100010) | B70: =B63/$B63 | C70: =C63/$B63 | D70: =D63/$B63 | E70: =E63/$B63 | F70: =F63/$B63 | G70: =G63/$B63 | H70: =H63/$B63 | I70: =I63/$B63 | ... AD70: =AD63/$B63
A71: Mejerier (100030) | B71: =B64/$B64 | C71: =C64/$B64 | D71: =D64/$B64 | E71: =E64/$B64 | F71: =F64/$B64 | G71: =G64/$B64 | H71: =H64/$B64 | I71: =I64/$B64 | ... AD71: =AD64/$B64
A72: Anden fødevareindustri (100040x100050) | B72: =B65/$B65 | C72: =C65/$B65 | D72: =D65/$B65 | E72: =E65/$B65 | F72: =F65/$B65 | G72: =G65/$B65 | H72: =H65/$B65 | I72: =I65/$B65 | ... AD72: =AD65/$B65
A73: REST | B73: =B66/$B66 | C73: =C66/$B66 | D73: =D66/$B66 | E73: =E66/$B66 | F73: =F66/$B66 | G73: =G66/$B66 | H73: =H66/$B66 | I73: =I66/$B66 | ... AD73: =AD66/$B66

Sheet 010000
A2: Mængder | B2: 1993 | C2: 1994 | D2: 1995 | E2: 1996 | F2: 1997 | G2: 1998 | H2: 1999 | I2: 2000 | J2: 2001 | K2: 2002 | L2: 2003 | M2: 2004 | N2: 2005 | O2: 2006 | P2: 2007 | Q2: 2008 | R2: 2009 | S2: 2010 | T2: 2011 | U2: 2012 | V2: 2013 | W2: 2014 | X2: 2015 | Y2: 2016 | Z2: 2017 | AA2: 2018 | AB2: 2019 | AC2: 2020 | AD2: 2021 | AE2: 2022 | AF2: 2023
A3: Y | B3: =Y!AB2 | C3: =Y!AC2 | D3: =Y!AD2 | E3: =Y!AE2 | F3: =Y!AF2 | G3: =Y!AG2 | H3: =Y!AH2 | I3: =Y!AI2 | ... AE3: =Y!BE2
A4: K | B4: =K!AC2 | C4: =K!AD2 | D4: =K!AE2 | E4: =K!AF2 | F4: =K!AG2 | G4: =K!AH2 | H4: =K!AI2 | I4: =K!AJ2 | ... AE4: =K!BF2
A5: L | B5: =L!AC2 | C5: =L!AD2 | D5: =L!AE2 | E5: =L!AF2 | F5: =L!AG2 | G5: =L!AH2 | H5: =L!AI2 | I5: =L!AJ2 | ... AE5: =L!BF2
A6: Mtot | B6: =Mtot!AB2 | C6: =Mtot!AC2 | D6: =Mtot!AD2 | E6: =Mtot!AE2 | F6: =Mtot!AF2 | G6: =Mtot!AG2 | H6: =Mtot!AH2 | I6: =Mtot!AI2 | ... AE6: =Mtot!BE2
A7: J | B7: =J!M2 | C7: =J!N2 | D7: =J!O2 | E7: =J!P2 | F7: =J!Q2 | G7: =J!R2 | H7: =J!S2 | I7: =J!T2 | ... AE7: =J!AP2
A8: I | B8: =I!AC2 | C8: =I!AD2 | D8: =I!AE2 | E8: =I!AF2 | F8: =I!AG2 | G8: =I!AH2 | H8: =I!AI2 | I8: =I!AJ2 | ... AE8: =I!BF2
A10: Priser
A11: p_Y | B11: =P!AB2 | C11: =P!AC2 | D11: =P!AD2 | E11: =P!AE2 | F11: =P!AF2 | G11: =P!AG2 | H11: =P!AH2 | I11: =P!AI2 | ... AE11: =P!BE2
A12: P_K | B12: =P_K!AC2 | C12: =P_K!AD2 | D12: =P_K!AE2 | E12: =P_K!AF2 | F12: =P_K!AG2 | G12: =P_K!AH2 | H12: =P_K!AI2 | I12: =P_K!AJ2 | ... AE12: =P_K!BF2
A13: w | B13: =w!AC2 | C13: =w!AD2 | D13: =w!AE2 | E13: =w!AF2 | F13: =w!AG2 | G13: =w!AH2 | H13: =w!AI2 | I13: =w!AJ2 | ... AE13: =w!BF2
A14: P_Mtot | B14: =P_Mtot!AB2 | C14: =P_Mtot!AC2 | D14: =P_Mtot!AD2 | E14: =P_Mtot!AE2 | F14: =P_Mtot!AF2 | G14: =P_Mtot!AG2 | H14: =P_Mtot!AH2 | I14: =P_Mtot!AI2 | ... AE14: =P_Mtot!BE2
A15: P_J | B15: =P_J!AC2 | C15: =P_J!AD2 | D15: =P_J!AE2 | E15: =P_J!AF2 | F15: =P_J!AG2 | G15: =P_J!AH2 | H15: =P_J!AI2 | I15: =P_J!AJ2 | ... AE15: =P_J!BF2
A16: P_I | B16: =P_I!C2 | C16: =P_I!D2 | D16: =P_I!E2 | E16: =P_I!F2 | F16: =P_I!G2 | G16: =P_I!H2 | H16: =P_I!I2 | I16: =P_I!J2 | ... AE16: =P_I!AF2
A17: P_Jord | B17: =P_Jord!M2 | C17: =P_Jord!N2 | D17: =P_Jord!O2 | E17: =P_Jord!P2 | F17: =P_Jord!Q2 | G17: =P_Jord!R2 | H17: =P_Jord!S2 | I17: =P_Jord!T2 | ... AE17: =P_Jord!AP2
A19: Andet
A20: Subsidiesats | B20: =tau_Y!AC2 | C20: =tau_Y!AD2 | D20: =tau_Y!AE2 | E20: =tau_Y!AF2 | F20: =tau_Y!AG2 | G20: =tau_Y!AH2 | H20: =tau_Y!AI2 | I20: =tau_Y!AJ2 | ... AE20: =tau_Y!BF2
A21: Afgift indenlandsk | B21: =tau_MD!AB2 | C21: =tau_MD!AC2 | D21: =tau_MD!AD2 | E21: =tau_MD!AE2 | F21: =tau_MD!AF2 | G21: =tau_MD!AG2 | H21: =tau_MD!AH2 | I21: =tau_MD!AI2 | ... AE21: =tau_MD!BE2
A22: Markup | B22: =markup!AC2 | C22: =markup!AD2 | D22: =markup!AE2 | E22: =markup!AF2 | F22: =markup!AG2 | G22: =markup!AH2 | H22: =markup!AI2 | I22: =markup!AJ2 | ... AE22: =markup!BF2

Sheet 100010
A2: Mængder | B2: 1993 | C2: 1994 | D2: 1995 | E2: 1996 | F2: 1997 | G2: 1998 | H2: 1999 | I2: 2000 | J2: 2001 | K2: 2002 | L2: 2003 | M2: 2004 | N2: 2005 | O2: 2006 | P2: 2007 | Q2: 2008 | R2: 2009 | S2: 2010 | T2: 2011 | U2: 2012 | V2: 2013 | W2: 2014 | X2: 2015 | Y2: 2016 | Z2: 2017 | AA2: 2018 | AB2: 2019 | AC2: 2020 | AD2: 2021 | AE2: 2022 | AF2: 2023
A3: Y | B3: =Y!AB3 | C3: =Y!AC3 | D3: =Y!AD3 | E3: =Y!AE3 | F3: =Y!AF3 | G3: =Y!AG3 | H3: =Y!AH3 | I3: =Y!AI3 | ... AE3: =Y!BE3
A4: K | B4: =K!AC3 | C4: =K!AD3 | D4: =K!AE3 | E4: =K!AF3 | F4: =K!AG3 | G4: =K!AH3 | H4: =K!AI3 | I4: =K!AJ3 | ... AE4: =K!BF3
A5: L | B5: =L!AC3 | C5: =L!AD3 | D5: =L!AE3 | E5: =L!AF3 | F5: =L!AG3 | G5: =L!AH3 | H5: =L!AI3 | I5: =L!AJ3 | ... AE5: =L!BF3
A6: Mtot | B6: =Mtot!AB3 | C6: =Mtot!AC3 | D6: =Mtot!AD3 | E6: =Mtot!AE3 | F6: =Mtot!AF3 | G6: =Mtot!AG3 | H6: =Mtot!AH3 | I6: =Mtot!AI3 | ... AE6: =Mtot!BE3
A7: J | B7: =J!M3 | C7: =J!N3 | D7: =J!O3 | E7: =J!P3 | F7: =J!Q3 | G7: =J!R3 | H7: =J!S3 | I7: =J!T3 | ... AE7: =J!AP3
A8: I | B8: =I!AC3 | C8: =I!AD3 | D8: =I!AE3 | E8: =I!AF3 | F8: =I!AG3 | G8: =I!AH3 | H8: =I!AI3 | I8: =I!AJ3 | ... AE8: =I!BF3
A10: Priser
A11: p_Y | B11: =P!AB3 | C11: =P!AC3 | D11: =P!AD3 | E11: =P!AE3 | F11: =P!AF3 | G11: =P!AG3 | H11: =P!AH3 | I11: =P!AI3 | ... AE11: =P!BE3
A12: P_K | B12: =P_K!AC3 | C12: =P_K!AD3 | D12: =P_K!AE3 | E12: =P_K!AF3 | F12: =P_K!AG3 | G12: =P_K!AH3 | H12: =P_K!AI3 | I12: =P_K!AJ3 | ... AE12: =P_K!BF3
A13: w | B13: =w!AC3 | C13: =w!AD3 | D13: =w!AE3 | E13: =w!AF3 | F13: =w!AG3 | G13: =w!AH3 | H13: =w!AI3 | I13: =w!AJ3 | ... AE13: =w!BF3
A14: P_Mtot | B14: =P_Mtot!AB3 | C14: =P_Mtot!AC3 | D14: =P_Mtot!AD3 | E14: =P_Mtot!AE3 | F14: =P_Mtot!AF3 | G14: =P_Mtot!AG3 | H14: =P_Mtot!AH3 | I14: =P_Mtot!AI3 | ... AE14: =P_Mtot!BE3
A15: P_J | B15: =P_J!AC3 | C15: =P_J!AD3 | D15: =P_J!AE3 | E15: =P_J!AF3 | F15: =P_J!AG3 | G15: =P_J!AH3 | H15: =P_J!AI3 | I15: =P_J!AJ3 | ... AE15: =P_J!BF3
A16: P_I | B16: =P_I!C3 | C16: =P_I!D3 | D16: =P_I!E3 | E16: =P_I!F3 | F16: =P_I!G3 | G16: =P_I!H3 | H16: =P_I!I3 | I16: =P_I!J3 | ... AE16: =P_I!AF3
A17: P_Jord | B17: =P_Jord!M3 | C17: =P_Jord!N3 | D17: =P_Jord!O3 | E17: =P_Jord!P3 | F17: =P_Jord!Q3 | G17: =P_Jord!R3 | H17: =P_Jord!S3 | I17: =P_Jord!T3 | ... AE17: =P_Jord!AP3
A19: Andet
A20: Subsidiesats | B20: =tau_Y!AC3 | C20: =tau_Y!AD3 | D20: =tau_Y!AE3 | E20: =tau_Y!AF3 | F20: =tau_Y!AG3 | G20: =tau_Y!AH3 | H20: =tau_Y!AI3 | I20: =tau_Y!AJ3 | ... AE20: =tau_Y!BF3
A21: Afgift indenlandsk | B21: =tau_MD!AB3 | C21: =tau_MD!AC3 | D21: =tau_MD!AD3 | E21: =tau_MD!AE3 | F21: =tau_MD!AF3 | G21: =tau_MD!AG3 | H21: =tau_MD!AH3 | I21: =tau_MD!AI3 | ... AE21: =tau_MD!BE3
A22: Markup | B22: =markup!AC3 | C22: =markup!AD3 | D22: =markup!AE3 | E22: =markup!AF3 | F22: =markup!AG3 | G22: =markup!AH3 | H22: =markup!AI3 | I22: =markup!AJ3 | ... AE22: =markup!BF3

Sheet 100030
A2: Mængder | B2: 1993 | C2: 1994 | D2: 1995 | E2: 1996 | F2: 1997 | G2: 1998 | H2: 1999 | I2: 2000 | J2: 2001 | K2: 2002 | L2: 2003 | M2: 2004 | N2: 2005 | O2: 2006 | P2: 2007 | Q2: 2008 | R2: 2009 | S2: 2010 | T2: 2011 | U2: 2012 | V2: 2013 | W2: 2014 | X2: 2015 | Y2: 2016 | Z2: 2017 | AA2: 2018 | AB2: 2019 | AC2: 2020 | AD2: 2021 | AE2: 2022 | AF2: 2023
A3: Y | B3: =Y!AB4 | C3: =Y!AC4 | D3: =Y!AD4 | E3: =Y!AE4 | F3: =Y!AF4 | G3: =Y!AG4 | H3: =Y!AH4 | I3: =Y!AI4 | ... AE3: =Y!BE4
A4: K | B4: =K!AC4 | C4: =K!AD4 | D4: =K!AE4 | E4: =K!AF4 | F4: =K!AG4 | G4: =K!AH4 | H4: =K!AI4 | I4: =K!AJ4 | ... AE4: =K!BF4
A5: L | B5: =L!AC4 | C5: =L!AD4 | D5: =L!AE4 | E5: =L!AF4 | F5: =L!AG4 | G5: =L!AH4 | H5: =L!AI4 | I5: =L!AJ4 | ... AE5: =L!BF4
A6: Mtot | B6: =Mtot!AB4 | C6: =Mtot!AC4 | D6: =Mtot!AD4 | E6: =Mtot!AE4 | F6: =Mtot!AF4 | G6: =Mtot!AG4 | H6: =Mtot!AH4 | I6: =Mtot!AI4 | ... AE6: =Mtot!BE4
A7: J | B7: =J!M4 | C7: =J!N4 | D7: =J!O4 | E7: =J!P4 | F7: =J!Q4 | G7: =J!R4 | H7: =J!S4 | I7: =J!T4 | ... AE7: =J!AP4
A8: I | B8: =I!AC4 | C8: =I!AD4 | D8: =I!AE4 | E8: =I!AF4 | F8: =I!AG4 | G8: =I!AH4 | H8: =I!AI4 | I8: =I!AJ4 | ... AE8: =I!BF4
A10: Priser
A11: p_Y | B11: =P!AB4 | C11: =P!AC4 | D11: =P!AD4 | E11: =P!AE4 | F11: =P!AF4 | G11: =P!AG4 | H11: =P!AH4 | I11: =P!AI4 | ... AE11: =P!BE4
A12: P_K | B12: =P_K!AC4 | C12: =P_K!AD4 | D12: =P_K!AE4 | E12: =P_K!AF4 | F12: =P_K!AG4 | G12: =P_K!AH4 | H12: =P_K!AI4 | I12: =P_K!AJ4 | ... AE12: =P_K!BF4
A13: w | B13: =w!AC4 | C13: =w!AD4 | D13: =w!AE4 | E13: =w!AF4 | F13: =w!AG4 | G13: =w!AH4 | H13: =w!AI4 | I13: =w!AJ4 | ... AE13: =w!BF4
A14: P_Mtot | B14: =P_Mtot!AB4 | C14: =P_Mtot!AC4 | D14: =P_Mtot!AD4 | E14: =P_Mtot!AE4 | F14: =P_Mtot!AF4 | G14: =P_Mtot!AG4 | H14: =P_Mtot!AH4 | I14: =P_Mtot!AI4 | ... AE14: =P_Mtot!BE4
A15: P_J | B15: =P_J!AC4 | C15: =P_J!AD4 | D15: =P_J!AE4 | E15: =P_J!AF4 | F15: =P_J!AG4 | G15: =P_J!AH4 | H15: =P_J!AI4 | I15: =P_J!AJ4 | ... AE15: =P_J!BF4
A16: P_I | B16: =P_I!C4 | C16: =P_I!D4 | D16: =P_I!E4 | E16: =P_I!F4 | F16: =P_I!G4 | G16: =P_I!H4 | H16: =P_I!I4 | I16: =P_I!J4 | ... AE16: =P_I!AF4
A17: P_Jord | B17: =P_Jord!M3 | C17: =P_Jord!N3 | D17: =P_Jord!O3 | E17: =P_Jord!P3 | F17: =P_Jord!Q3 | G17: =P_Jord!R3 | H17: =P_Jord!S3 | I17: =P_Jord!T3 | ... AE17: =P_Jord!AP3
A19: Andet
A20: Subsidiesats | B20: =tau_Y!AC4 | C20: =tau_Y!AD4 | D20: =tau_Y!AE4 | E20: =tau_Y!AF4 | F20: =tau_Y!AG4 | G20: =tau_Y!AH4 | H20: =tau_Y!AI4 | I20: =tau_Y!AJ4 | ... AE20: =tau_Y!BF4
A21: Afgift indenlandsk | B21: =tau_MD!AB4 | C21: =tau_MD!AC4 | D21: =tau_MD!AD4 | E21: =tau_MD!AE4 | F21: =tau_MD!AF4 | G21: =tau_MD!AG4 | H21: =tau_MD!AH4 | I21: =tau_MD!AI4 | ... AE21: =tau_MD!BE4
A22: Markup | B22: =markup!AC4 | C22: =markup!AD4 | D22: =markup!AE4 | E22: =markup!AF4 | F22: =markup!AG4 | G22: =markup!AH4 | H22: =markup!AI4 | I22: =markup!AJ4 | ... AE22: =markup!BF4

Sheet Anden fødevareindustri
A2: Mængder | B2: 1993 | C2: 1994 | D2: 1995 | E2: 1996 | F2: 1997 | G2: 1998 | H2: 1999 | I2: 2000 | J2: 2001 | K2: 2002 | L2: 2003 | M2: 2004 | N2: 2005 | O2: 2006 | P2: 2007 | Q2: 2008 | R2: 2009 | S2: 2010 | T2: 2011 | U2: 2012 | V2: 2013 | W2: 2014 | X2: 2015 | Y2: 2016 | Z2: 2017 | AA2: 2018 | AB2: 2019 | AC2: 2020 | AD2: 2021 | AE2: 2022 | AF2: 2023
A3: Y | B3: =Y!AB5 | C3: =Y!AC5 | D3: =Y!AD5 | E3: =Y!AE5 | F3: =Y!AF5 | G3: =Y!AG5 | H3: =Y!AH5 | I3: =Y!AI5 | ... AE3: =Y!BE5
A4: K | B4: =K!AC5 | C4: =K!AD5 | D4: =K!AE5 | E4: =K!AF5 | F4: =K!AG5 | G4: =K!AH5 | H4: =K!AI5 | I4: =K!AJ5 | ... AE4: =K!BF5
A5: L | B5: =L!AC5 | C5: =L!AD5 | D5: =L!AE5 | E5: =L!AF5 | F5: =L!AG5 | G5: =L!AH5 | H5: =L!AI5 | I5: =L!AJ5 | ... AE5: =L!BF5
A6: Mtot | B6: =Mtot!AB5 | C6: =Mtot!AC5 | D6: =Mtot!AD5 | E6: =Mtot!AE5 | F6: =Mtot!AF5 | G6: =Mtot!AG5 | H6: =Mtot!AH5 | I6: =Mtot!AI5 | ... AE6: =Mtot!BE5
A7: J | B7: =J!M5 | C7: =J!N5 | D7: =J!O5 | E7: =J!P5 | F7: =J!Q5 | G7: =J!R5 | H7: =J!S5 | I7: =J!T5 | ... AE7: =J!AP5
A8: I | B8: =I!AC5 | C8: =I!AD5 | D8: =I!AE5 | E8: =I!AF5 | F8: =I!AG5 | G8: =I!AH5 | H8: =I!AI5 | I8: =I!AJ5 | ... AE8: =I!BF5
A10: Priser
A11: p_Y | B11: =P!AB5 | C11: =P!AC5 | D11: =P!AD5 | E11: =P!AE5 | F11: =P!AF5 | G11: =P!AG5 | H11: =P!AH5 | I11: =P!AI5 | ... AE11: =P!BE5
A12: P_K | B12: =P_K!AC5 | C12: =P_K!AD5 | D12: =P_K!AE5 | E12: =P_K!AF5 | F12: =P_K!AG5 | G12: =P_K!AH5 | H12: =P_K!AI5 | I12: =P_K!AJ5 | ... AE12: =P_K!BF5
A13: w | B13: =w!AC5 | C13: =w!AD5 | D13: =w!AE5 | E13: =w!AF5 | F13: =w!AG5 | G13: =w!AH5 | H13: =w!AI5 | I13: =w!AJ5 | ... AE13: =w!BF5
A14: P_Mtot | B14: =P_Mtot!AB5 | C14: =P_Mtot!AC5 | D14: =P_Mtot!AD5 | E14: =P_Mtot!AE5 | F14: =P_Mtot!AF5 | G14: =P_Mtot!AG5 | H14: =P_Mtot!AH5 | I14: =P_Mtot!AI5 | ... AE14: =P_Mtot!BE5
A15: P_J | B15: =P_J!AC5 | C15: =P_J!AD5 | D15: =P_J!AE5 | E15: =P_J!AF5 | F15: =P_J!AG5 | G15: =P_J!AH5 | H15: =P_J!AI5 | I15: =P_J!AJ5 | ... AE15: =P_J!BF5
A16: P_I | B16: =P_I!C5 | C16: =P_I!D5 | D16: =P_I!E5 | E16: =P_I!F5 | F16: =P_I!G5 | G16: =P_I!H5 | H16: =P_I!I5 | I16: =P_I!J5 | ... AE16: =P_I!AF5
A17: P_Jord | B17: =P_Jord!M3 | C17: =P_Jord!N3 | D17: =P_Jord!O3 | E17: =P_Jord!P3 | F17: =P_Jord!Q3 | G17: =P_Jord!R3 | H17: =P_Jord!S3 | I17: =P_Jord!T3 | ... AE17: =P_Jord!AP3
A19: Andet
A20: Subsidiesats | B20: =tau_Y!AC5 | C20: =tau_Y!AD5 | D20: =tau_Y!AE5 | E20: =tau_Y!AF5 | F20: =tau_Y!AG5 | G20: =tau_Y!AH5 | H20: =tau_Y!AI5 | I20: =tau_Y!AJ5 | ... AE20: =tau_Y!BF5
A21: Afgift indenlandsk | B21: =tau_MD!AB5 | C21: =tau_MD!AC5 | D21: =tau_MD!AD5 | E21: =tau_MD!AE5 | F21: =tau_MD!AF5 | G21: =tau_MD!AG5 | H21: =tau_MD!AH5 | I21: =tau_MD!AI5 | ... AE21: =tau_MD!BE5
A22: Markup | B22: =markup!AC5 | C22: =markup!AD5 | D22: =markup!AE5 | E22: =markup!AF5 | F22: =markup!AG5 | G22: =markup!AH5 | H22: =markup!AI5 | I22: =markup!AJ5 | ... AE22: =markup!BF5

Sheet Resten
A2: Mængder | B2: 1993 | C2: 1994 | D2: 1995 | E2: 1996 | F2: 1997 | G2: 1998 | H2: 1999 | I2: 2000 | J2: 2001 | K2: 2002 | L2: 2003 | M2: 2004 | N2: 2005 | O2: 2006 | P2: 2007 | Q2: 2008 | R2: 2009 | S2: 2010 | T2: 2011 | U2: 2012 | V2: 2013 | W2: 2014 | X2: 2015 | Y2: 2016 | Z2: 2017 | AA2: 2018 | AB2: 2019 | AC2: 2020 | AD2: 2021 | AE2: 2022 | AF2: 2023
A3: Y | B3: =Y!AB6 | C3: =Y!AC6 | D3: =Y!AD6 | E3: =Y!AE6 | F3: =Y!AF6 | G3: =Y!AG6 | H3: =Y!AH6 | I3: =Y!AI6 | ... AE3: =Y!BE6
A4: K | B4: =K!AC6 | C4: =K!AD6 | D4: =K!AE6 | E4: =K!AF6 | F4: =K!AG6 | G4: =K!AH6 | H4: =K!AI6 | I4: =K!AJ6 | ... AE4: =K!BF6
A5: L | B5: =L!AC6 | C5: =L!AD6 | D5: =L!AE6 | E5: =L!AF6 | F5: =L!AG6 | G5: =L!AH6 | H5: =L!AI6 | I5: =L!AJ6 | ... AE5: =L!BF6
A6: Mtot | B6: =Mtot!AB6 | C6: =Mtot!AC6 | D6: =Mtot!AD6 | E6: =Mtot!AE6 | F6: =Mtot!AF6 | G6: =Mtot!AG6 | H6: =Mtot!AH6 | I6: =Mtot!AI6 | ... AE6: =Mtot!BE6
A7: J | B7: =J!M6 | C7: =J!N6 | D7: =J!O6 | E7: =J!P6 | F7: =J!Q6 | G7: =J!R6 | H7: =J!S6 | I7: =J!T6 | ... AE7: =J!AP6
A8: I | B8: =I!AC6 | C8: =I!AD6 | D8: =I!AE6 | E8: =I!AF6 | F8: =I!AG6 | G8: =I!AH6 | H8: =I!AI6 | I8: =I!AJ6 | ... AE8: =I!BF6
A10: Priser
A11: p_Y | B11: =P!AB6 | C11: =P!AC6 | D11: =P!AD6 | E11: =P!AE6 | F11: =P!AF6 | G11: =P!AG6 | H11: =P!AH6 | I11: =P!AI6 | ... AE11: =P!BE6
A12: P_K | B12: =P_K!AC6 | C12: =P_K!AD6 | D12: =P_K!AE6 | E12: =P_K!AF6 | F12: =P_K!AG6 | G12: =P_K!AH6 | H12: =P_K!AI6 | I12: =P_K!AJ6 | ... AE12: =P_K!BF6
A13: w | B13: =w!AC6 | C13: =w!AD6 | D13: =w!AE6 | E13: =w!AF6 | F13: =w!AG6 | G13: =w!AH6 | H13: =w!AI6 | I13: =w!AJ6 | ... AE13: =w!BF6
A14: P_Mtot | B14: =P_Mtot!AB6 | C14: =P_Mtot!AC6 | D14: =P_Mtot!AD6 | E14: =P_Mtot!AE6 | F14: =P_Mtot!AF6 | G14: =P_Mtot!AG6 | H14: =P_Mtot!AH6 | I14: =P_Mtot!AI6 | ... AE14: =P_Mtot!BE6
A15: P_J | B15: =P_J!AC6 | C15: =P_J!AD6 | D15: =P_J!AE6 | E15: =P_J!AF6 | F15: =P_J!AG6 | G15: =P_J!AH6 | H15: =P_J!AI6 | I15: =P_J!AJ6 | ... AE15: =P_J!BF6
A16: P_I | B16: =P_I!C6 | C16: =P_I!D6 | D16: =P_I!E6 | E16: =P_I!F6 | F16: =P_I!G6 | G16: =P_I!H6 | H16: =P_I!I6 | I16: =P_I!J6 | ... AE16: =P_I!AF6
A17: P_Jord | B17: =P_Jord!M6 | C17: =P_Jord!N6 | D17: =P_Jord!O6 | E17: =P_Jord!P6 | F17: =P_Jord!Q6 | G17: =P_Jord!R6 | H17: =P_Jord!S6 | I17: =P_Jord!T6 | ... AE17: =P_Jord!AP6
A19: Andet
A20: Subsidiesats | B20: =tau_Y!AC6 | C20: =tau_Y!AD6 | D20: =tau_Y!AE6 | E20: =tau_Y!AF6 | F20: =tau_Y!AG6 | G20: =tau_Y!AH6 | H20: =tau_Y!AI6 | I20: =tau_Y!AJ6 | ... AE20: =tau_Y!BF6
A21: Afgift indenlandsk | B21: =tau_MD!AB6 | C21: =tau_MD!AC6 | D21: =tau_MD!AD6 | E21: =tau_MD!AE6 | F21: =tau_MD!AF6 | G21: =tau_MD!AG6 | H21: =tau_MD!AH6 | I21: =tau_MD!AI6 | ... AE21: =tau_MD!BE6
A22: Markup | B22: =markup!AC6 | C22: =markup!AD6 | D22: =markup!AE6 | E22: =markup!AF6 | F22: =markup!AG6 | G22: =markup!AH6 | H22: =markup!AI6 | I22: =markup!AJ6 | ... AE22: =markup!BF6

Sheet Y
A1: ANVENDELSE | B1: 1967 | C1: 1968 | D1: 1969 | E1: 1970 | F1: 1971 | G1: 1972 | H1: 1973 | I1: 1974 | J1: 1975 | K1: 1976 | L1: 1977 | M1: 1978 | N1: 1979 | O1: 1980 | P1: 1981 | Q1: 1982 | R1: 1983 | S1: 1984 | T1: 1985 | U1: 1986 | V1: 1987 | W1: 1988 | X1: 1989 | Y1: 1990 | Z1: 1991 | AA1: 1992 | AB1: 1993 | AC1: 1994 | AD1: 1995 | AE1: 1996 | AF1: 1997 | AG1: 1998 | AH1: 1999 | AI1: 2000 | AJ1: 2001 | AK1: 2002 | AL1: 2003 | AM1: 2004 | AN1: 2005 | AO1: 2006 | AP1: 2007 | AQ1: 2008 | AR1: 2009 | AS1: 2010 | AT1: 2011 | AU1: 2012 | AV1: 2013 | AW1: 2014 | AX1: 2015 | AY1: 2016 | AZ1: 2017 | BA1: 2018 | BB1: 2019 | BC1: 2020 | BD1: 2021 | BE1: 2022
A2: 010000 | B2: 44352.253 | C2: 44088.474 | D2: 44065.485 | E2: 41076.955 | F2: 44428.588 | G2: 45125.516 | H2: 45687.594 | I2: 47792.366 | J2: 45353.08 | K2: 45360.614 | L2: 48300.748 | M2: 50462.618 | N2: 51681.032 | O2: 51506.404 | P2: 52624.818 | Q2: 55228.202 | R2: 53482.361 | S2: 58750.744 | T2: 58588.026 | U2: 58742.299 | V2: 56961.097 | W2: 56075.446 | X2: 58852.663 | Y2: 62263.479 | Z2: 60786.475 | AA2: 60399.718 | AB2: 69638.69 | AC2: 68856.807 | AD2: 69737.096 | AE2: 70280.702 | AF2: 72177.731 | AG2: 73158.199 | AH2: 73173.611 | AI2: 74464.21 | AJ2: 73547.402 | AK2: 74587.448 | AL2: 74719.005 | AM2: 75618.655 | AN2: 74196.06 | AO2: 75618.96 | AP2: 79159.854 | AQ2: 73126.391 | AR2: 73444.22 | AS2: 77334.77 | AT2: 75869.896 | AU2: 77617.493 | AV2: 76593.51 | AW2: 80374.732 | AX2: 79210.579 | AY2: 76984.41 | AZ2: 80708.048 | BA2: 79724.539 | BB2: 78394.569 | BC2: 80503.511 | BD2: 82678.533 | BE2: 81481.018
A3: 100010 | B3: 19603.637 | C3: 20162.552 | D3: 19600.349 | E3: 20860.731 | F3: 21652.481 | G3: 21811.726 | H3: 21771.594 | I3: 22881.54 | J3: 21700.694 | K3: 21738.23 | L3: 23706.522 | M3: 24543.494 | N3: 30503.414 | O3: 32114.066 | P3: 32819.62 | Q3: 29452.209 | R3: 26717.607 | S3: 27249.076 | T3: 30407.824 | U3: 33466.516 | V3: 33552.058 | W3: 33140.377 | X3: 31472.527 | Y3: 33958.43 | Z3: 33567.682 | AA3: 36548.965 | AB3: 41661.646 | AC3: 45997.897 | AD3: 38506.194 | AE3: 36861.103 | AF3: 38258.226 | AG3: 43120.781 | AH3: 42765.432 | AI3: 41046.325 | AJ3: 41829.729 | AK3: 40178.006 | AL3: 41397.664 | AM3: 41559.693 | AN3: 41156.783 | AO3: 40168.836 | AP3: 39629.858 | AQ3: 39535.454 | AR3: 41178.776 | AS3: 40912.159 | AT3: 41991.465 | AU3: 40441.434 | AV3: 40083.909 | AW3: 40146.462 | AX3: 40967.353 | AY3: 40700.138 | AZ3: 41359.72 | BA3: 41163.584 | BB3: 42404.428 | BC3: 45302.133 | BD3: 49544.273 | BE3: 47077.794
A4: 100030 | B4: 23308.218 | C4: 23349.031 | D4: 22452.475 | E4: 22045.546 | F4: 21902.4 | G4: 23446.451 | H4: 25018.051 | I4: 26029.253 | J4: 25974.336 | K4: 27360.29 | L4: 28510.653 | M4: 30345.834 | N4: 30337.185 | O4: 30745.601 | P4: 30305.228 | Q4: 31437.555 | R4: 32448.687 | S4: 31365.862 | T4: 30634.946 | U4: 30995.16 | V4: 30284.499 | W4: 30056.351 | X4: 30854.017 | Y4: 30976.745 | Z4: 30345.777 | AA4: 29933.086 | AB4: 30205.03 | AC4: 27872.967 | AD4: 29157.8 | AE4: 27898.946 | AF4: 28237.717 | AG4: 28196.69 | AH4: 27691.888 | AI4: 28237.449 | AJ4: 29226.309 | AK4: 28304.969 | AL4: 29583.592 | AM4: 29630.848 | AN4: 32097.647 | AO4: 33050.295 | AP4: 31604.092 | AQ4: 32137.717 | AR4: 31767.824 | AS4: 31699.519 | AT4: 34922.022 | AU4: 36078.324 | AV4: 35320.572 | AW4: 36124.205 | AX4: 35608.113 | AY4: 36399.12 | AZ4: 39447.426 | BA4: 37989.2 | BB4: 39920.752 | BC4: 41925.241 | BD4: 42596.809 | BE4: 46862.176
A5: 100040x100050 | B5: 24863.697 | C5: 25574.321 | D5: 26091.853 | E5: 27370.559 | F5: 28252.747 | G5: 28717.037 | H5: 29114.567 | I5: 29612.323 | J5: 28336.304 | K5: 30139.055 | L5: 31413.931 | M5: 32561.905 | N5: 32822.047 | O5: 33641.371 | P5: 33058.299 | Q5: 33832.921 | R5: 34708.71 | S5: 35106.024 | T5: 37091.976 | U5: 38043.297 | V5: 36666.074 | W5: 37337.592 | X5: 39058.838 | Y5: 40680.822 | Z5: 41036.673 | AA5: 41065.703 | AB5: 42926.619 | AC5: 41498.476 | AD5: 46373.218 | AE5: 44764.985 | AF5: 44235.122 | AG5: 44765.003 | AH5: 44976.291 | AI5: 45387.545 | AJ5: 46689.86 | AK5: 51898.162 | AL5: 50892.62 | AM5: 53832.517 | AN5: 55453.57 | AO5: 54361.675 | AP5: 55384.357 | AQ5: 54436.712 | AR5: 47572.699 | AS5: 44358.08 | AT5: 43377.988 | AU5: 41462.983 | AV5: 43634.444 | AW5: 43737.466 | AX5: 46185.736 | AY5: 48390.815 | AZ5: 49333.025 | BA5: 50453.61 | BB5: 51033.634 | BC5: 52160.771 | BD5: 50247.84 | BE5: 51593.742
A6: REST | B6: 1126140.7 | C6: 1169959.1 | D6: 1263696.3 | E6: 1317513.7 | F6: 1345389 | G6: 1412406.4 | H6: 1478856.3 | I6: 1450913.1 | J6: 1419212 | K6: 1529632.1 | L6: 1549707.3 | M6: 1588498.8 | N6: 1649089.1 | O6: 1637535 | P6: 1607018.2 | Q6: 1646652.4 | R6: 1685956.5 | S6: 1777204.3 | T6: 1868522 | U6: 1991395.7 | V6: 2027532.3 | W6: 2056059.7 | X6: 2064248.2 | Y6: 2094915.9 | Z6: 2117342.9 | AA6: 2149198.5 | AB6: 2156220.3 | AC6: 2272527.1 | AD6: 2359548.7 | AE6: 2440245.6 | AF6: 2519153.8 | AG6: 2589693.7 | AH6: 2706345.5 | AI6: 2848898.1 | AJ6: 2921460.3 | AK6: 2953824.1 | AL6: 2958892.8 | AM6: 3027295.7 | AN6: 3197352.5 | AO6: 3379596.8 | AP6: 3482958.5 | AQ6: 3520620.6 | AR6: 3286094.4 | AS6: 3288710.2 | AT6: 3375239.8 | AU6: 3404100 | AV6: 3409132.4 | AW6: 3480021 | AX6: 3569228.5 | AY6: 3704226.7 | AZ6: 3798775.1 | BA6: 3874168.7 | BB6: 3934204.8 | BC6: 3835540 | BD6: 4087541.1 | BE6: 4203685.8

Sheet BVT
A1: ANVENDELSE | B1: 1967 | C1: 1968 | D1: 1969 | E1: 1970 | F1: 1971 | G1: 1972 | H1: 1973 | I1: 1974 | J1: 1975 | K1: 1976 | L1: 1977 | M1: 1978 | N1: 1979 | O1: 1980 | P1: 1981 | Q1: 1982 | R1: 1983 | S1: 1984 | T1: 1985 | U1: 1986 | V1: 1987 | W1: 1988 | X1: 1989 | Y1: 1990 | Z1: 1991 | AA1: 1992 | AB1: 1993 | AC1: 1994 | AD1: 1995 | AE1: 1996 | AF1: 1997 | AG1: 1998 | AH1: 1999 | AI1: 2000 | AJ1: 2001 | AK1: 2002 | AL1: 2003 | AM1: 2004 | AN1: 2005 | AO1: 2006 | AP1: 2007 | AQ1: 2008 | AR1: 2009 | AS1: 2010 | AT1: 2011 | AU1: 2012 | AV1: 2013 | AW1: 2014 | AX1: 2015 | AY1: 2016 | AZ1: 2017 | BA1: 2018 | BB1: 2019 | BC1: 2020 | BD1: 2021 | BE1: 2022
A2: 010000
A3: 100010 | AB3: 4952 | AC3: 5232 | AD3: 4697 | AE3: 4445 | AF3: 4623 | AG3: 5792 | AH3: 6517 | AI3: 5228 | AJ3: 6208 | AK3: 4228 | AL3: 4634 | AM3: 5063 | AN3: 4437 | AO3: 4565 | AP3: 3695 | AQ3: 3846 | AR3: 4123 | AS3: 4204 | AT3: 4516 | AU3: 5518 | AV3: 4573 | AW3: 4150 | AX3: 4554 | AY3: 5025 | AZ3: 5227 | BA3: 4407 | BB3: 5959 | BC3: 7838 | BD3: 6937 | BE3: 5319
A4: 100030 | AB4: 6102 | AC4: 6452 | AD4: 8025 | AE4: 8198 | AF4: 9104 | AG4: 7515 | AH4: 7009 | AI4: 9066 | AJ4: 8496 | AK4: 8627 | AL4: 8145 | AM4: 7415 | AN4: 7294 | AO4: 6784 | AP4: 7179 | AQ4: 7822 | AR4: 5640 | AS4: 7133 | AT4: 7810 | AU4: 8030 | AV4: 7841 | AW4: 9238 | AX4: 6960 | AY4: 5964 | AZ4: 8153 | BA4: 5731 | BB4: 6505 | BC4: 4959 | BD4: 7505 | BE4: 12836
A5: 100040x100050
A6: REST

Sheet Mtot
A1: ANVENDELSE | B1: 1967 | C1: 1968 | D1: 1969 | E1: 1970 | F1: 1971 | G1: 1972 | H1: 1973 | I1: 1974 | J1: 1975 | K1: 1976 | L1: 1977 | M1: 1978 | N1: 1979 | O1: 1980 | P1: 1981 | Q1: 1982 | R1: 1983 | S1: 1984 | T1: 1985 | U1: 1986 | V1: 1987 | W1: 1988 | X1: 1989 | Y1: 1990 | Z1: 1991 | AA1: 1992 | AB1: 1993 | AC1: 1994 | AD1: 1995 | AE1: 1996 | AF1: 1997 | AG1: 1998 | AH1: 1999 | AI1: 2000 | AJ1: 2001 | AK1: 2002 | AL1: 2003 | AM1: 2004 | AN1: 2005 | AO1: 2006 | AP1: 2007 | AQ1: 2008 | AR1: 2009 | AS1: 2010 | AT1: 2011 | AU1: 2012 | AV1: 2013 | AW1: 2014 | AX1: 2015 | AY1: 2016 | AZ1: 2017 | BA1: 2018 | BB1: 2019 | BC1: 2020 | BD1: 2021 | BE1: 2022
A2: 010000 | B2: 39152.71 | C2: 38644.579 | D2: 37593.999 | E2: 39471.608 | F2: 39983.958 | G2: 39962.846 | H2: 43196.789 | I2: 40618.773 | J2: 41177.92 | K2: 45043.076 | L2: 44512.096 | M2: 47524.478 | N2: 49973.078 | O2: 48724.641 | P2: 47705.373 | Q2: 48742.204 | R2: 49273.52 | S2: 49171.629 | T2: 50048.249 | U2: 48849.048 | V2: 51120.164 | W2: 47929.284 | X2: 46710.236 | Y2: 48390.395 | Z2: 46706.776 | AA2: 48446.544 | AB2: 53349.784 | AC2: 51310.254 | AD2: 50096.221 | AE2: 49299.256 | AF2: 51004.663 | AG2: 52245.844 | AH2: 53060.676 | AI2: 51363.356 | AJ2: 49570.227 | AK2: 51730.597 | AL2: 50328.915 | AM2: 50586.449 | AN2: 49985.907 | AO2: 50474.454 | AP2: 50614.979 | AQ2: 51279.064 | AR2: 52129.893 | AS2: 51106.498 | AT2: 51930.226 | AU2: 51124.064 | AV2: 51953.221 | AW2: 51251.334 | AX2: 53805.736 | AY2: 54100.571 | AZ2: 54613.036 | BA2: 54309.946 | BB2: 51547.509 | BC2: 53402.835 | BD2: 53643.97 | BE2: 54314.097
A3: 100010 | B3: 22245.859 | C3: 22147.117 | D3: 21927.345 | E3: 23045.516 | F3: 23995.23 | G3: 23665.978 | H3: 23995.561 | I3: 24619.587 | J3: 23803.218 | K3: 23963.378 | L3: 24693.633 | M3: 25622.59 | N3: 30384.484 | O3: 31717.544 | P3: 32092.464 | Q3: 29702.348 | R3: 28215.907 | S3: 28835.556 | T3: 31262 | U3: 33801.573 | V3: 33828.649 | W3: 32523.397 | X3: 31250.427 | Y3: 33503.903 | Z3: 33988.966 | AA3: 36175.36 | AB3: 39564.103 | AC3: 44110.465 | AD3: 36319.247 | AE3: 34878.111 | AF3: 36226.755 | AG3: 39672.329 | AH3: 37871.494 | AI3: 38197.302 | AJ3: 37283.666 | AK3: 38605.626 | AL3: 39021.725 | AM3: 37944.451 | AN3: 38805.108 | AO3: 37366.99 | AP3: 38626.296 | AQ3: 38070.92 | AR3: 39359.608 | AS3: 38842.965 | AT3: 39453.525 | AU3: 36127.324 | AV3: 36821.821 | AW3: 37391.106 | AX3: 37725.578 | AY3: 36750.754 | AZ3: 37236.499 | BA3: 37888.95 | BB3: 36686.658 | BC3: 37462.228 | BD3: 42600.802 | BE3: 41846.374
A4: 100030 | B4: 19378.446 | C4: 19355.92 | D4: 18697.131 | E4: 18401.314 | F4: 18811.868 | G4: 20262.173 | H4: 19705.799 | I4: 20238.455 | J4: 20749.754 | K4: 22152.978 | L4: 22798.191 | M4: 23885.681 | N4: 23122.244 | O4: 23699.848 | P4: 23343.033 | Q4: 24081.601 | R4: 24928.726 | S4: 24551.527 | T4: 24082.933 | U4: 24969.687 | V4: 24654.438 | W4: 23146.864 | X4: 23586.394 | Y4: 24283.595 | Z4: 23721.271 | AA4: 23834.187 | AB4: 25015.624 | AC4: 22463.147 | AD4: 22813.121 | AE4: 21546.034 | AF4: 21414.547 | AG4: 22089.919 | AH4: 21918.002 | AI4: 21183.767 | AJ4: 22500.167 | AK4: 21590.979 | AL4: 23175.92 | AM4: 23727.677 | AN4: 26243.291 | AO4: 27668.716 | AP4: 25967.838 | AQ4: 25952.912 | AR4: 26984.534 | AS4: 25472.665 | AT4: 28128.78 | AU4: 29139.197 | AV4: 28530.33 | AW4: 28572.695 | AX4: 29250.296 | AY4: 31245.061 | AZ4: 31740.887 | BA4: 32045.887 | BB4: 33276.316 | BC4: 36964.21 | BD4: 35067.587 | BE4: 35380.457
A5: 100040x100050 | B5: 13022.936 | C5: 14197.977 | D5: 14374.392 | E5: 15654.831 | F5: 16809.348 | G5: 16870.364 | H5: 17348.585 | I5: 18064.479 | J5: 17137.557 | K5: 18638.217 | L5: 19461.333 | M5: 20984.634 | N5: 23195.649 | O5: 24429.862 | P5: 24123.49 | Q5: 22972.265 | R5: 20682.053 | S5: 21641.71 | T5: 24226.13 | U5: 25432.868 | V5: 25622.862 | W5: 25752.107 | X5: 26186.762 | Y5: 27812.237 | Z5: 27792.899 | AA5: 28969.842 | AB5: 31602.816 | AC5: 30113.873 | AD5: 35198.363 | AE5: 34193.47 | AF5: 32955.76 | AG5: 33550.432 | AH5: 33749.905 | AI5: 33636.408 | AJ5: 34180.106 | AK5: 40410.77 | AL5: 42356.254 | AM5: 43972.3 | AN5: 43787.429 | AO5: 43960.906 | AP5: 43802.42 | AQ5: 42681.134 | AR5: 36155.139 | AS5: 33223.023 | AT5: 32540.62 | AU5: 31749.452 | AV5: 32300.156 | AW5: 32888.892 | AX5: 36735.924 | AY5: 36539.698 | AZ5: 37433.905 | BA5: 37603.733 | BB5: 37522.547 | BC5: 39265.28 | BD5: 35523.965 | BE5: 36317.792
A6: REST | B6: 435006.82 | C6: 445661.89 | D6: 488689.46 | E6: 517331.61 | F6: 519754.32 | G6: 550298.55 | H6: 580193.47 | I6: 565766.78 | J6: 546636.82 | K6: 595138.53 | L6: 603640.04 | M6: 619729.76 | N6: 640453.08 | O6: 632434.32 | P6: 609080.01 | Q6: 608950.52 | R6: 624626.51 | S6: 683319.19 | T6: 726567.93 | U6: 792672.14 | V6: 807106.92 | W6: 814990.61 | X6: 811723.87 | Y6: 819999.6 | Z6: 821478.1 | AA6: 831164.17 | AB6: 835794.98 | AC6: 886447.6 | AD6: 933979.76 | AE6: 972040.63 | AF6: 1000645 | AG6: 1035613.4 | AH6: 1100098.8 | AI6: 1153633 | AJ6: 1205483.1 | AK6: 1225501.3 | AL6: 1211995.4 | AM6: 1243523.8 | AN6: 1362477.1 | AO6: 1457823.6 | AP6: 1520062.6 | AQ6: 1539294.7 | AR6: 1398743.9 | AS6: 1382803.4 | AT6: 1417628.3 | AU6: 1445341.4 | AV6: 1435473.5 | AW6: 1481115 | AX6: 1534527.7 | AY6: 1597497.7 | AZ6: 1634324.5 | BA6: 1668534.3 | BB6: 1698975.9 | BC6: 1674522.2 | BD6: 1784692.9 | BE6: 1879876.4

Sheet K
A1: ANVENDELSE | B1: 1966 | C1: 1967 | D1: 1968 | E1: 1969 | F1: 1970 | G1: 1971 | H1: 1972 | I1: 1973 | J1: 1974 | K1: 1975 | L1: 1976 | M1: 1977 | N1: 1978 | O1: 1979 | P1: 1980 | Q1: 1981 | R1: 1982 | S1: 1983 | T1: 1984 | U1: 1985 | V1: 1986 | W1: 1987 | X1: 1988 | Y1: 1989 | Z1: 1990 | AA1: 1991 | AB1: 1992 | AC1: 1993 | AD1: 1994 | AE1: 1995 | AF1: 1996 | AG1: 1997 | AH1: 1998 | AI1: 1999 | AJ1: 2000 | AK1: 2001 | AL1: 2002 | AM1: 2003 | AN1: 2004 | AO1: 2005 | AP1: 2006 | AQ1: 2007 | AR1: 2008 | AS1: 2009 | AT1: 2010 | AU1: 2011 | AV1: 2012 | AW1: 2013 | AX1: 2014 | AY1: 2015 | AZ1: 2016 | BA1: 2017 | BB1: 2018 | BC1: 2019 | BD1: 2020 | BE1: 2021 | BF1: 2022 | BG1: 2023 | BH1: 2024
A2: 010000 | B2: 222779 | C2: 224430 | D2: 224282 | E2: 225092 | F2: 225532 | G2: 226385 | H2: 229269 | I2: 235171 | J2: 240479 | K2: 244016 | L2: 249923 | M2: 257543 | N2: 265709 | O2: 273950 | P2: 274839 | Q2: 271574 | R2: 269172 | S2: 265387 | T2: 264710 | U2: 266226 | V2: 266885 | W2: 266110 | X2: 264303 | Y2: 267224 | Z2: 270771 | AA2: 270977 | AB2: 269956 | AC2: 265165 | AD2: 261404 | AE2: 258846 | AF2: 255722 | AG2: 253481 | AH2: 250903 | AI2: 243755 | AJ2: 242098 | AK2: 242131 | AL2: 240161 | AM2: 238063 | AN2: 236088 | AO2: 234687 | AP2: 235845 | AQ2: 239330 | AR2: 242244 | AS2: 239024 | AT2: 234064 | AU2: 229103 | AV2: 225090 | AW2: 222016 | AX2: 218477 | AY2: 215268 | AZ2: 211288 | BA2: 208278 | BB2: 204256 | BC2: 200726 | BD2: 196514 | BE2: 194470 | BF2: 190650 | BG2: 187393 | BH2: 184590
A3: 100010 | AB3: 20659.335 | AC3: 21072.522 | AD3: 21551.229 | AE3: 21742.316 | AF3: 22460.401 | AG3: 22568.393 | AH3: 22913.784 | AI3: 22988.021 | AJ3: 23592.776 | AK3: 24191.702 | AL3: 24611.737 | AM3: 25409.962 | AN3: 26129.686 | AO3: 26020.37 | AP3: 25899.864 | AQ3: 25988.255 | AR3: 26725.596 | AS3: 27361.265 | AT3: 26762.313 | AU3: 26324.033 | AV3: 26528.139 | AW3: 26364.293 | AX3: 26169.173 | AY3: 25905.465 | AZ3: 25721.654 | BA3: 25611.833 | BB3: 26158.64 | BC3: 26445.716 | BD3: 26503.103 | BE3: 26671.438 | BF3: 26893.946
A4: 100030 | AB4: 9519.2358 | AC4: 9709.6205 | AD4: 9788.8389 | AE4: 9928.4904 | AF4: 10279.873 | AG4: 10358.006 | AH4: 10458.014 | AI4: 10482.767 | AJ4: 11017.677 | AK4: 11384.866 | AL4: 11751.699 | AM4: 12266.585 | AN4: 12817.5 | AO4: 12995.031 | AP4: 13041.134 | AQ4: 13186.74 | AR4: 13720.145 | AS4: 14164.163 | AT4: 13980.592 | AU4: 13934.689 | AV4: 14395.724 | AW4: 14355.248 | AX4: 14392.773 | AY4: 14584.333 | AZ4: 14797.38 | BA4: 15013.94 | BB4: 15356.999 | BC4: 15778.213 | BD4: 15812.693 | BE4: 16061.663 | BF4: 16329.681
A5: 100040x100050 | AB5: 27478.908 | AC5: 28028.487 | AD5: 28422.088 | AE5: 28819.556 | AF5: 29949.559 | AG5: 30200.498 | AH5: 30590.829 | AI5: 30632.304 | AJ5: 31588.809 | AK5: 32452.564 | AL5: 33285.899 | AM5: 34147.781 | AN5: 35205.048 | AO5: 35380.877 | AP5: 35497.982 | AQ5: 35967.291 | AR5: 37455.371 | AS5: 38469.174 | AT5: 37685.915 | AU5: 37323.817 | AV5: 37588.007 | AW5: 37764.879 | AX5: 37827.609 | AY5: 37544.634 | AZ5: 37575.704 | BA5: 37941.154 | BB5: 39093.069 | BC5: 39652.161 | BD5: 39656.21 | BE5: 39906.398 | BF5: 40233.083
A6: REST | B6: 2618163 | C6: 2738303 | D6: 2867006 | E6: 3015495 | F6: 3161059 | G6: 3302298 | H6: 3467494 | I6: 3631240 | J6: 3755637 | K6: 3856260 | L6: 3992820 | M6: 4114787 | N6: 4233512 | O6: 4350333 | P6: 4435830 | Q6: 4471498 | R6: 4517509 | S6: 4564886 | T6: 4625448 | U6: 4710206 | V6: 4837386 | W6: 4962141 | X6: 5055391 | Y6: 5137935 | Z6: 5217291 | AA6: 5264800 | AB6: 5305384 | AC6: 5328639 | AD6: 5354683 | AE6: 5403081 | AF6: 5462484 | AG6: 5531111 | AH6: 5612542 | AI6: 5682056 | AJ6: 5773271 | AK6: 5852073 | AL6: 5918328 | AM6: 5980902 | AN6: 6046439 | AO6: 6132550 | AP6: 6270696 | AQ6: 6395005 | AR6: 6486901 | AS6: 6533631 | AT6: 6550770 | AU6: 6568622 | AV6: 6599838 | AW6: 6638025 | AX6: 6696875 | AY6: 6769376 | AZ6: 6870825 | BA6: 6985059 | BB6: 7107156 | BC6: 7209258 | BD6: 7324959 | BE6: 7488001 | BF6: 7648052 | BG6: 7786450 | BH6: 7930718

Sheet K_BVT
A1: ANVENDELSE | B1: 1966 | C1: 1967 | D1: 1968 | E1: 1969 | F1: 1970 | G1: 1971 | H1: 1972 | I1: 1973 | J1: 1974 | K1: 1975 | L1: 1976 | M1: 1977 | N1: 1978 | O1: 1979 | P1: 1980 | Q1: 1981 | R1: 1982 | S1: 1983 | T1: 1984 | U1: 1985 | V1: 1986 | W1: 1987 | X1: 1988 | Y1: 1989 | Z1: 1990 | AA1: 1991 | AB1: 1992 | AC1: 1993 | AD1: 1994 | AE1: 1995 | AF1: 1996 | AG1: 1997 | AH1: 1998 | AI1: 1999 | AJ1: 2000 | AK1: 2001 | AL1: 2002 | AM1: 2003 | AN1: 2004 | AO1: 2005 | AP1: 2006 | AQ1: 2007 | AR1: 2008 | AS1: 2009 | AT1: 2010 | AU1: 2011 | AV1: 2012 | AW1: 2013 | AX1: 2014 | AY1: 2015 | AZ1: 2016 | BA1: 2017 | BB1: 2018 | BC1: 2019 | BD1: 2020 | BE1: 2021 | BF1: 2022 | BG1: 2023 | BH1: 2024
A2: 010000 | B2: 222779 | C2: 224430 | D2: 224282 | E2: 225092 | F2: 225532 | G2: 226385 | H2: 229269 | I2: 235171 | J2: 240479 | K2: 244016 | L2: 249923 | M2: 257543 | N2: 265709 | O2: 273950 | P2: 274839 | Q2: 271574 | R2: 269172 | S2: 265387 | T2: 264710 | U2: 266226 | V2: 266885 | W2: 266110 | X2: 264303 | Y2: 267224 | Z2: 270771 | AA2: 270977 | AB2: 269956 | AC2: 265165 | AD2: 261404 | AE2: 258846 | AF2: 255722 | AG2: 253481 | AH2: 250903 | AI2: 243755 | AJ2: 242098 | AK2: 242131 | AL2: 240161 | AM2: 238063 | AN2: 236088 | AO2: 234687 | AP2: 235845 | AQ2: 239330 | AR2: 242244 | AS2: 239024 | AT2: 234064 | AU2: 229103 | AV2: 225090 | AW2: 222016 | AX2: 218477 | AY2: 215268 | AZ2: 211288 | BA2: 208278 | BB2: 204256 | BC2: 200726 | BD2: 196514 | BE2: 194470 | BF2: 190650 | BG2: 187393 | BH2: 184590
A3: 100010 | AB3: 20659.335 | AC3: 21072.522 | AD3: 21551.229 | AE3: 21742.316 | AF3: 22460.401 | AG3: 22568.393 | AH3: 22913.784 | AI3: 22988.021 | AJ3: 23592.776 | AK3: 24191.702 | AL3: 24611.737 | AM3: 25409.962 | AN3: 26129.686 | AO3: 26020.37 | AP3: 25899.864 | AQ3: 25988.255 | AR3: 26725.596 | AS3: 27361.265 | AT3: 26762.313 | AU3: 26324.033 | AV3: 26528.139 | AW3: 26364.293 | AX3: 26169.173 | AY3: 25905.465 | AZ3: 25721.654 | BA3: 25611.833 | BB3: 26158.64 | BC3: 26445.716 | BD3: 26503.103 | BE3: 26671.438 | BF3: 26893.946
A4: 100030 | AB4: 9519.2358 | AC4: 9709.6205 | AD4: 9788.8389 | AE4: 9928.4904 | AF4: 10279.873 | AG4: 10358.006 | AH4: 10458.014 | AI4: 10482.767 | AJ4: 11017.677 | AK4: 11384.866 | AL4: 11751.699 | AM4: 12266.585 | AN4: 12817.5 | AO4: 12995.031 | AP4: 13041.134 | AQ4: 13186.74 | AR4: 13720.145 | AS4: 14164.163 | AT4: 13980.592 | AU4: 13934.689 | AV4: 14395.724 | AW4: 14355.248 | AX4: 14392.773 | AY4: 14584.333 | AZ4: 14797.38 | BA4: 15013.94 | BB4: 15356.999 | BC4: 15778.213 | BD4: 15812.693 | BE4: 16061.663 | BF4: 16329.681
A5: 100040x100050 | AB5: 27478.908 | AC5: 28028.487 | AD5: 28422.088 | AE5: 28819.556 | AF5: 29949.559 | AG5: 30200.498 | AH5: 30590.829 | AI5: 30632.304 | AJ5: 31588.809 | AK5: 32452.564 | AL5: 33285.899 | AM5: 34147.781 | AN5: 35205.048 | AO5: 35380.877 | AP5: 35497.982 | AQ5: 35967.291 | AR5: 37455.371 | AS5: 38469.174 | AT5: 37685.915 | AU5: 37323.817 | AV5: 37588.007 | AW5: 37764.879 | AX5: 37827.609 | AY5: 37544.634 | AZ5: 37575.704 | BA5: 37941.154 | BB5: 39093.069 | BC5: 39652.161 | BD5: 39656.21 | BE5: 39906.398 | BF5: 40233.083
A6: REST | B6: 2618163 | C6: 2738303 | D6: 2867006 | E6: 3015495 | F6: 3161059 | G6: 3302298 | H6: 3467494 | I6: 3631240 | J6: 3755637 | K6: 3856260 | L6: 3992820 | M6: 4114787 | N6: 4233512 | O6: 4350333 | P6: 4435830 | Q6: 4471498 | R6: 4517509 | S6: 4564886 | T6: 4625448 | U6: 4710206 | V6: 4837386 | W6: 4962141 | X6: 5055391 | Y6: 5137935 | Z6: 5217291 | AA6: 5264800 | AB6: 5305384 | AC6: 5328639 | AD6: 5354683 | AE6: 5403081 | AF6: 5462484 | AG6: 5531111 | AH6: 5612542 | AI6: 5682056 | AJ6: 5773271 | AK6: 5852073 | AL6: 5918328 | AM6: 5980902 | AN6: 6046439 | AO6: 6132550 | AP6: 6270696 | AQ6: 6395005 | AR6: 6486901 | AS6: 6533631 | AT6: 6550770 | AU6: 6568622 | AV6: 6599838 | AW6: 6638025 | AX6: 6696875 | AY6: 6769376 | AZ6: 6870825 | BA6: 6985059 | BB6: 7107156 | BC6: 7209258 | BD6: 7324959 | BE6: 7488001 | BF6: 7648052 | BG6: 7786450 | BH6: 7930718

Sheet L
A1: ANVENDELSE | B1: 1966 | C1: 1967 | D1: 1968 | E1: 1969 | F1: 1970 | G1: 1971 | H1: 1972 | I1: 1973 | J1: 1974 | K1: 1975 | L1: 1976 | M1: 1977 | N1: 1978 | O1: 1979 | P1: 1980 | Q1: 1981 | R1: 1982 | S1: 1983 | T1: 1984 | U1: 1985 | V1: 1986 | W1: 1987 | X1: 1988 | Y1: 1989 | Z1: 1990 | AA1: 1991 | AB1: 1992 | AC1: 1993 | AD1: 1994 | AE1: 1995 | AF1: 1996 | AG1: 1997 | AH1: 1998 | AI1: 1999 | AJ1: 2000 | AK1: 2001 | AL1: 2002 | AM1: 2003 | AN1: 2004 | AO1: 2005 | AP1: 2006 | AQ1: 2007 | AR1: 2008 | AS1: 2009 | AT1: 2010 | AU1: 2011 | AV1: 2012 | AW1: 2013 | AX1: 2014 | AY1: 2015 | AZ1: 2016 | BA1: 2017 | BB1: 2018 | BC1: 2019 | BD1: 2020 | BE1: 2021 | BF1: 2022
A2: 010000 | B2: 630.077 | C2: 595.974 | D2: 561.953 | E2: 532.92 | F2: 505.492 | G2: 472.538 | H2: 463.15 | I2: 454.509 | J2: 433.263 | K2: 415.44 | L2: 408.086 | M2: 393.844 | N2: 380.021 | O2: 361.6 | P2: 342.439 | Q2: 325.525 | R2: 314.708 | S2: 305.717 | T2: 297.005 | U2: 286.292 | V2: 277.373 | W2: 272.733 | X2: 247.527 | Y2: 239.832 | Z2: 229.64 | AA2: 224.577 | AB2: 216.746 | AC2: 205.929 | AD2: 187.306 | AE2: 180.889 | AF2: 173.049 | AG2: 162.332 | AH2: 160.81 | AI2: 152.28 | AJ2: 149.02 | AK2: 145.343 | AL2: 145.637 | AM2: 134.391 | AN2: 133.301 | AO2: 125.588 | AP2: 117.953 | AQ2: 114.771 | AR2: 109.397 | AS2: 101.938 | AT2: 98.594 | AU2: 97.135 | AV2: 95.702 | AW2: 94.814 | AX2: 95.678 | AY2: 97.467 | AZ2: 91.694 | BA2: 92.464 | BB2: 89.982 | BC2: 85.014 | BD2: 85.49 | BE2: 86.997 | BF2: 84.49
A3: 100010 | B3: 60.113 | C3: 54.768 | D3: 52.525 | E3: 51.564 | F3: 52.431 | G3: 51.104 | H3: 49.589 | I3: 48.535 | J3: 47.576 | K3: 40.386 | L3: 39.183 | M3: 38.233 | N3: 39.174 | O3: 40.916 | P3: 41.428 | Q3: 42.756 | R3: 43.379 | S3: 44.495 | T3: 44.335 | U3: 44.751 | V3: 46.152 | W3: 43.038 | X3: 42.1 | Y3: 41.281 | Z3: 39.836 | AA3: 38.302 | AB3: 38.505 | AC3: 38.186 | AD3: 40.237 | AE3: 37.88 | AF3: 36.126 | AG3: 35.616 | AH3: 35.72 | AI3: 35.049 | AJ3: 34.153 | AK3: 34.124 | AL3: 33.902 | AM3: 33.605 | AN3: 32.206 | AO3: 27.478 | AP3: 26.004 | AQ3: 25.367 | AR3: 25.017 | AS3: 24.708 | AT3: 23.721 | AU3: 23.256 | AV3: 22.864 | AW3: 20.865 | AX3: 19.635 | AY3: 18.677 | AZ3: 18.547 | BA3: 18.052 | BB3: 18.078 | BC3: 17.057 | BD3: 20.312 | BE3: 20.08 | BF3: 20.417
A4: 100030 | B4: 30.437 | C4: 29.463 | D4: 28.35 | E4: 27.073 | F4: 26.101 | G4: 24.744 | H4: 23.556 | I4: 23.343 | J4: 22.351 | K4: 20.109 | L4: 20.295 | M4: 19.826 | N4: 18.797 | O4: 18.407 | P4: 17.839 | Q4: 17.053 | R4: 16.284 | S4: 16.978 | T4: 17.59 | U4: 16.902 | V4: 16.768 | W4: 15.848 | X4: 18.17 | Y4: 15.973 | Z4: 16.289 | AA4: 16.259 | AB4: 16.37 | AC4: 14.901 | AD4: 13.821 | AE4: 14.446 | AF4: 13.956 | AG4: 13.415 | AH4: 13.249 | AI4: 13.141 | AJ4: 14.216 | AK4: 14.454 | AL4: 15.128 | AM4: 14.794 | AN4: 14.357 | AO4: 13.891 | AP4: 12.451 | AQ4: 11.424 | AR4: 11.828 | AS4: 11.857 | AT4: 11.852 | AU4: 11.872 | AV4: 11.746 | AW4: 10.482 | AX4: 8.693 | AY4: 7.916 | AZ4: 9.195 | BA4: 8.483 | BB4: 7.137 | BC4: 8.703 | BD4: 10.145 | BE4: 10.616 | BF4: 9.501
A5: 100040x100050 | B5: 97.8 | C5: 93.506 | D5: 87.958 | E5: 85.218 | F5: 84.063 | G5: 79.268 | H5: 75.336 | I5: 71.064 | J5: 69.597 | K5: 63.73 | L5: 63.08 | M5: 63.045 | N5: 60.837 | O5: 60.222 | P5: 59.378 | Q5: 56.891 | R5: 57.332 | S5: 57.116 | T5: 57.355 | U5: 55.825 | V5: 57.542 | W5: 55.464 | X5: 53.836 | Y5: 52.682 | Z5: 51.85 | AA5: 53.351 | AB5: 52.296 | AC5: 51.741 | AD5: 48.229 | AE5: 51.991 | AF5: 50.952 | AG5: 49.145 | AH5: 48.763 | AI5: 47.742 | AJ5: 48.413 | AK5: 48.093 | AL5: 48.389 | AM5: 44.498 | AN5: 43.76 | AO5: 40.93 | AP5: 41.084 | AQ5: 38.647 | AR5: 38.622 | AS5: 33.665 | AT5: 32.181 | AU5: 30.171 | AV5: 28.306 | AW5: 28.854 | AX5: 27.786 | AY5: 28.475 | AZ5: 28.741 | BA5: 29.981 | BB5: 29.9 | BC5: 29.035 | BD5: 29.401 | BE5: 29.055 | BF5: 28.888
A6: REST | B6: 4018.082 | C6: 3983.78 | D6: 3946.832 | E6: 3960.994 | F6: 3983.791 | G6: 3928 | H6: 3879.985 | I6: 3831.197 | J6: 3775.842 | K6: 3567.781 | L6: 3660.67 | M6: 3602.267 | N6: 3590.176 | O6: 3625.153 | P6: 3654.461 | Q6: 3532.268 | R6: 3576.215 | S6: 3570.577 | T6: 3621.388 | U6: 3687.387 | V6: 3802.415 | W6: 3734.451 | X6: 3681.254 | Y6: 3632.391 | Z6: 3586.749 | AA6: 3545.896 | AB6: 3561.505 | AC6: 3501.843 | AD6: 3483.286 | AE6: 3545.599 | AF6: 3572.123 | AG6: 3676.706 | AH6: 3765.129 | AI6: 3851.375 | AJ6: 3910.377 | AK6: 3961.573 | AL6: 3945.801 | AM6: 3905.013 | AN6: 3884.154 | AO6: 3930.74 | AP6: 4040.503 | AQ6: 4073.163 | AR6: 4121.254 | AS6: 3958.094 | AT6: 3880.931 | AU6: 3918.214 | AV6: 3853.043 | AW6: 3862.289 | AX6: 3853.214 | AY6: 3889.911 | AZ6: 3974.827 | BA6: 4013.328 | BB6: 4009.856 | BC6: 4048.623 | BD6: 3907.512 | BE6: 4142.991 | BF6: 4306.497

Sheet J
A1: ANVENDELSE | B1: 1982 | C1: 1983 | D1: 1984 | E1: 1985 | F1: 1986 | G1: 1987 | H1: 1988 | I1: 1989 | J1: 1990 | K1: 1991 | L1: 1992 | M1: 1993 | N1: 1994 | O1: 1995 | P1: 1996 | Q1: 1997 | R1: 1998 | S1: 1999 | T1: 2000 | U1: 2001 | V1: 2002 | W1: 2003 | X1: 2004 | Y1: 2005 | Z1: 2006 | AA1: 2007 | AB1: 2008 | AC1: 2009 | AD1: 2010 | AE1: 2011 | AF1: 2012 | AG1: 2013 | AH1: 2014 | AI1: 2015 | AJ1: 2016 | AK1: 2017 | AL1: 2018 | AM1: 2019 | AN1: 2020 | AO1: 2021 | AP1: 2022 | AQ1: 2023 | AR1: 2024
A2: 010000 | B2: 2.622497 | C2: 2.609892 | D2: 2.62638 | E2: 2.613536 | F2: 2.604464 | G2: 2.587243 | H2: 2.569828 | I2: 2.555043 | J2: 2.571041 | K2: 2.557627 | L2: 2.548395 | M2: 2.326833 | N2: 2.287686 | O2: 2.301522 | P2: 2.332482 | Q2: 2.373014 | R2: 2.37405 | S2: 2.301485 | T2: 2.289403 | U2: 2.30001 | V2: 2.28324 | W2: 2.273478 | X2: 2.27579 | Y2: 2.338676 | Z2: 2.355327 | AA2: 2.316136 | AB2: 2.414401 | AC2: 2.394447 | AD2: 2.411801 | AE2: 2.428236 | AF2: 2.419649 | AG2: 2.406094 | AH2: 2.437626 | AI2: 2.351631 | AJ2: 2.365537 | AK2: 2.359346 | AL2: 2.343419 | AM2: 2.342263 | AN2: 2.315855 | AO2: 2.307046 | AP2: 2.289825 | AQ2: 2.226855 | AR2: 2.187941
A3: 100010 | B3: 0 | C3: 0 | D3: 0 | E3: 0 | F3: 0 | G3: 0 | H3: 0 | I3: 0 | J3: 0 | K3: 0 | L3: 0 | M3: 0 | N3: 0 | O3: 0 | P3: 0 | Q3: 0 | R3: 0 | S3: 0 | T3: 0 | U3: 0 | V3: 0 | W3: 0 | X3: 0 | Y3: 0 | Z3: 0 | AA3: 0 | AB3: 0 | AC3: 0 | AD3: 0 | AE3: 0 | AF3: 0 | AG3: 0 | AH3: 0 | AI3: 0 | AJ3: 0 | AK3: 0 | AL3: 0 | AM3: 0 | AN3: 0 | AO3: 0 | AP3: 0 | AQ3: 0 | AR3: 0
A4: 100030 | B4: 0 | C4: 0 | D4: 0 | E4: 0 | F4: 0 | G4: 0 | H4: 0 | I4: 0 | J4: 0 | K4: 0 | L4: 0 | M4: 0 | N4: 0 | O4: 0 | P4: 0 | Q4: 0 | R4: 0 | S4: 0 | T4: 0 | U4: 0 | V4: 0 | W4: 0 | X4: 0 | Y4: 0 | Z4: 0 | AA4: 0 | AB4: 0 | AC4: 0 | AD4: 0 | AE4: 0 | AF4: 0 | AG4: 0 | AH4: 0 | AI4: 0 | AJ4: 0 | AK4: 0 | AL4: 0 | AM4: 0 | AN4: 0 | AO4: 0 | AP4: 0 | AQ4: 0 | AR4: 0
A5: 100040x100050 | B5: 0 | C5: 0 | D5: 0 | E5: 0 | F5: 0 | G5: 0 | H5: 0 | I5: 0 | J5: 0 | K5: 0 | L5: 0 | M5: 0 | N5: 0 | O5: 0 | P5: 0 | Q5: 0 | R5: 0 | S5: 0 | T5: 0 | U5: 0 | V5: 0 | W5: 0 | X5: 0 | Y5: 0 | Z5: 0 | AA5: 0 | AB5: 0 | AC5: 0 | AD5: 0 | AE5: 0 | AF5: 0 | AG5: 0 | AH5: 0 | AI5: 0 | AJ5: 0 | AK5: 0 | AL5: 0 | AM5: 0 | AN5: 0 | AO5: 0 | AP5: 0 | AQ5: 0 | AR5: 0
A6: REST | B6: 0 | C6: 0 | D6: 0 | E6: 0 | F6: 0 | G6: 0 | H6: 0 | I6: 0 | J6: 0 | K6: 0 | L6: 0 | M6: 0 | N6: 0 | O6: 0 | P6: 0 | Q6: 0 | R6: 0 | S6: 0 | T6: 0 | U6: 0 | V6: 0 | W6: 0 | X6: 0 | Y6: 0 | Z6: 0 | AA6: 0 | AB6: 0 | AC6: 0 | AD6: 0 | AE6: 0 | AF6: 0 | AG6: 0 | AH6: 0 | AI6: 0 | AJ6: 0 | AK6: 0 | AL6: 0 | AM6: 0 | AN6: 0 | AO6: 0 | AP6: 0 | AQ6: 0 | AR6: 0

Sheet P
A1: ANVENDELSE | B1: 1967 | C1: 1968 | D1: 1969 | E1: 1970 | F1: 1971 | G1: 1972 | H1: 1973 | I1: 1974 | J1: 1975 | K1: 1976 | L1: 1977 | M1: 1978 | N1: 1979 | O1: 1980 | P1: 1981 | Q1: 1982 | R1: 1983 | S1: 1984 | T1: 1985 | U1: 1986 | V1: 1987 | W1: 1988 | X1: 1989 | Y1: 1990 | Z1: 1991 | AA1: 1992 | AB1: 1993 | AC1: 1994 | AD1: 1995 | AE1: 1996 | AF1: 1997 | AG1: 1998 | AH1: 1999 | AI1: 2000 | AJ1: 2001 | AK1: 2002 | AL1: 2003 | AM1: 2004 | AN1: 2005 | AO1: 2006 | AP1: 2007 | AQ1: 2008 | AR1: 2009 | AS1: 2010 | AT1: 2011 | AU1: 2012 | AV1: 2013 | AW1: 2014 | AX1: 2015 | AY1: 2016 | AZ1: 2017 | BA1: 2018 | BB1: 2019 | BC1: 2020 | BD1: 2021 | BE1: 2022
A2: 010000 | B2: 0.25607391 | C2: 0.25834004 | D2: 0.28105258 | E2: 0.30430121 | F2: 0.29811967 | G2: 0.3339359 | H2: 0.43052799 | I2: 0.44414889 | J2: 0.48715192 | K2: 0.5640882 | L2: 0.59514356 | M2: 0.6345172 | N2: 0.65096351 | O2: 0.72318177 | P2: 0.81190981 | Q2: 0.91041812 | R2: 0.95466565 | S2: 0.99197673 | T2: 0.98749151 | U2: 0.95475842 | V2: 0.95360648 | W2: 0.93289799 | X2: 0.97239892 | Y2: 0.90614873 | Z2: 0.89339057 | AA2: 0.9027064 | AB2: 0.80025435 | AC2: 0.80089488 | AD2: 0.83564746 | AE2: 0.84700116 | AF2: 0.84671658 | AG2: 0.75191861 | AH2: 0.73512719 | AI2: 0.80247949 | AJ2: 0.85718239 | AK2: 0.78091773 | AL2: 0.75515379 | AM2: 0.77755657 | AN2: 0.71833855 | AO2: 0.73132553 | AP2: 0.76268103 | AQ2: 0.83607121 | AR2: 0.79607803 | AS2: 0.84462464 | AT2: 0.94835462 | AU2: 1.0293523 | AV2: 0.9779207 | AW2: 0.93853411 | AX2: 0.86804807 | AY2: 0.8813666 | AZ2: 0.9560939 | BA2: 0.91154158 | BB2: 0.98517616 | BC2: 1 | BD2: 0.97836787 | BE2: 1.1755229
A3: 100010 | B3: 0.35004944 | C3: 0.34726417 | D3: 0.3854062 | E3: 0.4095739 | F3: 0.40582103 | G3: 0.44503498 | H3: 0.61658834 | I3: 0.59429727 | J3: 0.65691089 | K3: 0.74767753 | L3: 0.76531769 | M3: 0.81354098 | N3: 0.78707801 | O3: 0.86058913 | P3: 0.98582553 | Q3: 1.1181549 | R3: 1.1086451 | S3: 1.2061957 | T3: 1.1767512 | U3: 1.0587211 | V3: 1.000836 | W3: 0.99347781 | X3: 1.1186961 | Y3: 1.0443283 | Z3: 1.0220619 | AA3: 1.0431298 | AB3: 0.86266084 | AC3: 0.87580701 | AD3: 0.89585038 | AE3: 0.94220955 | AF3: 0.96478733 | AG3: 0.79241923 | AH3: 0.73569742 | AI3: 0.86650355 | AJ3: 0.93095417 | AK3: 0.89044606 | AL3: 0.83233196 | AM3: 0.85000021 | AN3: 0.8745081 | AO3: 0.90449859 | AP3: 0.89272845 | AQ3: 0.95020807 | AR3: 0.91925861 | AS3: 0.92335949 | AT3: 0.95367813 | AU3: 1.0087786 | AV3: 1.030431 | AW3: 0.9799064 | AX3: 0.93235412 | AY3: 0.94747771 | AZ3: 0.98452322 | BA3: 0.94938483 | BB3: 1.007525 | BC3: 1 | BD3: 0.9243402 | BE3: 1.0854727
A4: 100030 | B4: 0.15436007 | C4: 0.15592334 | D4: 0.16306033 | E4: 0.17039188 | F4: 0.18798141 | G4: 0.20555431 | H4: 0.25902734 | I4: 0.28814319 | J4: 0.33017253 | K4: 0.35367791 | L4: 0.39388256 | M4: 0.42060363 | N4: 0.43636669 | O4: 0.49406539 | P4: 0.54761542 | Q4: 0.61196553 | R4: 0.6428849 | S4: 0.66409707 | T4: 0.68522591 | U4: 0.68097396 | V4: 0.68563941 | W4: 0.71623451 | X4: 0.75617537 | Y4: 0.76426854 | Z4: 0.75303538 | AA4: 0.77962913 | AB4: 0.79235082 | AC4: 0.76256343 | AD4: 0.74890303 | AE4: 0.74073613 | AF4: 0.73753892 | AG4: 0.75278071 | AH4: 0.75674262 | AI4: 0.78172137 | AJ4: 0.81117952 | AK4: 0.824514 | AL4: 0.81951562 | AM4: 0.81913969 | AN4: 0.81542419 | AO4: 0.80217565 | AP4: 0.84201552 | AQ4: 0.90335852 | AR4: 0.83627411 | AS4: 0.88191492 | AT4: 0.90436537 | AU4: 0.92470226 | AV4: 0.93862837 | AW4: 0.97084724 | AX4: 0.97349383 | AY4: 0.96269381 | AZ4: 0.96804141 | BA4: 0.98591857 | BB4: 0.99428497 | BC4: 1 | BD4: 1.0122628 | BE4: 1.1732519
A5: 100040x100050 | B5: 0.20785529 | C5: 0.20950429 | D5: 0.22034384 | E5: 0.24045103 | F5: 0.24995131 | G5: 0.2592911 | H5: 0.31172073 | I5: 0.37345286 | J5: 0.39299451 | K5: 0.41157575 | L5: 0.4489422 | M5: 0.47031165 | N5: 0.49673005 | O5: 0.54699372 | P5: 0.61726361 | Q5: 0.66787272 | R5: 0.70248262 | S5: 0.77719966 | T5: 0.7731941 | U5: 0.74153094 | V5: 0.73700867 | W5: 0.75399498 | X5: 0.78964087 | Y5: 0.76972591 | Z5: 0.7740024 | AA5: 0.79903553 | AB5: 0.78824786 | AC5: 0.80529348 | AD5: 0.81198346 | AE5: 0.82339675 | AF5: 0.82979995 | AG5: 0.8174732 | AH5: 0.80326833 | AI5: 0.81827681 | AJ5: 0.844971 | AK5: 0.85432507 | AL5: 0.85339246 | AM5: 0.85613495 | AN5: 0.85184323 | AO5: 0.85651136 | AP5: 0.91297401 | AQ5: 1.0019788 | AR5: 0.9582805 | AS5: 0.98752268 | AT5: 1.0599814 | AU5: 1.0783045 | AV5: 1.0889258 | AW5: 1.0333597 | AX5: 1.0064825 | AY5: 1.004819 | AZ5: 1.0036326 | BA5: 0.984157 | BB5: 0.98512486 | BC5: 1 | BD5: 1.041193 | BE5: 1.206345
A6: REST | B6: 0.11419111 | C6: 0.12007851 | D6: 0.12754707 | E6: 0.13841311 | F6: 0.14858451 | G6: 0.15965108 | H6: 0.17671933 | I6: 0.2115552 | J6: 0.23611675 | K6: 0.25520673 | L6: 0.27612651 | M6: 0.29593143 | N6: 0.31906801 | O6: 0.35385635 | P6: 0.3971196 | Q6: 0.43997477 | R6: 0.47243236 | S6: 0.49807793 | T6: 0.5202989 | U6: 0.51732358 | V6: 0.53338378 | W6: 0.54908395 | X6: 0.5816327 | Y6: 0.59815051 | Z6: 0.6152076 | AA6: 0.62376007 | AB6: 0.62779282 | AC6: 0.63925847 | AD6: 0.64983749 | AE6: 0.6595632 | AF6: 0.67538065 | AG6: 0.6827692 | AH6: 0.69191852 | AI6: 0.71995461 | AJ6: 0.73767103 | AK6: 0.74795577 | AL6: 0.75587527 | AM6: 0.77111052 | AN6: 0.79508312 | AO6: 0.81757469 | AP6: 0.84013998 | AQ6: 0.87735294 | AR6: 0.86590482 | AS6: 0.89783524 | AT6: 0.91149322 | AU6: 0.93254903 | AV6: 0.9405406 | AW6: 0.94420758 | AX6: 0.94659923 | AY6: 0.93789542 | AZ6: 0.95690586 | BA6: 0.97338611 | BB6: 0.98646484 | BC6: 1 | BD6: 1.0493515 | BE6: 1.1871344

Sheet w
A1: ANVENDELSE | B1: 1966 | C1: 1967 | D1: 1968 | E1: 1969 | F1: 1970 | G1: 1971 | H1: 1972 | I1: 1973 | J1: 1974 | K1: 1975 | L1: 1976 | M1: 1977 | N1: 1978 | O1: 1979 | P1: 1980 | Q1: 1981 | R1: 1982 | S1: 1983 | T1: 1984 | U1: 1985 | V1: 1986 | W1: 1987 | X1: 1988 | Y1: 1989 | Z1: 1990 | AA1: 1991 | AB1: 1992 | AC1: 1993 | AD1: 1994 | AE1: 1995 | AF1: 1996 | AG1: 1997 | AH1: 1998 | AI1: 1999 | AJ1: 2000 | AK1: 2001 | AL1: 2002 | AM1: 2003 | AN1: 2004 | AO1: 2005 | AP1: 2006 | AQ1: 2007 | AR1: 2008 | AS1: 2009 | AT1: 2010 | AU1: 2011 | AV1: 2012 | AW1: 2013 | AX1: 2014 | AY1: 2015 | AZ1: 2016 | BA1: 2017 | BB1: 2018 | BC1: 2019 | BD1: 2020 | BE1: 2021 | BF1: 2022
A2: 010000 | B2: 4.9614659 | C2: 5.3261863 | D2: 5.6442061 | E2: 6.0123327 | F2: 5.8437461 | G2: 6.86028 | H2: 7.0786711 | I2: 7.9727202 | J2: 9.6403693 | K2: 11.505817 | L2: 12.853657 | M2: 14.346346 | N2: 16.749786 | O2: 19.344179 | P2: 22.662031 | Q2: 25.412391 | R2: 28.234244 | S2: 32.004413 | T2: 35.982725 | U2: 39.726702 | V2: 43.975964 | W2: 49.244809 | X2: 54.206254 | Y2: 57.809751 | Z2: 61.150908 | AA2: 62.964672 | AB2: 68.243047 | AC2: 70.472785 | AD2: 72.401971 | AE2: 73.668419 | AF2: 77.602928 | AG2: 82.112148 | AH2: 85.654427 | AI2: 87.363624 | AJ2: 90.147712 | AK2: 91.297341 | AL2: 97.14543 | AM2: 103.01562 | AN2: 108.39572 | AO2: 109.31073 | AP2: 113.52155 | AQ2: 120.93852 | AR2: 127.13193 | AS2: 132.90639 | AT2: 140.4119 | AU2: 143.61532 | AV2: 146.408 | AW2: 150.45915 | AX2: 156.52284 | AY2: 175.97839 | AZ2: 179.46352 | BA2: 182.14425 | BB2: 189.6717 | BC2: 197.71026 | BD2: 205.68694 | BE2: 203.39064 | BF2: 217.89115
A3: 100010 | B3: 9.4659332 | C3: 10.697441 | D3: 11.762504 | E3: 12.926195 | F3: 15.001307 | G3: 17.994824 | H3: 19.999178 | I3: 24.752828 | J3: 30.201486 | K3: 37.037168 | L3: 40.777412 | M3: 45.268254 | N3: 49.796532 | O3: 54.940261 | P3: 58.674419 | Q3: 64.417128 | R3: 69.610132 | S3: 75.79622 | T3: 82.175149 | U3: 89.611292 | V3: 95.269084 | W3: 111.44037 | X3: 117.14161 | Y3: 119.63118 | Z3: 128.677 | AA3: 135.11573 | AB3: 139.15413 | AC3: 140.18234 | AD3: 144.11295 | AE3: 142.97323 | AF3: 147.90779 | AG3: 151.82108 | AH3: 165.13661 | AI3: 170.94976 | AJ3: 171.18398 | AK3: 181.09352 | AL3: 190.22331 | AM3: 196.71289 | AN3: 200.28812 | AO3: 217.94602 | AP3: 222.4053 | AQ3: 238.49687 | AR3: 249.57219 | AS3: 246.08418 | AT3: 254.24027 | AU3: 253.94948 | AV3: 258.17798 | AW3: 276.39448 | AX3: 285.1556 | AY3: 290.02875 | AZ3: 316.83098 | BA3: 319.16981 | BB3: 334.39439 | BC3: 359.65076 | BD3: 321.23411 | BE3: 349.37073 | BF3: 359.45249
A4: 100030 | B4: 10.272498 | C4: 11.563683 | D4: 12.844903 | E4: 14.463566 | F4: 15.933162 | G4: 18.507249 | H4: 21.180985 | I4: 23.835061 | J4: 28.782183 | K4: 36.012769 | L4: 40.695895 | M4: 47.163217 | N4: 53.545685 | O4: 57.975247 | P4: 62.860948 | Q4: 71.195696 | R4: 79.452625 | S4: 82.761089 | T4: 87.877808 | U4: 93.575373 | V4: 96.56676 | W4: 113.85175 | X4: 115.31505 | Y4: 132.57288 | Z4: 138.35603 | AA4: 146.84797 | AB4: 151.61262 | AC4: 158.42839 | AD4: 165.44889 | AE4: 166.64953 | AF4: 175.90867 | AG4: 189.26925 | AH4: 196.36775 | AI4: 204.44595 | AJ4: 203.31996 | AK4: 200.01692 | AL4: 213.28303 | AM4: 228.94734 | AN4: 240.25457 | AO4: 245.64421 | AP4: 264.47202 | AQ4: 278.29667 | AR4: 276.82597 | AS4: 278.31034 | AT4: 286.2603 | AU4: 287.53138 | AV4: 299.13318 | AW4: 295.51927 | AX4: 297.24149 | AY4: 307.80119 | AZ4: 335.90116 | BA4: 350.11311 | BB4: 360.50274 | BC4: 360.83068 | BD4: 363.84921 | BE4: 384.97279 | BF4: 381.96864
A5: 100040x100050 | B5: 9.1743407 | C5: 10.34081 | D5: 11.519837 | E5: 13.161139 | F5: 14.640232 | G5: 17.188713 | H5: 19.319352 | I5: 23.090024 | J5: 28.392808 | K5: 34.369251 | L5: 38.044319 | M5: 42.295644 | N5: 46.711929 | O5: 52.212773 | P5: 58.056387 | Q5: 65.076498 | R5: 70.105289 | S5: 76.481768 | T5: 81.368079 | U5: 85.511316 | V5: 89.161984 | W5: 100.27448 | X5: 106.74042 | Y5: 113.49941 | Z5: 119.92957 | AA5: 122.40786 | AB5: 123.82325 | AC5: 125.5419 | AD5: 129.02281 | AE5: 131.01223 | AF5: 137.71417 | AG5: 143.72047 | AH5: 148.90425 | AI5: 150.49027 | AJ5: 157.03767 | AK5: 165.31266 | AL5: 172.65038 | AM5: 185.70061 | AN5: 192.1539 | AO5: 203.32927 | AP5: 212.1638 | AQ5: 225.05797 | AR5: 232.87152 | AS5: 244.58883 | AT5: 248.24192 | AU5: 253.70276 | AV5: 255.16576 | AW5: 256.70374 | AX5: 261.13577 | AY5: 258.96083 | AZ5: 266.318 | BA5: 274.2273 | BB5: 284.0167 | BC5: 283.34515 | BD5: 292.9395 | BE5: 294.05703 | BF5: 304.2582
A6: REST | B6: 10.92433 | C6: 12.29083 | D6: 13.841581 | E6: 15.733758 | F6: 17.723438 | G6: 20.344424 | H6: 22.847967 | I6: 26.494248 | J6: 31.602686 | K6: 37.790039 | L6: 42.04803 | M6: 47.319384 | N6: 52.516493 | O6: 57.718867 | P6: 62.684021 | Q6: 69.872813 | R6: 78.104754 | S6: 85.144781 | T6: 90.234506 | U6: 95.604557 | V6: 99.728827 | W6: 110.52192 | X6: 118.33931 | Y6: 124.78809 | Z6: 130.99284 | AA6: 136.93259 | AB6: 140.78728 | AC6: 144.22602 | AD6: 149.5815 | AE6: 153.55977 | AF6: 161.05093 | AG6: 163.60232 | AH6: 168.98319 | AI6: 173.44188 | AJ6: 178.69625 | AK6: 185.18775 | AL6: 193.44854 | AM6: 200.92279 | AN6: 207.26132 | AO6: 214.57587 | AP6: 221.38504 | AQ6: 232.85155 | AR6: 241.67652 | AS6: 250.64407 | AT6: 257.79191 | AU6: 259.14541 | AV6: 266.21983 | AW6: 270.27927 | AX6: 276.86818 | AY6: 283.68515 | AZ6: 285.22887 | BA6: 291.22817 | BB6: 301.08097 | BC6: 306.63869 | BD6: 321.51988 | BE6: 321.83086 | BF6: 330.81276

Sheet P_K
A1: ANVENDELSE | B1: 1966 | C1: 1967 | D1: 1968 | E1: 1969 | F1: 1970 | G1: 1971 | H1: 1972 | I1: 1973 | J1: 1974 | K1: 1975 | L1: 1976 | M1: 1977 | N1: 1978 | O1: 1979 | P1: 1980 | Q1: 1981 | R1: 1982 | S1: 1983 | T1: 1984 | U1: 1985 | V1: 1986 | W1: 1987 | X1: 1988 | Y1: 1989 | Z1: 1990 | AA1: 1991 | AB1: 1992 | AC1: 1993 | AD1: 1994 | AE1: 1995 | AF1: 1996 | AG1: 1997 | AH1: 1998 | AI1: 1999 | AJ1: 2000 | AK1: 2001 | AL1: 2002 | AM1: 2003 | AN1: 2004 | AO1: 2005 | AP1: 2006 | AQ1: 2007 | AR1: 2008 | AS1: 2009 | AT1: 2010 | AU1: 2011 | AV1: 2012 | AW1: 2013 | AX1: 2014 | AY1: 2015 | AZ1: 2016 | BA1: 2017 | BB1: 2018 | BC1: 2019 | BD1: 2020 | BE1: 2021 | BF1: 2022 | BG1: 2023 | BH1: 2024
A2: 010000 | AD2: 0.060751278 | AE2: 0.069791081 | AF2: 0.085026536 | AG2: 0.070368963 | AH2: 0.067863342 | AI2: 0.088871606 | AJ2: 0.062415609 | AK2: 0.056085129 | AL2: 0.059875374 | AM2: 0.063636068 | AN2: 0.070909567 | AO2: 0.045636799 | AP2: 0.063955834 | AQ2: 0.052150347 | AR2: 0.066197293 | AS2: 0.072959482 | AT2: 0.074747652 | AU2: 0.074345659 | AV2: 0.055688748 | AW2: 0.06165053 | AX2: 0.058095357 | AY2: 0.056166675 | AZ2: 0.046997512 | BA2: 0.063610903 | BB2: 0.093953035 | BC2: 0.069468615 | BD2: 0.068133568 | BE2: 0.10072659 | BF2: 0.065872729
A3: 100010 | AD3: 0.10203538 | AE3: 0.10777479 | AF3: 0.11877328 | AG3: 0.11164507 | AH3: 0.10658308 | AI3: 0.0963468 | AJ3: 0.11085744 | AK3: 0.086690043 | AL3: 0.093857836 | AM3: 0.09654273 | AN3: 0.10400685 | AO3: 0.083365909 | AP3: 0.10278033 | AQ3: 0.074265195 | AR3: 0.098188281 | AS3: 0.10325658 | AT3: 0.10760116 | AU3: 0.10489538 | AV3: 0.095932698 | AW3: 0.095640066 | AX3: 0.078553793 | AY3: 0.07951904 | AZ3: 0.077908112 | BA3: 0.094663324 | BB3: 0.095160056 | BC3: 0.083019975 | BD3: 0.083904178 | BE3: 0.086398922 | BF3: 0.082330124
A4: 100030 | AD4: 0.10203538 | AE4: 0.10777479 | AF4: 0.11877328 | AG4: 0.11164507 | AH4: 0.10658308 | AI4: 0.0963468 | AJ4: 0.11085744 | AK4: 0.086690043 | AL4: 0.093857836 | AM4: 0.09654273 | AN4: 0.10400685 | AO4: 0.083365909 | AP4: 0.10278033 | AQ4: 0.074265195 | AR4: 0.098188281 | AS4: 0.10325658 | AT4: 0.10760116 | AU4: 0.10489538 | AV4: 0.095932698 | AW4: 0.095640066 | AX4: 0.078553793 | AY4: 0.07951904 | AZ4: 0.077908112 | BA4: 0.094663324 | BB4: 0.095160056 | BC4: 0.083019975 | BD4: 0.083904178 | BE4: 0.086398922 | BF4: 0.082330124
A5: 100040x100050 | AD5: 0.10203538 | AE5: 0.10777479 | AF5: 0.11877328 | AG5: 0.11164507 | AH5: 0.10658308 | AI5: 0.0963468 | AJ5: 0.11085744 | AK5: 0.086690043 | AL5: 0.093857836 | AM5: 0.09654273 | AN5: 0.10400685 | AO5: 0.083365909 | AP5: 0.10278033 | AQ5: 0.074265195 | AR5: 0.098188281 | AS5: 0.10325658 | AT5: 0.10760116 | AU5: 0.10489538 | AV5: 0.095932698 | AW5: 0.095640066 | AX5: 0.078553793 | AY5: 0.07951904 | AZ5: 0.077908112 | BA5: 0.094663324 | BB5: 0.095160056 | BC5: 0.083019975 | BD5: 0.083904178 | BE5: 0.086398922 | BF5: 0.082330124
A6: REST | AD6: 0.089550877 | AE6: 0.095563278 | AF6: 0.093422145 | AG6: 0.094739862 | AH6: 0.091017427 | AI6: 0.087634851 | AJ6: 0.083132466 | AK6: 0.073182359 | AL6: 0.07897033 | AM6: 0.082359985 | AN6: 0.085365409 | AO6: 0.071647686 | AP6: 0.08076912 | AQ6: 0.066085404 | AR6: 0.081532434 | AS6: 0.098867346 | AT6: 0.098193075 | AU6: 0.090370048 | AV6: 0.080607895 | AW6: 0.085510326 | AX6: 0.08566152 | AY6: 0.081148775 | AZ6: 0.075072538 | BA6: 0.080983122 | BB6: 0.082669874 | BC6: 0.080932536 | BD6: 0.084380497 | BE6: 0.082775737 | BF6: 0.063257686

Sheet KL
A1: ANVENDELSE | B1: 1994 | C1: 1995 | D1: 1996 | E1: 1997 | F1: 1998 | G1: 1999 | H1: 2000 | I1: 2001 | J1: 2002 | K1: 2003 | L1: 2004 | M1: 2005 | N1: 2006 | O1: 2007 | P1: 2008 | Q1: 2009 | R1: 2010 | S1: 2011 | T1: 2012 | U1: 2013 | V1: 2014 | W1: 2015 | X1: 2016 | Y1: 2017 | Z1: 2018 | AA1: 2019 | AB1: 2020 | AC1: 2021 | AD1: 2022
A2: 010000 | B2: 52111.66 | C2: 50894.353 | D2: 49675.438 | E2: 48137.295 | F2: 47702.903 | G2: 46308.315 | H2: 45111.569 | I2: 44426.743 | J2: 44474.223 | K2: 42594.918 | L2: 42235.473 | M2: 40919.614 | N2: 39419.056 | O2: 39020.47 | P2: 38322.654 | Q2: 37349.636 | R2: 36536.94 | S2: 35873.716 | T2: 35216.205 | U2: 34751.186 | V2: 34677.693 | W2: 34770.278 | X2: 33356.738 | Y2: 33295.4 | Z2: 32587.809 | AA2: 31413.497 | AB2: 31260.355 | AC2: 31283.347 | AD2: 30686.04
A3: 100010 | B3: 13131.837 | C3: 12651.373 | D3: 12275.06 | E3: 12290.325 | F3: 12333.565 | G3: 12223.666 | H3: 12005.979 | I3: 12094.759 | J3: 12111.991 | K3: 12088.276 | L3: 11821.751 | M3: 10687.968 | N3: 10255.628 | O3: 10068.824 | P3: 9971.7023 | Q3: 9966.3514 | R3: 9766.5157 | S3: 9567.7347 | T3: 9407.9392 | U3: 8853.7116 | V3: 8474.5394 | W3: 8155.7721 | X3: 8091.9498 | Y3: 7916.5176 | Z3: 7914.4916 | AA3: 7644.4839 | AB3: 8743.8133 | AC3: 8674.102 | AD3: 8797.4122
A4: 100030 | B4: 5381.2723 | C4: 5564.3295 | D4: 5457.2869 | E4: 5377.0517 | F4: 5343.9508 | G4: 5328.7387 | H4: 5649.2001 | I4: 5799.3193 | J4: 6050.5865 | K4: 5998.7368 | L4: 5931.9494 | M4: 5863.3295 | N4: 5419.8261 | O4: 5107.3298 | P4: 5259.0873 | Q4: 5328.6111 | R4: 5378.8357 | S4: 5363.4903 | T4: 5318.3805 | U4: 4952.2921 | V4: 4362.8623 | W4: 4094.844 | X4: 4562.4226 | Y4: 4322.0758 | Z4: 3876.3465 | AA4: 4454.8416 | AB4: 5015.1082 | AC4: 5189.3742 | AD4: 4801.3573
A5: 100040x100050 | B5: 15072.495 | C5: 15944.638 | D5: 15794.011 | E5: 15620.583 | F5: 15580.229 | G5: 15416.057 | H5: 15575.778 | I5: 15654.777 | J5: 15836.111 | K5: 15011.589 | L5: 14941.168 | M5: 14399.21 | N5: 14458.012 | O5: 13866.949 | P5: 13902.707 | Q5: 12783.62 | R5: 12510.776 | S5: 11909.122 | T5: 11384.704 | U5: 11558.768 | V5: 11288.503 | W5: 11492.63 | X5: 11543.973 | Y5: 11906.962 | Z5: 11919.479 | AA5: 11785.48 | AB5: 11939.696 | AC5: 11838.679 | AD5: 11811.489
A6: REST | B6: 1564219.5 | C6: 1582480.1 | D6: 1595512.6 | E6: 1628592.1 | F6: 1659107.9 | G6: 1691114.3 | H6: 1714917.4 | I6: 1739417.7 | J6: 1743699.7 | K6: 1739917.4 | L6: 1741233.9 | M6: 1761417.9 | N6: 1802425.9 | O6: 1826273.2 | P6: 1852287.7 | Q6: 1813299.5 | R6: 1796958 | S6: 1809317.8 | T6: 1792123.3 | U6: 1797859.2 | V6: 1798767.6 | W6: 1815486.9 | X6: 1848526.9 | Y6: 1869464.6 | Z6: 1878393.4 | AA6: 1901301.2 | AB6: 1864663.6 | AC6: 1950137.7 | AD6: 2016611.6

Sheet JKL
A1: ANVENDELSE | B1: 1994 | C1: 1995 | D1: 1996 | E1: 1997 | F1: 1998 | G1: 1999 | H1: 2000 | I1: 2001 | J1: 2002 | K1: 2003 | L1: 2004 | M1: 2005 | N1: 2006 | O1: 2007 | P1: 2008 | Q1: 2009 | R1: 2010 | S1: 2011 | T1: 2012 | U1: 2013 | V1: 2014 | W1: 2015 | X1: 2016 | Y1: 2017 | Z1: 2018 | AA1: 2019 | AB1: 2020 | AC1: 2021 | AD1: 2022
A2: 010000 | B2: 39608.654 | C2: 38696.672 | D2: 37837.164 | E2: 36750.269 | F2: 36460.378 | G2: 35422.621 | H2: 34498.497 | I2: 34000.318 | J2: 34040.533 | K2: 32620 | L2: 32338.501 | M2: 31276.653 | N2: 29793.878 | O2: 29457.266 | P2: 28932.022 | Q2: 28436.996 | R2: 27828.864 | S2: 27245.999 | T2: 26659.088 | U2: 26227.387 | V2: 26200.94 | W2: 26190.289 | X2: 25083.624 | Y2: 24969.954 | Z2: 24301.593 | AA2: 23232.311 | AB2: 23084.536 | AC2: 23199.706 | AD2: 22668.608
A3: 100010 | B3: 0 | C3: 0 | D3: 0 | E3: 0 | F3: 0 | G3: 0 | H3: 0 | I3: 0 | J3: 0 | K3: 0 | L3: 0 | M3: 0 | N3: 0 | O3: 0 | P3: 0 | Q3: 0 | R3: 0 | S3: 0 | T3: 0 | U3: 0 | V3: 0 | W3: 0 | X3: 0 | Y3: 0 | Z3: 0 | AA3: 0 | AB3: 0 | AC3: 0 | AD3: 0
A4: 100030 | B4: 0 | C4: 0 | D4: 0 | E4: 0 | F4: 0 | G4: 0 | H4: 0 | I4: 0 | J4: 0 | K4: 0 | L4: 0 | M4: 0 | N4: 0 | O4: 0 | P4: 0 | Q4: 0 | R4: 0 | S4: 0 | T4: 0 | U4: 0 | V4: 0 | W4: 0 | X4: 0 | Y4: 0 | Z4: 0 | AA4: 0 | AB4: 0 | AC4: 0 | AD4: 0
A5: 100040x100050 | B5: 0 | C5: 0 | D5: 0 | E5: 0 | F5: 0 | G5: 0 | H5: 0 | I5: 0 | J5: 0 | K5: 0 | L5: 0 | M5: 0 | N5: 0 | O5: 0 | P5: 0 | Q5: 0 | R5: 0 | S5: 0 | T5: 0 | U5: 0 | V5: 0 | W5: 0 | X5: 0 | Y5: 0 | Z5: 0 | AA5: 0 | AB5: 0 | AC5: 0 | AD5: 0
A6: REST | B6: 0 | C6: 0 | D6: 0 | E6: 0 | F6: 0 | G6: 0 | H6: 0 | I6: 0 | J6: 0 | K6: 0 | L6: 0 | M6: 0 | N6: 0 | O6: 0 | P6: 0 | Q6: 0 | R6: 0 | S6: 0 | T6: 0 | U6: 0 | V6: 0 | W6: 0 | X6: 0 | Y6: 0 | Z6: 0 | AA6: 0 | AB6: 0 | AC6: 0 | AD6: 0

Sheet P_KL
A1: ANVENDELSE | B1: 1994 | C1: 1995 | D1: 1996 | E1: 1997 | F1: 1998 | G1: 1999 | H1: 2000 | I1: 2001 | J1: 2002 | K1: 2003 | L1: 2004 | M1: 2005 | N1: 2006 | O1: 2007 | P1: 2008 | Q1: 2009 | R1: 2010 | S1: 2011 | T1: 2012 | U1: 2013 | V1: 2014 | W1: 2015 | X1: 2016 | Y1: 2017 | Z1: 2018 | AA1: 2019 | AB1: 2020 | AC1: 2021 | AD1: 2022
A2: 010000 | B2: 0.56936272 | C2: 0.62029424 | D2: 0.71338853 | E2: 0.65072874 | F2: 0.64935579 | G2: 0.76880114 | H2: 0.63504617 | I2: 0.60431004 | J2: 0.64409564 | K2: 0.6838204 | L2: 0.74179828 | M2: 0.59879394 | N2: 0.72045891 | O2: 0.67092048 | P2: 0.77632541 | Q2: 0.8359441 | R2: 0.86789571 | S2: 0.87394671 | T2: 0.76016133 | U2: 0.80982996 | V2: 0.80379889 | W2: 0.84621734 | X2: 0.79662432 | Y2: 0.90949519 | Z2: 1.1242054 | AA2: 0.98675805 | AB2: 1 | AC2: 1.1983552 | AD2: 1.0173972
A3: 100010 | B3: 0.60530872 | C3: 0.61167314 | D3: 0.64567694 | E3: 0.64399052 | F3: 0.67329186 | G3: 0.67077158 | H3: 0.6992216 | I3: 0.68003786 | J3: 0.719909 | K3: 0.74341628 | L3: 0.76919985 | M3: 0.76413454 | N3: 0.82469929 | O3: 0.79189077 | P3: 0.88202488 | Q3: 0.88696868 | R3: 0.91894976 | S3: 0.91067451 | T3: 0.89587281 | U3: 0.93792571 | V3: 0.90506929 | W3: 0.91932613 | X3: 0.97560047 | Y3: 1.0353733 | Z3: 1.0717562 | AA3: 1.0865681 | AB3: 1 | AC3: 1.072757 | AD3: 1.0838192
A4: 100030 | B4: 0.60903702 | C4: 0.62225091 | D4: 0.66593909 | E4: 0.68564416 | F4: 0.69343165 | G4: 0.69326359 | H4: 0.7173563 | I4: 0.66321016 | J4: 0.70986581 | K4: 0.7537567 | L4: 0.79655834 | M4: 0.76420508 | N4: 0.85400798 | O4: 0.81211978 | P4: 0.86879731 | Q4: 0.88515016 | R4: 0.91410814 | S4: 0.90986871 | T4: 0.91200894 | U4: 0.90350911 | V4: 0.85072118 | W4: 0.87452751 | X4: 0.92601 | Y4: 1.0112684 | Z4: 1.0323214 | AA4: 0.99111204 | AB4: 1 | AC4: 1.0508147 | AD4: 1.031259
A5: 100040x100050 | B5: 0.60259026 | C5: 0.61930798 | D5: 0.66099774 | E5: 0.66622758 | F5: 0.6726397 | G5: 0.65723909 | H5: 0.70612742 | I5: 0.68278307 | J5: 0.71989308 | K5: 0.76453047 | L5: 0.80049015 | M5: 0.78179066 | N5: 0.85440486 | O5: 0.8173449 | P5: 0.90094183 | Q5: 0.94664862 | R5: 0.9694044 | S5: 0.97467676 | T5: 0.94893082 | U5: 0.95181846 | V5: 0.90556674 | W5: 0.90335502 | X5: 0.91643291 | Y5: 0.98922372 | Z5: 1.0153616 | AA5: 0.97343785 | AB5: 1 | AC5: 1.0110994 | AD5: 1.0223021
A6: REST | B6: 0.63815814 | C6: 0.66741592 | D6: 0.67693678 | E6: 0.68711655 | F6: 0.68691795 | G6: 0.68584601 | H6: 0.68290928 | I6: 0.66466864 | J6: 0.70278705 | K6: 0.73109192 | L6: 0.75555444 | M6: 0.72478843 | N6: 0.77108722 | O6: 0.74624309 | P6: 0.81920897 | Q6: 0.9007974 | R6: 0.91378314 | S6: 0.8883904 | T6: 0.86781936 | U6: 0.89453667 | V6: 0.90920899 | W6: 0.90716884 | X6: 0.88823683 | Y6: 0.92283912 | Z6: 0.95014457 | AA6: 0.9554849 | AB6: 1 | AC6: 0.99463299 | AD6: 0.94134029

Sheet P_JKL
A1: ANVENDELSE | B1: 1994 | C1: 1995 | D1: 1996 | E1: 1997 | F1: 1998 | G1: 1999 | H1: 2000 | I1: 2001 | J1: 2002 | K1: 2003 | L1: 2004 | M1: 2005 | N1: 2006 | O1: 2007 | P1: 2008 | Q1: 2009 | R1: 2010 | S1: 2011 | T1: 2012 | U1: 2013 | V1: 2014 | W1: 2015 | X1: 2016 | Y1: 2017 | Z1: 2018 | AA1: 2019 | AB1: 2020 | AC1: 2021 | AD1: 2022
A2: 010000 | B2: 0.78953242 | C2: 0.86600721 | D2: 0.98629169 | E2: 0.89067723 | F2: 0.87228703 | G2: 1.0601714 | H2: 0.89727914 | I2: 0.81573302 | J2: 0.85435413 | K2: 0.85376811 | L2: 0.92073804 | M2: 0.67131213 | N2: 0.89180168 | O2: 0.9280013 | P2: 1.1713157 | Q2: 1.1292294 | R2: 1.0266084 | S2: 1.020317 | T2: 0.76704852 | U2: 0.814564 | V2: 0.82162721 | W2: 0.86561281 | X2: 0.78625679 | Y2: 0.93580047 | Z2: 1.1851746 | AA2: 0.99639308 | AB2: 1 | AC2: 1.2943097 | AD2: 1.1944403
A3: 100010 | B3: 11.146218 | C3: 11.686707 | D3: 12.111732 | E3: 11.473855 | F3: 11.175697 | G3: 12.524492 | H3: 13.476418 | I3: 11.421913 | J3: 11.457159 | K3: 9.6676284 | L3: 9.6956554 | M3: 6.7807668 | N3: 10.615686 | O3: 15.000882 | P3: 21.475091 | Q3: 15.945182 | R3: 9.74598 | S3: 8.9362158 | T3: 3.7725969 | U3: 3.5242146 | V3: 3.861998 | W3: 3.0236537 | X3: 3.4130354 | Y3: 5.2552831 | Z3: 2.6273443 | AA3: 2.9148421 | AB3: 1 | AC3: 3.123398 | AD3: 8.3988322
A4: 100030 | B4: -0.91846467 | C4: -1.0000119 | D4: -1.0308821 | E4: -0.95729958 | F4: -0.85147952 | G4: -1.0629071 | H4: -1.1636309 | I4: -0.85336782 | J4: -0.82336138 | K4: -0.5692882 | L4: -0.56410686 | M4: -0.17658136 | N4: -0.91704691 | O4: -1.9310458 | P4: -3.1086488 | Q4: -1.9488533 | R4: -0.61328616 | S4: -0.46827228 | T4: 0.54545266 | U4: 0.70518393 | V4: 0.66388797 | W4: 0.71468595 | X4: 0.7433909 | Y4: 0.65473726 | Z4: 0.84280988 | AA4: 0.90947929 | AB4: 1 | AC4: 0.69374603 | AD4: -0.23476572
A5: 100040x100050 | B5: 2.4829515 | C5: 2.6236625 | D5: 2.7544905 | E5: 2.6608299 | F5: 2.5470518 | G5: 2.7487279 | H5: 3.0151894 | I5: 2.6148197 | J5: 2.6445164 | K5: 2.3995792 | L5: 2.4596837 | M5: 1.9122873 | N5: 2.6133988 | O5: 3.2625955 | P5: 4.3489446 | Q5: 3.5689501 | R5: 2.5204614 | S5: 2.4225134 | T5: 1.4438725 | U5: 1.3058256 | V5: 1.2641104 | W5: 1.1534129 | X5: 1.0988052 | Y5: 1.329108 | Z5: 1.1593186 | AA5: 1.0035973 | AB5: 1 | AC5: 1.2008197 | AD5: 2.1117634
A6: REST | B6: 0.6421544 | C6: 0.67178269 | D6: 0.68130214 | E6: 0.69122291 | F6: 0.69065698 | G6: 0.6902478 | H6: 0.68753975 | I6: 0.66839798 | J6: 0.70643874 | K6: 0.73389234 | L6: 0.7583098 | M6: 0.72628331 | N6: 0.77379449 | O6: 0.75048074 | P6: 0.8254282 | Q6: 0.90550118 | R6: 0.91629823 | S6: 0.89057107 | T6: 0.86836429 | U6: 0.8949386 | V6: 0.90989944 | W6: 0.90767107 | X6: 0.88847198 | Y6: 0.92321478 | Z6: 0.95013957 | AA6: 0.95546699 | AB6: 1 | AC6: 0.99493128 | AD6: 0.94306182

Sheet P_O
A1: ANVENDELSE | B1: 1967 | C1: 1968 | D1: 1969 | E1: 1970 | F1: 1971 | G1: 1972 | H1: 1973 | I1: 1974 | J1: 1975 | K1: 1976 | L1: 1977 | M1: 1978 | N1: 1979 | O1: 1980 | P1: 1981 | Q1: 1982 | R1: 1983 | S1: 1984 | T1: 1985 | U1: 1986 | V1: 1987 | W1: 1988 | X1: 1989 | Y1: 1990 | Z1: 1991 | AA1: 1992 | AB1: 1993 | AC1: 1994 | AD1: 1995 | AE1: 1996 | AF1: 1997 | AG1: 1998 | AH1: 1999 | AI1: 2000 | AJ1: 2001 | AK1: 2002 | AL1: 2003 | AM1: 2004 | AN1: 2005 | AO1: 2006 | AP1: 2007 | AQ1: 2008 | AR1: 2009 | AS1: 2010 | AT1: 2011 | AU1: 2012 | AV1: 2013 | AW1: 2014 | AX1: 2015 | AY1: 2016 | AZ1: 2017 | BA1: 2018 | BB1: 2019 | BC1: 2020 | BD1: 2021 | BE1: 2022
A2: 010000 | AC2: 0.92524062 | AD2: 0.93772333 | AE2: 0.98915719 | AF2: 0.9282936 | AG2: 0.88676803 | AH2: 0.9647181 | AI2: 0.87678264 | AJ2: 0.84788309 | AK2: 0.88567324 | AL2: 0.85774934 | AM2: 0.88385956 | AN2: 0.79290526 | AO2: 0.86489303 | AP2: 0.88708999 | AQ2: 1.1287624 | AR2: 1.0705243 | AS2: 0.9738391 | AT2: 1.0399151 | AU2: 0.9348505 | AV2: 0.98230052 | AW2: 0.91504956 | AX2: 0.96403102 | AY2: 0.93123881 | AZ2: 0.94549998 | BA2: 1.0401406 | BB2: 0.95888405 | BC2: 0.95011224 | BD2: 1.0617469 | BE2: 1.206521
A3: 100010 | AC3: 0.88529763 | AD3: 0.92959913 | AE3: 0.97257066 | AF3: 0.98453484 | AG3: 0.81174956 | AH3: 0.75362874 | AI3: 0.89195357 | AJ3: 0.9309192 | AK3: 0.90388168 | AL3: 0.83392606 | AM3: 0.86440596 | AN3: 0.89048466 | AO3: 0.92407109 | AP3: 0.91119575 | AQ3: 0.9859801 | AR3: 0.9520774 | AS3: 0.97265174 | AT3: 1.0231467 | AU3: 1.0705805 | AV3: 1.0947888 | AW3: 1.0393647 | AX3: 0.97339625 | AY3: 0.99651233 | AZ3: 1.0552408 | BA3: 1.0006794 | BB3: 1.0401847 | BC3: 1.0199529 | BD3: 0.97292169 | BE3: 1.143187
A4: 100030 | AC4: 0.77671725 | AD4: 0.7492271 | AE4: 0.75496275 | AF4: 0.74715974 | AG4: 0.77202589 | AH4: 0.7674933 | AI4: 0.75732672 | AJ4: 0.78968216 | AK4: 0.80422058 | AL4: 0.80925929 | AM4: 0.81211089 | AN4: 0.80259017 | AO4: 0.81753184 | AP4: 0.84011838 | AQ4: 0.90398221 | AR4: 0.84852625 | AS4: 0.88925679 | AT4: 0.91999434 | AU4: 0.92046428 | AV4: 0.96463126 | AW4: 0.93941159 | AX4: 0.86257685 | AY4: 0.88794709 | AZ4: 0.92670266 | BA4: 0.95068228 | BB4: 0.93266452 | BC4: 1.0012898 | BD4: 1.0099998 | BE4: 1.1426006
A5: 100040x100050 | AC5: 0.76332385 | AD5: 0.78943903 | AE5: 0.81290039 | AF5: 0.80809719 | AG5: 0.80437815 | AH5: 0.77690867 | AI5: 0.80301116 | AJ5: 0.80357137 | AK5: 0.79978893 | AL5: 0.83950141 | AM5: 0.83645261 | AN5: 0.81812891 | AO5: 0.86423804 | AP5: 0.89410628 | AQ5: 0.99466319 | AR5: 0.95834548 | AS5: 1.0005811 | AT5: 1.0525128 | AU5: 1.0939061 | AV5: 1.0412806 | AW5: 0.98938024 | AX5: 1.0006087 | AY5: 0.9444684 | AZ5: 0.97828811 | BA5: 0.9681647 | BB5: 0.95052709 | BC5: 0.98167599 | BD5: 1.0155436 | BE5: 1.1768608
A6: REST | AC6: 0.70270017 | AD6: 0.72186323 | AE6: 0.72166884 | AF6: 0.72916529 | AG6: 0.72985287 | AH6: 0.72509788 | AI6: 0.71719731 | AJ6: 0.71521182 | AK6: 0.73917374 | AL6: 0.75310349 | AM6: 0.76314602 | AN6: 0.74914973 | AO6: 0.7748079 | AP6: 0.77021083 | AQ6: 0.82814657 | AR6: 0.88033079 | AS6: 0.888654 | AT6: 0.87756199 | AU6: 0.87020264 | AV6: 0.88168532 | AW6: 0.88416361 | AX6: 0.87583251 | AY6: 0.8552495 | AZ6: 0.87449647 | BA6: 0.88964953 | BB6: 0.89562701 | BC6: 0.92273468 | BD6: 0.9329074 | BE6: 0.97352021

Sheet mu_Y_Mtot
A1: ANVENDELSE | B1: 1967 | C1: 1968 | D1: 1969 | E1: 1970 | F1: 1971 | G1: 1972 | H1: 1973 | I1: 1974 | J1: 1975 | K1: 1976 | L1: 1977 | M1: 1978 | N1: 1979 | O1: 1980 | P1: 1981 | Q1: 1982 | R1: 1983 | S1: 1984 | T1: 1985 | U1: 1986 | V1: 1987 | W1: 1988 | X1: 1989 | Y1: 1990 | Z1: 1991 | AA1: 1992 | AB1: 1993 | AC1: 1994 | AD1: 1995 | AE1: 1996 | AF1: 1997 | AG1: 1998 | AH1: 1999 | AI1: 2000 | AJ1: 2001 | AK1: 2002 | AL1: 2003 | AM1: 2004 | AN1: 2005 | AO1: 2006 | AP1: 2007 | AQ1: 2008 | AR1: 2009 | AS1: 2010 | AT1: 2011 | AU1: 2012 | AV1: 2013 | AW1: 2014 | AX1: 2015 | AY1: 2016 | AZ1: 2017 | BA1: 2018 | BB1: 2019 | BC1: 2020 | BD1: 2021 | BE1: 2022
A2: 010000 | B2: 0.8827671 | C2: 0.87652341 | D2: 0.85313935 | E2: 0.96091855 | F2: 0.89996013 | G2: 0.8855931 | H2: 0.9454818 | I2: 0.84990087 | J2: 0.90794099 | K2: 0.9929997 | L2: 0.92156121 | M2: 0.94177591 | N2: 0.96695201 | O2: 0.9459919 | P2: 0.90651854 | Q2: 0.88256003 | R2: 0.92130411 | S2: 0.8369533 | T2: 0.85424024 | U2: 0.83158215 | V2: 0.89745751 | W2: 0.85472853 | X2: 0.79368092 | Y2: 0.77718746 | Z2: 0.76837447 | AA2: 0.80209884 | AB2: 0.76609403 | AC2: 0.7451733 | AD2: 0.71835829 | AE2: 0.7014622 | AF2: 0.70665373 | AG2: 0.71414886 | AH2: 0.72513404 | AI2: 0.68977239 | AJ2: 0.67399018 | AK2: 0.69355633 | AL2: 0.67357582 | AM2: 0.66896786 | AN2: 0.67370029 | AO2: 0.66748411 | AP2: 0.63940212 | AQ2: 0.70123882 | AR2: 0.70978891 | AS2: 0.66084762 | AT2: 0.68446418 | AU2: 0.65866678 | AV2: 0.67829796 | AW2: 0.63765481 | AX2: 0.67927462 | AY2: 0.70274711 | AZ2: 0.67667398 | BA2: 0.68121994 | BB2: 0.65753928 | BC2: 0.66336032 | BD2: 0.64882586 | BE2: 0.66658589
A3: 100010 | B3: 1.1347822 | C3: 1.0984283 | D3: 1.1187222 | E3: 1.104732 | F3: 1.1081977 | G3: 1.0850117 | H3: 1.1021499 | I3: 1.0759585 | J3: 1.0968874 | K3: 1.102361 | L3: 1.0416388 | M3: 1.0439667 | N3: 0.99610111 | O3: 0.9876527 | P3: 0.97784387 | Q3: 1.008493 | R3: 1.0560791 | S3: 1.0582214 | T3: 1.0280906 | U3: 1.0100117 | V3: 1.0082436 | W3: 0.98138283 | X3: 0.99294307 | Y3: 0.98661521 | Z3: 1.0125503 | AA3: 0.98977796 | AB3: 0.94965289 | AC3: 0.95896698 | AD3: 0.94320531 | AE3: 0.94620368 | AF3: 0.94690105 | AG3: 0.92002808 | AH3: 0.88556323 | AI3: 0.93059006 | AJ3: 0.89131981 | AK3: 0.96086466 | AL3: 0.94260692 | AM3: 0.91301085 | AN3: 0.94286057 | AO3: 0.93024825 | AP3: 0.97467661 | AQ3: 0.96295642 | AR3: 0.95582269 | AS3: 0.94942351 | AT3: 0.93956058 | AU3: 0.89332451 | AV3: 0.91861851 | AW3: 0.93136739 | AX3: 0.92086932 | AY3: 0.90296389 | AZ3: 0.9003083 | BA3: 0.92044828 | BB3: 0.865161 | BC3: 0.82694181 | BD3: 0.85985321 | BE3: 0.88887713
A4: 100030 | B4: 0.83139974 | C4: 0.82898172 | D4: 0.83274252 | E4: 0.8346953 | F4: 0.85889527 | G4: 0.86418933 | H4: 0.78766324 | I4: 0.77752733 | J4: 0.79885599 | K4: 0.80967631 | L4: 0.79963764 | M4: 0.78711565 | N4: 0.762175 | O4: 0.77083705 | P4: 0.77026424 | Q4: 0.76601379 | R4: 0.76825067 | S4: 0.78274677 | T4: 0.78612617 | U4: 0.80559954 | V4: 0.81409432 | W4: 0.77011557 | X4: 0.76445132 | Y4: 0.78392984 | Z4: 0.78169923 | AA4: 0.79624889 | AB4: 0.82819397 | AC4: 0.8059116 | AD4: 0.78240199 | AE4: 0.77228848 | AF4: 0.75836681 | AG4: 0.78342241 | AH4: 0.79149542 | AI4: 0.75020116 | AJ4: 0.76986003 | AK4: 0.7627982 | AL4: 0.78340451 | AM4: 0.80077616 | AN4: 0.81760792 | AO4: 0.83717001 | AP4: 0.82166061 | AQ4: 0.80755307 | AR4: 0.84942971 | AS4: 0.8035663 | AT4: 0.80547398 | AU4: 0.80766492 | AV4: 0.80775391 | AW4: 0.79095706 | AX4: 0.82145034 | AY4: 0.85840154 | AZ4: 0.80463771 | BA4: 0.84355256 | BB4: 0.83355934 | BC4: 0.88166959 | BD4: 0.82324446 | BE4: 0.75498962
A5: 100040x100050 | B5: 0.52377309 | C5: 0.55516534 | D5: 0.55091498 | E5: 0.57195876 | F5: 0.59496331 | G5: 0.58746881 | H5: 0.59587302 | I5: 0.61003248 | J5: 0.60479153 | K5: 0.6184075 | L5: 0.61951283 | M5: 0.64445352 | N5: 0.7067094 | O5: 0.72618509 | P5: 0.7297257 | Q5: 0.67899147 | R5: 0.59587499 | S5: 0.61646712 | T5: 0.65313668 | U5: 0.66852429 | V5: 0.69881662 | W5: 0.68970991 | X5: 0.67044396 | Y5: 0.6836695 | Z5: 0.67726981 | AA5: 0.70545102 | AB5: 0.73620556 | AC5: 0.72566214 | AD5: 0.75902351 | AE5: 0.76384411 | AF5: 0.74501342 | AG5: 0.74947906 | AH5: 0.75039326 | AI5: 0.74109335 | AJ5: 0.73206699 | AK5: 0.77865513 | AL5: 0.83226712 | AM5: 0.81683531 | AN5: 0.78962328 | AO5: 0.80867461 | AP5: 0.79088072 | AQ5: 0.78405057 | AR5: 0.75999764 | AS5: 0.74897343 | AT5: 0.75016434 | AU5: 0.76573004 | AV5: 0.74024447 | AW5: 0.75196152 | AX5: 0.79539544 | AY5: 0.75509574 | AZ5: 0.75880011 | BA5: 0.74531302 | BB5: 0.73525133 | BC5: 0.75277415 | BD5: 0.70697496 | BE5: 0.70391854
A6: REST | B6: 0.38628104 | C6: 0.38092091 | D6: 0.38671434 | E6: 0.39265749 | F6: 0.3863227 | G6: 0.38961772 | H6: 0.39232579 | I6: 0.38993844 | J6: 0.38516924 | K6: 0.38907299 | L6: 0.38951874 | M6: 0.3901355 | N6: 0.38836778 | O6: 0.38621118 | P6: 0.37901252 | Q6: 0.36981122 | R6: 0.37048791 | S6: 0.38449108 | T6: 0.38884633 | U6: 0.39804854 | V6: 0.39807351 | W6: 0.3963847 | X6: 0.39322978 | Y6: 0.39142364 | Z6: 0.38797594 | AA6: 0.38673216 | AB6: 0.38762039 | AC6: 0.3900713 | AD6: 0.39582983 | AE6: 0.39833722 | AF6: 0.39721473 | AG6: 0.39989803 | AH6: 0.40648869 | AI6: 0.40494009 | AJ6: 0.41263033 | AK6: 0.41488635 | AL6: 0.40961112 | AM6: 0.41077052 | AN6: 0.42612664 | AO6: 0.43136022 | AP6: 0.43642857 | AQ6: 0.43722253 | AR6: 0.42565543 | AS6: 0.42046983 | AT6: 0.42000816 | AU6: 0.4245884 | AV6: 0.42106711 | AW6: 0.42560519 | AX6: 0.42993261 | AY6: 0.4312635 | AZ6: 0.43022407 | BA6: 0.43068188 | BB6: 0.43184734 | BC6: 0.43658056 | BD6: 0.43661772 | BE6: 0.44719716

Sheet mu_Y_KL
A1: ANVENDELSE | B1: 1967 | C1: 1968 | D1: 1969 | E1: 1970 | F1: 1971 | G1: 1972 | H1: 1973 | I1: 1974 | J1: 1975 | K1: 1976 | L1: 1977 | M1: 1978 | N1: 1979 | O1: 1980 | P1: 1981 | Q1: 1982 | R1: 1983 | S1: 1984 | T1: 1985 | U1: 1986 | V1: 1987 | W1: 1988 | X1: 1989 | Y1: 1990 | Z1: 1991 | AA1: 1992 | AB1: 1993 | AC1: 1994 | AD1: 1995 | AE1: 1996 | AF1: 1997 | AG1: 1998 | AH1: 1999 | AI1: 2000 | AJ1: 2001 | AK1: 2002 | AL1: 2003 | AM1: 2004 | AN1: 2005 | AO1: 2006 | AP1: 2007 | AQ1: 2008 | AR1: 2009 | AS1: 2010 | AT1: 2011 | AU1: 2012 | AV1: 2013 | AW1: 2014 | AX1: 2015 | AY1: 2016 | AZ1: 2017 | BA1: 2018 | BB1: 2019 | BC1: 2020 | BD1: 2021 | BE1: 2022
A2: 010000 | AC2: 0.75681203 | AD2: 0.72980316 | AE2: 0.70681477 | AF2: 0.66692724 | AG2: 0.65205136 | AH2: 0.6328554 | AI2: 0.60581545 | AJ2: 0.60405591 | AK2: 0.59626953 | AL2: 0.57006805 | AM2: 0.55853246 | AN2: 0.55150656 | AO2: 0.52128535 | AP2: 0.49293257 | AQ2: 0.52406051 | AR2: 0.50854425 | AS2: 0.47245166 | AT2: 0.47283202 | AU2: 0.4537148 | AV2: 0.45370928 | AW2: 0.43145019 | AX2: 0.43896003 | AY2: 0.43329212 | AZ2: 0.41254127 | BA2: 0.40875506 | BB2: 0.40071011 | BC2: 0.38831045 | BD2: 0.37837327 | BE2: 0.37660354
A3: 100010 | AC3: 0.28548777 | AD3: 0.32855422 | AE3: 0.33300848 | AF3: 0.32124659 | AG3: 0.28602369 | AH3: 0.28583053 | AI3: 0.29249827 | AJ3: 0.28914266 | AK3: 0.30145824 | AL3: 0.29200381 | AM3: 0.28445233 | AN3: 0.25968911 | AO3: 0.25531306 | AP3: 0.25407165 | AQ3: 0.25222177 | AR3: 0.24202641 | AS3: 0.23871915 | AT3: 0.22784951 | AU3: 0.2326312 | AV3: 0.22087944 | AW3: 0.21109057 | AX3: 0.19907979 | AY3: 0.19881873 | AZ3: 0.19140646 | BA3: 0.19226926 | BB3: 0.1802756 | BC3: 0.19301107 | BD3: 0.17507779 | BE3: 0.18686968
A4: 100030 | AC4: 0.19306421 | AD4: 0.19083503 | AE4: 0.19560907 | AF4: 0.19042091 | AG4: 0.18952405 | AH4: 0.19242959 | AI4: 0.20006057 | AJ4: 0.19842805 | AK4: 0.21376411 | AL4: 0.20277242 | AM4: 0.20019506 | AN4: 0.18267163 | AO4: 0.16398722 | AP4: 0.16160343 | AQ4: 0.16364222 | AR4: 0.1677361 | AS4: 0.16968193 | AT4: 0.15358476 | AU4: 0.14741207 | AV4: 0.14020985 | AW4: 0.12077393 | AX4: 0.1149975 | AY4: 0.12534431 | AZ4: 0.10956547 | BA4: 0.10203812 | BB4: 0.11159212 | BC4: 0.11962026 | BD4: 0.12182542 | BE4: 0.10245698
A5: 100040x100050 | AC5: 0.36320598 | AD5: 0.34383289 | AE5: 0.35282064 | AF5: 0.35312625 | AG5: 0.34804485 | AH5: 0.34275963 | AI5: 0.34317295 | AJ5: 0.33529287 | AK5: 0.30513818 | AL5: 0.29496593 | AM5: 0.27754913 | AN5: 0.25966245 | AO5: 0.26595964 | AP5: 0.25037663 | AQ5: 0.25539212 | AR5: 0.26871757 | AS5: 0.28204051 | AT5: 0.27454297 | AU5: 0.27457513 | AV5: 0.2649001 | AW5: 0.25809687 | AX5: 0.24883505 | AY5: 0.23855712 | AZ5: 0.24135885 | BA5: 0.23624631 | BB5: 0.23093554 | BC5: 0.22890184 | BD5: 0.23560573 | BE5: 0.22893259
A6: REST | AC6: 0.68831722 | AD6: 0.67067067 | AE6: 0.6538328 | AF6: 0.64648379 | AG6: 0.64065798 | AH6: 0.62487008 | AI6: 0.60195816 | AJ6: 0.59539322 | AK6: 0.59031942 | AL6: 0.58802987 | AM6: 0.57517802 | AN6: 0.55089888 | AO6: 0.53332573 | AP6: 0.52434539 | AQ6: 0.52612532 | AR6: 0.55180992 | AS6: 0.54640205 | AT6: 0.53605608 | AU6: 0.52646023 | AV6: 0.5273656 | AW6: 0.51688412 | AX6: 0.50864968 | AY6: 0.49903179 | AZ6: 0.49212299 | BA6: 0.48485069 | BB6: 0.48327459 | BC6: 0.48615412 | BD6: 0.4770931 | BE6: 0.47972463

Sheet mu_Y_JKL
A1: ANVENDELSE | B1: 1967 | C1: 1968 | D1: 1969 | E1: 1970 | F1: 1971 | G1: 1972 | H1: 1973 | I1: 1974 | J1: 1975 | K1: 1976 | L1: 1977 | M1: 1978 | N1: 1979 | O1: 1980 | P1: 1981 | Q1: 1982 | R1: 1983 | S1: 1984 | T1: 1985 | U1: 1986 | V1: 1987 | W1: 1988 | X1: 1989 | Y1: 1990 | Z1: 1991 | AA1: 1992 | AB1: 1993 | AC1: 1994 | AD1: 1995 | AE1: 1996 | AF1: 1997 | AG1: 1998 | AH1: 1999 | AI1: 2000 | AJ1: 2001 | AK1: 2002 | AL1: 2003 | AM1: 2004 | AN1: 2005 | AO1: 2006 | AP1: 2007 | AQ1: 2008 | AR1: 2009 | AS1: 2010 | AT1: 2011 | AU1: 2012 | AV1: 2013 | AW1: 2014 | AX1: 2015 | AY1: 2016 | AZ1: 2017 | BA1: 2018 | BB1: 2019 | BC1: 2020 | BD1: 2021 | BE1: 2022
A2: 010000 | AC2: 0.57523222 | AD2: 0.55489366 | AE2: 0.53837203 | AF2: 0.50916354 | AG2: 0.4983772 | AH2: 0.4840901 | AI2: 0.46328964 | AJ2: 0.46229121 | AK2: 0.4563842 | AL2: 0.43656898 | AM2: 0.42765243 | AN2: 0.42154062 | AO2: 0.3940001 | AP2: 0.37212381 | AQ2: 0.39564406 | AR2: 0.38719175 | AS2: 0.35984931 | AT2: 0.35911475 | AU2: 0.34346752 | AV2: 0.3424231 | AW2: 0.32598479 | AX2: 0.33064131 | AY2: 0.32582732 | AZ2: 0.30938617 | BA2: 0.30481948 | BB2: 0.29635103 | BC2: 0.28675192 | BD2: 0.28060133 | BE2: 0.27820723
A3: 100010 | AC3: 0.28548777 | AD3: 0.32855422 | AE3: 0.33300848 | AF3: 0.32124659 | AG3: 0.28602369 | AH3: 0.28583053 | AI3: 0.29249827 | AJ3: 0.28914266 | AK3: 0.30145824 | AL3: 0.29200381 | AM3: 0.28445233 | AN3: 0.25968911 | AO3: 0.25531306 | AP3: 0.25407165 | AQ3: 0.25222177 | AR3: 0.24202641 | AS3: 0.23871915 | AT3: 0.22784951 | AU3: 0.2326312 | AV3: 0.22087944 | AW3: 0.21109057 | AX3: 0.19907979 | AY3: 0.19881873 | AZ3: 0.19140646 | BA3: 0.19226926 | BB3: 0.1802756 | BC3: 0.19301107 | BD3: 0.17507779 | BE3: 0.18686968
A4: 100030 | AC4: 0.19306421 | AD4: 0.19083503 | AE4: 0.19560907 | AF4: 0.19042091 | AG4: 0.18952405 | AH4: 0.19242959 | AI4: 0.20006057 | AJ4: 0.19842805 | AK4: 0.21376411 | AL4: 0.20277242 | AM4: 0.20019506 | AN4: 0.18267163 | AO4: 0.16398722 | AP4: 0.16160343 | AQ4: 0.16364222 | AR4: 0.1677361 | AS4: 0.16968193 | AT4: 0.15358476 | AU4: 0.14741207 | AV4: 0.14020985 | AW4: 0.12077393 | AX4: 0.1149975 | AY4: 0.12534431 | AZ4: 0.10956547 | BA4: 0.10203812 | BB4: 0.11159212 | BC4: 0.11962026 | BD4: 0.12182542 | BE4: 0.10245698
A5: 100040x100050 | AC5: 0.36320598 | AD5: 0.34383289 | AE5: 0.35282064 | AF5: 0.35312625 | AG5: 0.34804485 | AH5: 0.34275963 | AI5: 0.34317295 | AJ5: 0.33529287 | AK5: 0.30513818 | AL5: 0.29496593 | AM5: 0.27754913 | AN5: 0.25966245 | AO5: 0.26595964 | AP5: 0.25037663 | AQ5: 0.25539212 | AR5: 0.26871757 | AS5: 0.28204051 | AT5: 0.27454297 | AU5: 0.27457513 | AV5: 0.2649001 | AW5: 0.25809687 | AX5: 0.24883505 | AY5: 0.23855712 | AZ5: 0.24135885 | BA5: 0.23624631 | BB5: 0.23093554 | BC5: 0.22890184 | BD5: 0.23560573 | BE5: 0.22893259
A6: REST | AC6: 0.68831722 | AD6: 0.67067067 | AE6: 0.6538328 | AF6: 0.64648379 | AG6: 0.64065798 | AH6: 0.62487008 | AI6: 0.60195816 | AJ6: 0.59539322 | AK6: 0.59031942 | AL6: 0.58802987 | AM6: 0.57517802 | AN6: 0.55089888 | AO6: 0.53332573 | AP6: 0.52434539 | AQ6: 0.52612532 | AR6: 0.55180992 | AS6: 0.54640205 | AT6: 0.53605608 | AU6: 0.52646023 | AV6: 0.5273656 | AW6: 0.51688412 | AX6: 0.50864968 | AY6: 0.49903179 | AZ6: 0.49212299 | BA6: 0.48485069 | BB6: 0.48327459 | BC6: 0.48615412 | BD6: 0.4770931 | BE6: 0.47972463

Sheet mu_JKL_J
A1: ANVENDELSE | B1: 1966 | C1: 1967 | D1: 1968 | E1: 1969 | F1: 1970 | G1: 1971 | H1: 1972 | I1: 1973 | J1: 1974 | K1: 1975 | L1: 1976 | M1: 1977 | N1: 1978 | O1: 1979 | P1: 1980 | Q1: 1981 | R1: 1982 | S1: 1983 | T1: 1984 | U1: 1985 | V1: 1986 | W1: 1987 | X1: 1988 | Y1: 1989 | Z1: 1990 | AA1: 1991 | AB1: 1992 | AC1: 1993 | AD1: 1994 | AE1: 1995 | AF1: 1996 | AG1: 1997 | AH1: 1998 | AI1: 1999 | AJ1: 2000 | AK1: 2001 | AL1: 2002 | AM1: 2003 | AN1: 2004 | AO1: 2005 | AP1: 2006 | AQ1: 2007 | AR1: 2008 | AS1: 2009 | AT1: 2010 | AU1: 2011 | AV1: 2012 | AW1: 2013 | AX1: 2014 | AY1: 2015 | AZ1: 2016 | BA1: 2017 | BB1: 2018 | BC1: 2019 | BD1: 2020 | BE1: 2021 | BF1: 2022 | BG1: 2023 | BH1: 2024 | BI1: 2025
A2: 010000 | AD2: 5.8745571e-05 | AE2: 5.9118417e-05 | AF2: 6.0827021e-05 | AG2: 6.3468433e-05 | AH2: 6.5084733e-05 | AI2: 6.7020733e-05 | AJ2: 6.6712616e-05 | AK2: 6.7334753e-05 | AL2: 6.7566804e-05 | AM2: 6.9995096e-05 | AN2: 7.0302516e-05 | AO2: 7.276322e-05 | AP2: 7.8495186e-05 | AQ2: 7.995742e-05 | AR2: 8.0054411e-05 | AS2: 8.4903517e-05 | AT2: 8.6041854e-05 | AU2: 8.8519455e-05 | AV2: 9.1084736e-05 | AW2: 9.2256579e-05 | AX2: 9.1832353e-05 | AY2: 9.3073657e-05 | AZ2: 9.3751646e-05 | BA2: 9.4735335e-05 | BB2: 9.7086064e-05 | BC2: 0.00010086896 | BD2: 0.00010146459 | BE2: 9.9822599e-05 | BF2: 0.00010177272

Sheet mu_JKL_KL
A1: ANVENDELSE | B1: 1994 | C1: 1995 | D1: 1996 | E1: 1997 | F1: 1998 | G1: 1999 | H1: 2000 | I1: 2001 | J1: 2002 | K1: 2003 | L1: 2004 | M1: 2005 | N1: 2006 | O1: 2007 | P1: 2008 | Q1: 2009 | R1: 2010 | S1: 2011 | T1: 2012 | U1: 2013 | V1: 2014 | W1: 2015 | X1: 2016 | Y1: 2017 | Z1: 2018 | AA1: 2019 | AB1: 2020 | AC1: 2021 | AD1: 2022
A2: 010000 | B2: 1.3156635 | C2: 1.3152127 | D2: 1.3128742 | E2: 1.3098488 | F2: 1.3083491 | G2: 1.3073091 | H2: 1.3076387 | I2: 1.3066567 | J2: 1.3065078 | K2: 1.3057915 | L2: 1.306043 | M2: 1.3083118 | N2: 1.3230589 | O2: 1.3246467 | P2: 1.3245757 | Q2: 1.3134171 | R2: 1.3129153 | S2: 1.31666 | T2: 1.3209831 | U2: 1.3249961 | V2: 1.3235286 | W2: 1.3276019 | X2: 1.3298214 | Y2: 1.3334186 | Z2: 1.3409742 | AA2: 1.3521469 | AB2: 1.3541686 | AC2: 1.3484372 | AD2: 1.3536799

Sheet mu_KL_K
A1: ANVENDELSE | B1: 1966 | C1: 1967 | D1: 1968 | E1: 1969 | F1: 1970 | G1: 1971 | H1: 1972 | I1: 1973 | J1: 1974 | K1: 1975 | L1: 1976 | M1: 1977 | N1: 1978 | O1: 1979 | P1: 1980 | Q1: 1981 | R1: 1982 | S1: 1983 | T1: 1984 | U1: 1985 | V1: 1986 | W1: 1987 | X1: 1988 | Y1: 1989 | Z1: 1990 | AA1: 1991 | AB1: 1992 | AC1: 1993 | AD1: 1994 | AE1: 1995 | AF1: 1996 | AG1: 1997 | AH1: 1998 | AI1: 1999 | AJ1: 2000 | AK1: 2001 | AL1: 2002 | AM1: 2003 | AN1: 2004 | AO1: 2005 | AP1: 2006 | AQ1: 2007 | AR1: 2008 | AS1: 2009 | AT1: 2010 | AU1: 2011 | AV1: 2012 | AW1: 2013 | AX1: 2014 | AY1: 2015 | AZ1: 2016 | BA1: 2017 | BB1: 2018 | BC1: 2019 | BD1: 2020 | BE1: 2021 | BF1: 2022 | BG1: 2023 | BH1: 2024
A2: 010000 | AD2: 5.0884006 | AE2: 5.1362083 | AF2: 5.2107442 | AG2: 5.3123467 | AH2: 5.3137437 | AI2: 5.4180983 | AJ2: 5.4033811 | AK2: 5.4493754 | AL2: 5.4442998 | AM2: 5.6382548 | AN2: 5.6365652 | AO2: 5.769556 | AP2: 5.9536433 | AQ2: 6.0441352 | AR2: 6.2451312 | AS2: 6.4858463 | AT2: 6.5419819 | AU2: 6.5246656 | AV2: 6.505613 | AW2: 6.4771889 | AX2: 6.4022713 | AY2: 6.2834412 | AZ2: 6.4535087 | BA2: 6.3458615 | BB2: 6.3912857 | BC2: 6.5021733 | BD2: 6.4211043 | BE2: 6.2817448 | BF2: 6.3374095
A3: 100010 | AD3: 1.6046896 | AE3: 1.7034696 | AF3: 1.7712595 | AG3: 1.8274864 | AH3: 1.8298354 | AI3: 1.8745427 | AJ3: 1.9147144 | AK3: 1.950661 | AL3: 1.9973349 | AM3: 2.0360006 | AN3: 2.1494245 | AO3: 2.4447758 | AP3: 2.5371794 | AQ3: 2.572283 | AR3: 2.6062005 | AS3: 2.6815827 | AT3: 2.801538 | AU3: 2.797142 | AV3: 2.7980658 | AW3: 2.9962732 | AX3: 3.1110002 | AY3: 3.2086689 | AZ3: 3.2013873 | BA3: 3.2491123 | BB3: 3.2360679 | BC3: 3.4218974 | BD3: 3.0245061 | BE3: 3.0554291 | BF3: 3.0317368
A4: 100030 | AD4: 1.8043355 | AE4: 1.7592126 | AF4: 1.8193088 | AG4: 1.9118047 | AH4: 1.9382675 | AI4: 1.9625684 | AJ4: 1.8556197 | AK4: 1.8998225 | AL4: 1.8816135 | AM4: 1.9590289 | AN4: 2.0678843 | AO4: 2.1860446 | AP4: 2.3976842 | AQ4: 2.5534153 | AR4: 2.5074198 | AS4: 2.574807 | AT4: 2.633314 | AU4: 2.606622 | AV4: 2.6201 | AW4: 2.9068811 | AX4: 3.2903279 | AY4: 3.5148526 | AZ4: 3.1966204 | BA4: 3.4236743 | BB4: 3.8732192 | BC4: 3.4472604 | BD4: 3.1461361 | BE4: 3.047129 | BF4: 3.3452339
A5: 100040x100050 | AD5: 1.8595785 | AE5: 1.7825483 | AF5: 1.8247142 | AG5: 1.9173138 | AH5: 1.9383861 | AI5: 1.9843485 | AJ5: 1.9666629 | AK5: 2.0178383 | AL5: 2.0492762 | AM5: 2.2173468 | AN5: 2.2854827 | AO5: 2.4449292 | AP5: 2.4471468 | AQ5: 2.5598986 | AR5: 2.5870711 | AS5: 2.9299502 | AT5: 3.0748832 | AU5: 3.1644579 | AV5: 3.2784179 | AW5: 3.2519041 | AX5: 3.3454284 | AY5: 3.2914668 | AZ5: 3.2523146 | BA5: 3.1557758 | BB5: 3.1831217 | BC5: 3.3170536 | BD5: 3.321036 | BE5: 3.3497158 | BF5: 3.3786085
A6: REST | AD6: 3.40658 | AE6: 3.3837285 | AF6: 3.3864233 | AG6: 3.3541142 | AH6: 3.3337861 | AI6: 3.3188425 | AJ6: 3.3133117 | AK6: 3.3190826 | AL6: 3.3561243 | AM6: 3.4014995 | AN6: 3.4348641 | AO6: 3.4327112 | AP6: 3.4023867 | AQ6: 3.4336023 | AR6: 3.4524902 | AS6: 3.5774018 | AT6: 3.6359397 | AU6: 3.6205745 | AV6: 3.6652735 | AW6: 3.6709427 | AX6: 3.6903184 | AY6: 3.6887486 | AZ6: 3.6620382 | BA6: 3.6752903 | BB6: 3.7186348 | BC6: 3.7380484 | BD6: 3.8662513 | BE6: 3.7561241 | BF6: 3.7131597

Sheet mu_KL_L
A1: ANVENDELSE | B1: 1966 | C1: 1967 | D1: 1968 | E1: 1969 | F1: 1970 | G1: 1971 | H1: 1972 | I1: 1973 | J1: 1974 | K1: 1975 | L1: 1976 | M1: 1977 | N1: 1978 | O1: 1979 | P1: 1980 | Q1: 1981 | R1: 1982 | S1: 1983 | T1: 1984 | U1: 1985 | V1: 1986 | W1: 1987 | X1: 1988 | Y1: 1989 | Z1: 1990 | AA1: 1991 | AB1: 1992 | AC1: 1993 | AD1: 1994 | AE1: 1995 | AF1: 1996 | AG1: 1997 | AH1: 1998 | AI1: 1999 | AJ1: 2000 | AK1: 2001 | AL1: 2002 | AM1: 2003 | AN1: 2004 | AO1: 2005 | AP1: 2006 | AQ1: 2007 | AR1: 2008 | AS1: 2009 | AT1: 2010 | AU1: 2011 | AV1: 2012 | AW1: 2013 | AX1: 2014 | AY1: 2015 | AZ1: 2016 | BA1: 2017 | BB1: 2018 | BC1: 2019 | BD1: 2020 | BE1: 2021 | BF1: 2022
A2: 010000 | AD2: 0.0035943204 | AE2: 0.0035542057 | AF2: 0.0034835928 | AG2: 0.0033722709 | AH2: 0.0033710737 | AI2: 0.0032883943 | AJ2: 0.0033033655 | AK2: 0.0032715205 | AL2: 0.0032746385 | AM2: 0.0031550947 | AN2: 0.0031561384 | AO2: 0.0030691394 | AP2: 0.0029922837 | AQ2: 0.0029413023 | AR2: 0.0028546301 | AS2: 0.0027292903 | AT2: 0.0026984745 | AU2: 0.0027076927 | AV2: 0.0027175557 | AW2: 0.0027283673 | AX2: 0.0027590647 | AY2: 0.00280317 | AZ2: 0.0027488899 | BA2: 0.0027770803 | BB2: 0.0027612166 | BC2: 0.002706289 | BD2: 0.0027347738 | BE2: 0.0027809365 | BF2: 0.0027533693
A3: 100010 | AD3: 0.0030640801 | AE3: 0.0029941415 | AF3: 0.0029430407 | AG3: 0.0028978893 | AH3: 0.0028961619 | AI3: 0.0028673067 | AJ3: 0.002844666 | AK3: 0.0028213873 | AL3: 0.0027990444 | AM3: 0.0027799663 | AN3: 0.0027243002 | AO3: 0.0025709283 | AP3: 0.0025355833 | AQ3: 0.0025193608 | AR3: 0.0025087993 | AS3: 0.002479142 | AT3: 0.0024288089 | AU3: 0.0024306694 | AV3: 0.0024302878 | AW3: 0.0023566388 | AX3: 0.0023169401 | AY3: 0.0022900346 | AZ3: 0.002292031 | BA3: 0.0022802956 | BB3: 0.0022841644 | BC3: 0.0022312821 | BD3: 0.0023230139 | BE3: 0.002314937 | BF3: 0.0023207961
A4: 100030 | AD4: 0.0025683517 | AE4: 0.0025961798 | AF4: 0.0025573147 | AG4: 0.0024948616 | AH4: 0.0024792519 | AI4: 0.002466062 | AJ4: 0.0025164625 | AK4: 0.0024923615 | AL4: 0.0025002535 | AM4: 0.0024661859 | AN4: 0.0024202836 | AO4: 0.0023691317 | AP4: 0.0022973062 | AQ4: 0.0022367853 | AR4: 0.0022490595 | AS4: 0.0022251577 | AT4: 0.0022034508 | AU4: 0.002213484 | AV4: 0.002208567 | AW4: 0.0021165957 | AX4: 0.0019924993 | AY4: 0.0019331628 | AZ4: 0.0020153766 | BA4: 0.0019627143 | BB4: 0.0018411667 | BC4: 0.0019536048 | BD4: 0.0020228876 | BE4: 0.0020457187 | BF4: 0.0019788154
A5: 100040x100050 | AD5: 0.0031998021 | AE5: 0.00326072 | AF5: 0.003226033 | AG5: 0.0031461694 | AH5: 0.0031298 | AI5: 0.0030969009 | AJ5: 0.0031082236 | AK5: 0.0030720974 | AL5: 0.0030556114 | AM5: 0.0029642432 | AN5: 0.0029288205 | AO5: 0.0028425171 | AP5: 0.0028416079 | AQ5: 0.0027869866 | AR5: 0.0027780201 | AS5: 0.002633448 | AT5: 0.0025722626 | AU5: 0.0025334362 | AV5: 0.0024863185 | AW5: 0.0024962867 | AX5: 0.0024614424 | AY5: 0.0024776749 | AZ5: 0.0024896973 | BA5: 0.0025179386 | BB5: 0.0025084988 | BC5: 0.0024636248 | BD5: 0.0024624579 | BE5: 0.0024542434 | BF5: 0.0024457543
A6: REST | AD6: 0.0022268524 | AE6: 0.0022405331 | AF6: 0.002238856 | AG6: 0.0022575978 | AH6: 0.0022693695 | AI6: 0.0022774185 | AJ6: 0.002280213 | AK6: 0.0022775283 | AL6: 0.0022628902 | AM6: 0.0022443669 | AN6: 0.0022306905 | AO6: 0.0022315772 | AP6: 0.0022417027 | AQ6: 0.0022303141 | AR6: 0.0022249536 | AS6: 0.0021828131 | AT6: 0.0021597227 | AU6: 0.0021655753 | AV6: 0.0021499877 | AW6: 0.0021482712 | AX6: 0.0021421411 | AY6: 0.0021426268 | AZ6: 0.0021502674 | BA6: 0.0021467794 | BB6: 0.0021347264 | BC6: 0.0021293959 | BD6: 0.0020955587 | BE6: 0.0021244608 | BF6: 0.0021355113

Sheet markup
A1: ANVENDELSE | B1: 1966 | C1: 1967 | D1: 1968 | E1: 1969 | F1: 1970 | G1: 1971 | H1: 1972 | I1: 1973 | J1: 1974 | K1: 1975 | L1: 1976 | M1: 1977 | N1: 1978 | O1: 1979 | P1: 1980 | Q1: 1981 | R1: 1982 | S1: 1983 | T1: 1984 | U1: 1985 | V1: 1986 | W1: 1987 | X1: 1988 | Y1: 1989 | Z1: 1990 | AA1: 1991 | AB1: 1992 | AC1: 1993 | AD1: 1994 | AE1: 1995 | AF1: 1996 | AG1: 1997 | AH1: 1998 | AI1: 1999 | AJ1: 2000 | AK1: 2001 | AL1: 2002 | AM1: 2003 | AN1: 2004 | AO1: 2005 | AP1: 2006 | AQ1: 2007 | AR1: 2008 | AS1: 2009 | AT1: 2010 | AU1: 2011 | AV1: 2012 | AW1: 2013 | AX1: 2014 | AY1: 2015 | AZ1: 2016 | BA1: 2017 | BB1: 2018 | BC1: 2019 | BD1: 2020 | BE1: 2021 | BF1: 2022
A2: 010000 | AD2: -0.11507612 | AE2: -0.092774744 | AF2: -0.12561856 | AG2: -0.072587424 | AH2: -0.14044042 | AI2: -0.224517 | AJ2: -0.069752496 | AK2: 0.027591169 | AL2: -0.10050117 | AM2: -0.093769209 | AN2: -0.095672413 | AO2: -0.097097258 | AP2: -0.14725384 | AQ2: -0.13463893 | AR2: -0.26170526 | AS2: -0.24258597 | AT2: -0.12761477 | AU2: -0.080126013 | AV2: 0.10303761 | AW2: 0.0020678801 | AX2: 0.035284997 | AY2: -0.084415649 | AZ2: -0.043905895 | BA2: 0.020843908 | BB2: -0.10950032 | BC2: 0.041278074 | BD2: 0.074322927 | BE2: -0.055838541 | BF2: -0.0096706166
A3: 100010 | AD3: -0.0069643593 | AE3: -0.033983402 | AF3: -0.028104831 | AG3: -0.017578924 | AH3: -0.023037808 | AI3: -0.023880752 | AJ3: -0.02878675 | AK3: -0.00052735257 | AL3: -0.015079191 | AM3: -0.0023722753 | AN3: -0.017106469 | AO3: -0.018327452 | AP3: -0.021801382 | AQ3: -0.021017996 | AR3: -0.036927327 | AS3: -0.034142062 | AT3: -0.051281401 | AU3: -0.068862918 | AV3: -0.058692678 | AW3: -0.059911305 | AX3: -0.05860048 | AY3: -0.043959321 | AZ3: -0.051408731 | BA3: -0.069081217 | BB3: -0.053645325 | BC3: -0.033735987 | BD3: -0.020525677 | BE3: -0.05192041 | BF3: -0.05261822
A4: 100030 | AD4: -0.0053362192 | AE4: 0.0083061177 | AF4: -0.0094972158 | AG4: -0.0069898323 | AH4: -0.020228638 | AI4: -0.010108741 | AJ4: 0.035044969 | AK4: 0.02981532 | AL4: 0.027215813 | AM4: 0.016737454 | AN4: 0.011684536 | AO4: 0.015422339 | AP4: -0.019507039 | AQ4: 0.0014328352 | AR4: -0.0016359634 | AS4: -0.014333743 | AT4: -0.0091387199 | AU4: -0.018247475 | AV4: 0.003141347 | AW4: -0.028412511 | AX4: 0.031552495 | AY4: 0.12592778 | AZ4: 0.081266242 | BA4: 0.041993349 | BB4: 0.034233864 | BC4: 0.063240239 | BD4: -0.0030392637 | BE4: 1.0394265e-05 | BF4: 0.024832896
A5: 100040x100050 | AD5: 0.06260762 | AE5: 0.033076271 | AF5: 0.017567327 | AG5: 0.031068659 | AH5: 0.019148936 | AI5: 0.036096075 | AJ5: 0.021378373 | AK5: 0.053537532 | AL5: 0.068424169 | AM5: 0.017471105 | AN5: 0.025772073 | AO5: 0.044109479 | AP5: -0.0085860414 | AQ5: 0.012529067 | AR5: -0.0028860451 | AS5: -0.0073084376 | AT5: -0.012953334 | AU5: 0.0066147811 | AV5: -0.015128632 | AW5: 0.044812401 | AX5: 0.042798829 | AY5: 0.0038308472 | AZ5: 0.061166627 | BA5: 0.023252838 | BB5: 0.013743913 | BC5: 0.033203855 | BD5: 0.019635742 | BE5: 0.023696078 | BF5: 0.022254468
A6: REST | AD6: -0.091140388 | AE6: -0.099977376 | AF6: -0.08558997 | AG6: -0.07463059 | AH6: -0.066581673 | AI6: -0.048063078 | AJ6: 0.0010566233 | AK6: 0.027700609 | AL6: 0.0088719698 | AM6: 0.00017350281 | AN6: 0.0068815581 | AO6: 0.057526006 | AP6: 0.051534372 | AQ6: 0.087221568 | AR6: 0.05548417 | AS6: -0.019546772 | AT6: 0.0066311049 | AU6: 0.034797834 | AV6: 0.067532141 | AW6: 0.060878752 | AX6: 0.060916974 | AY6: 0.073168152 | AZ6: 0.088528073 | BA6: 0.086345772 | BB6: 0.086351734 | BC6: 0.092774304 | BD6: 0.085473705 | BE6: 0.12326009 | BF6: 0.21149319

Sheet tau_Y
A1: ANVENDELSE | B1: 1966 | C1: 1967 | D1: 1968 | E1: 1969 | F1: 1970 | G1: 1971 | H1: 1972 | I1: 1973 | J1: 1974 | K1: 1975 | L1: 1976 | M1: 1977 | N1: 1978 | O1: 1979 | P1: 1980 | Q1: 1981 | R1: 1982 | S1: 1983 | T1: 1984 | U1: 1985 | V1: 1986 | W1: 1987 | X1: 1988 | Y1: 1989 | Z1: 1990 | AA1: 1991 | AB1: 1992 | AC1: 1993 | AD1: 1994 | AE1: 1995 | AF1: 1996 | AG1: 1997 | AH1: 1998 | AI1: 1999 | AJ1: 2000 | AK1: 2001 | AL1: 2002 | AM1: 2003 | AN1: 2004 | AO1: 2005 | AP1: 2006 | AQ1: 2007 | AR1: 2008 | AS1: 2009 | AT1: 2010 | AU1: 2011 | AV1: 2012 | AW1: 2013 | AX1: 2014 | AY1: 2015 | AZ1: 2016 | BA1: 2017 | BB1: 2018 | BC1: 2019 | BD1: 2020 | BE1: 2021 | BF1: 2022
A2: 010000 | B2: 0.0098366098 | C2: 0.011010736 | D2: 0.011489784 | E2: 0.010678426 | F2: 0.013474516 | G2: 0.014081492 | H2: 0.01214688 | I2: 0.010075704 | J2: 0.0075624167 | K2: 0.010718664 | L2: 0.0071171765 | M2: 0.0067690496 | N2: 0.0043174857 | O2: 0.0017784731 | P2: -0.00085908139 | Q2: -0.006465579 | R2: -0.0074468399 | S2: -0.011902928 | T2: -0.0091064575 | U2: -0.0088610174 | V2: -0.0076712889 | W2: -0.004493121 | X2: -0.01141193 | Y2: -0.010091937 | Z2: -0.0097470633 | AA2: -0.0097604473 | AB2: -0.014347183 | AC2: -0.011941627 | AD2: -0.021828713 | AE2: -0.017724658 | AF2: -0.020695482 | AG2: -0.016487848 | AH2: -0.013527877 | AI2: -0.017370551 | AJ2: -0.016116938 | AK2: -0.016177157 | AL2: -0.019762848 | AM2: -0.028514772 | AN2: -0.027201369 | AO2: 0.0033833808 | AP2: -0.00841816 | AQ2: -0.006477035 | AR2: 0.0032541545 | AS2: -0.01819386 | AT2: -0.0058126418 | AU2: -0.0086100224 | AV2: -0.0017678809 | AW2: -0.0065131437 | AX2: -0.0092923294 | AY2: -0.016545196 | AZ2: -0.010091902 | BA2: -0.009442515 | BB2: -0.015874047 | BC2: -0.013309204 | BD2: -0.02030646 | BE2: -0.024033456 | BF2: -0.01617802
A3: 100010 | B3: 0.00019076085 | C3: 0.00026295697 | D3: 0.00034103191 | E3: 0.00028694655 | F3: 0.00034960675 | G3: 0.00040405384 | H3: 0.00035079847 | I3: 0.00026772439 | J3: -0.0016789872 | K3: -5.6747116e-05 | L3: -0.00078095947 | M3: -0.00050500799 | N3: -0.00017315457 | O3: -0.00050127792 | P3: -0.00076509019 | Q3: -0.00095666563 | R3: -0.0011635251 | S3: -0.0018937179 | T3: -0.0018525166 | U3: -0.0013272955 | V3: -0.0013989606 | W3: -0.00091277247 | X3: -0.002849751 | Y3: -0.0042260205 | Z3: -0.0038189365 | AA3: -0.0027253932 | AB3: -0.0068887102 | AC3: -0.0039179092 | AD3: -0.0037822379 | AE3: -0.0024028831 | AF3: -0.0032025573 | AG3: -0.0025231311 | AH3: -0.00079363975 | AI3: 8.9575201e-05 | AJ3: 0.00026137951 | AK3: 0.00056521703 | AL3: 0.00021812461 | AM3: 0.00046180835 | AN3: 0.00044865597 | AO3: 0.00039324259 | AP3: 0.00063448753 | AQ3: 0.00076700941 | AR3: 0.00067144001 | AS3: -0.00034027143 | AT3: 0.00063579681 | AU3: 0.0010373744 | AV3: 0.0010254778 | AW3: 0.0011974023 | AX3: 0.0014808968 | AY3: 0.0018780321 | AZ3: 0.0023218534 | BA3: 0.0022188829 | BB3: 0.0025207907 | BC3: 0.0024196631 | BD3: 0.00098330379 | BE3: 0.002095602 | BF3: 0.0022511871
A4: 100030 | B4: 0.0004982498 | C4: 0.00058541285 | D4: 0.00068496031 | E4: 0.0006354572 | F4: 0.00080301212 | G4: 0.0008542126 | H4: 0.0007523003 | I4: 0.00065687632 | J4: -0.0014301893 | K4: 0.00035752 | L4: -0.00048876915 | M4: -0.0030026625 | N4: -0.0042936803 | O4: -0.0080899996 | P4: -0.01154598 | Q4: -0.0089785216 | R4: -0.0075140493 | S4: -0.0080253773 | T4: -0.0053044598 | U4: -0.0033050876 | V4: -0.0014091143 | W4: -0.00064554914 | X4: -0.0088012337 | Y4: -0.0096089931 | Z4: -0.0082148178 | AA4: -0.0071017502 | AB4: -0.01857609 | AC4: -0.01208536 | AD4: -0.012955533 | AE4: -0.0086666672 | AF4: -0.0094365389 | AG4: -0.005928132 | AH4: -0.0047965546 | AI4: -0.0039385899 | AJ4: -0.0027375024 | AK4: -0.0025174589 | AL4: -0.0019296527 | AM4: -0.0039968359 | AN4: -0.002994573 | AO4: 0.00055977863 | AP4: 0.00073782882 | AQ4: 0.00082416853 | AR4: 0.00094758047 | AS4: -0.00010711548 | AT4: 0.00089068214 | AU4: 0.0012827737 | AV4: 0.0014582539 | AW4: 0.0014987943 | AX4: 0.0018521837 | AY4: 0.0023626351 | AZ4: 0.0026940751 | BA4: 0.0025096909 | BB4: 0.0027366646 | BC4: 0.0026607542 | BD4: 0.0017564148 | BE4: 0.0022302611 | BF4: 0.0019446765
A5: 100040x100050 | B5: 0.00038675207 | C5: 0.00048649337 | D5: 0.00061666282 | E5: 0.00051442487 | F5: 0.00062291115 | G5: 0.00067095777 | H5: 0.00068700813 | I5: 0.00092144715 | J5: -0.0030396148 | K5: 0.0010315936 | L5: -0.00065135485 | M5: 0.00049432214 | N5: 0.00063791779 | O5: 0.00034408942 | P5: 6.8259523e-05 | Q5: 7.8268629e-05 | R5: -0.00052348911 | S5: -0.0016098466 | T5: -0.0012177107 | U5: -0.00071644951 | V5: -0.00043968167 | W5: 0.00037533676 | X5: -0.0037386575 | Y5: -0.0043766173 | Z5: -0.0042918396 | AA5: -0.0031486866 | AB5: -0.0092348745 | AC5: -0.0031728541 | AD5: -0.0071756422 | AE5: -0.0043740682 | AF5: -0.004574717 | AG5: -0.0040851275 | AH5: -0.002815314 | AI5: -0.0020916614 | AJ5: -0.0023183067 | AK5: -0.0019154361 | AL5: -0.00022089084 | AM5: -0.00090844745 | AN5: -0.0021850308 | AO5: -0.0027778942 | AP5: -0.00035748604 | AQ5: 0.0084671829 | AR5: 0.010270583 | AS5: 0.0072939339 | AT5: -9.8769801e-05 | AU5: 0.0004780463 | AV5: 0.00087966479 | AW5: 0.00090352624 | AX5: 0.0015848193 | AY5: 0.0020315627 | AZ5: 0.0025749122 | BA5: 0.0025938693 | BB5: 0.0027366397 | BC5: 0.0030919882 | BD5: -0.00095101698 | BE5: 0.0015246548 | BF5: 0.0027378965
A6: REST | B6: 0.0089953088 | C6: 0.0090094839 | D6: 0.0088210605 | E6: 0.0079126465 | F6: 0.0092739762 | G6: 0.0098225085 | H6: 0.0086328043 | I6: 0.0081952869 | J6: 0.002864347 | K6: 0.0078449621 | L6: 0.0047980414 | M6: 0.0055460926 | N6: 0.0067269162 | O6: 0.006272451 | P6: 0.0057502039 | Q6: 0.0043309247 | R6: 0.0022372694 | S6: 0.00027921024 | T6: 0.00033168089 | U6: 0.00093200789 | V6: 0.0018799113 | W6: 0.0041504391 | X6: 0.0013652138 | Y6: -0.00019666651 | Z6: -0.0010008392 | AA6: -0.00021774377 | AB6: -0.0032068965 | AC6: 0.00089421033 | AD6: 0.00094363599 | AE6: 0.00022202793 | AF6: -0.00051223512 | AG6: 0.0009387189 | AH6: 0.0022181917 | AI6: 0.0024209832 | AJ6: 0.0027849932 | AK6: 0.0036018081 | AL6: 0.0029824436 | AM6: 0.0035063601 | AN6: 0.0035305545 | AO6: 0.0035819595 | AP6: 0.0034827841 | AQ6: 0.0032842075 | AR6: 0.0037265246 | AS6: 0.0032227784 | AT6: 0.0036761441 | AU6: 0.0037374558 | AV6: 0.0038534627 | AW6: 0.0055373131 | AX6: 0.0065919389 | AY6: 0.0071109282 | AZ6: 0.0074464012 | BA6: 0.0072634516 | BB6: 0.0071536493 | BC6: 0.0079151119 | BD6: -0.0016016672 | BE6: 0.0013874255 | BF6: 0.0065467062

Sheet theta_Y_Mtot
A1: ANVENDELSE | B1: 1967 | C1: 1968 | D1: 1969 | E1: 1970 | F1: 1971 | G1: 1972 | H1: 1973 | I1: 1974 | J1: 1975 | K1: 1976 | L1: 1977 | M1: 1978 | N1: 1979 | O1: 1980 | P1: 1981 | Q1: 1982 | R1: 1983 | S1: 1984 | T1: 1985 | U1: 1986 | V1: 1987 | W1: 1988 | X1: 1989 | Y1: 1990 | Z1: 1991 | AA1: 1992 | AB1: 1993 | AC1: 1994 | AD1: 1995 | AE1: 1996 | AF1: 1997 | AG1: 1998 | AH1: 1999 | AI1: 2000 | AJ1: 2001 | AK1: 2002 | AL1: 2003 | AM1: 2004 | AN1: 2005 | AO1: 2006 | AP1: 2007 | AQ1: 2008 | AR1: 2009 | AS1: 2010 | AT1: 2011 | AU1: 2012 | AV1: 2013 | AW1: 2014 | AX1: 2015 | AY1: 2016 | AZ1: 2017 | BA1: 2018 | BB1: 2019 | BC1: 2020 | BD1: 2021 | BE1: 2022
A2: 010000 | B2: 1.1328016 | C2: 1.1408708 | D2: 1.1721415 | E2: 1.0406709 | F2: 1.1111603 | G2: 1.1291868 | H2: 1.0576618 | I2: 1.1766078 | J2: 1.1013932 | K2: 1.0070496 | L2: 1.0851151 | M2: 1.0618237 | N2: 1.0341775 | O2: 1.0570915 | P2: 1.1031214 | Q2: 1.1330674 | R2: 1.0854179 | S2: 1.1948098 | T2: 1.1706309 | U2: 1.202527 | V2: 1.1142589 | W2: 1.1699621 | X2: 1.2599522 | Y2: 1.2866909 | Z2: 1.3014488 | AA2: 1.2467291 | AB2: 1.3053228 | AC2: 1.3419697 | AD2: 1.392063 | AE2: 1.4255936 | AF2: 1.4151202 | AG2: 1.4002683 | AH2: 1.3790554 | AI2: 1.4497536 | AJ2: 1.4837011 | AK2: 1.4418439 | AL2: 1.4846139 | AM2: 1.4948401 | AN2: 1.4843396 | AO2: 1.498163 | AP2: 1.563961 | AQ2: 1.4260477 | AR2: 1.4088696 | AS2: 1.5132081 | AT2: 1.4609968 | AU2: 1.5182184 | AV2: 1.4742784 | AW2: 1.5682466 | AX2: 1.4721586 | AY2: 1.422987 | AZ2: 1.4778165 | BA2: 1.4679547 | BB2: 1.5208217 | BC2: 1.5074764 | BD2: 1.5412456 | BE2: 1.5001818
A3: 100010 | B3: 0.88122634 | C3: 0.91039173 | D3: 0.89387699 | E3: 0.90519695 | F3: 0.90236603 | G3: 0.92164903 | H3: 0.90731756 | I3: 0.92940391 | J3: 0.91167057 | K3: 0.90714382 | L3: 0.9600257 | M3: 0.95788498 | N3: 1.0039141 | O3: 1.0125017 | P3: 1.0226581 | Q3: 0.99157848 | R3: 0.94689875 | S3: 0.94498181 | T3: 0.97267688 | U3: 0.99008753 | V3: 0.99182377 | W3: 1.0189703 | X3: 1.0071071 | Y3: 1.0135664 | Z3: 0.98760528 | AA3: 1.0103276 | AB3: 1.0530163 | AC3: 1.0427888 | AD3: 1.0602146 | AE3: 1.0568549 | AF3: 1.0560766 | AG3: 1.0869233 | AH3: 1.1292248 | AI3: 1.074587 | AJ3: 1.1219318 | AK3: 1.0407293 | AL3: 1.0608876 | AM3: 1.0952772 | AN3: 1.0606022 | AO3: 1.0749819 | AP3: 1.0259813 | AQ3: 1.0384686 | AR3: 1.0462192 | AS3: 1.0532707 | AT3: 1.0643273 | AU3: 1.119414 | AV3: 1.0885912 | AW3: 1.0736902 | AX3: 1.0859304 | AY3: 1.107464 | AZ3: 1.1107306 | BA3: 1.0864271 | BB3: 1.1558542 | BC3: 1.2092749 | BD3: 1.1629892 | BE3: 1.1250149
A4: 100030 | B4: 1.2027908 | C4: 1.2062992 | D4: 1.2008514 | E4: 1.198042 | F4: 1.1642863 | G4: 1.1571538 | H4: 1.2695781 | I4: 1.2861284 | J4: 1.2517901 | K4: 1.2350614 | L4: 1.2505664 | M4: 1.2704613 | N4: 1.3120346 | O4: 1.297291 | P4: 1.2982558 | Q4: 1.3054595 | R4: 1.3016585 | S4: 1.2775524 | T4: 1.2720604 | U4: 1.2413115 | V4: 1.2283589 | W4: 1.2985064 | X4: 1.3081278 | Y4: 1.2756244 | Z4: 1.2792644 | AA4: 1.2558887 | AB4: 1.2074466 | AC4: 1.2408309 | AD4: 1.2781154 | AE4: 1.2948529 | AF4: 1.3186231 | AG4: 1.2764506 | AH4: 1.2634312 | AI4: 1.3329758 | AJ4: 1.2989374 | AK4: 1.3109627 | AL4: 1.2764798 | AM4: 1.2487884 | AN4: 1.2230801 | AO4: 1.1945005 | AP4: 1.2170475 | AQ4: 1.2383087 | AR4: 1.1772605 | AS4: 1.2444524 | AT4: 1.241505 | AU4: 1.2381372 | AV4: 1.2380008 | AW4: 1.2642911 | AX4: 1.217359 | AY4: 1.164956 | AZ4: 1.2427953 | BA4: 1.1854626 | BB4: 1.1996746 | BC4: 1.1342117 | BD4: 1.214706 | BE4: 1.3245215
A5: 100040x100050 | B5: 1.9092237 | C5: 1.8012652 | D5: 1.8151621 | E5: 1.7483778 | F5: 1.6807759 | G5: 1.702218 | H5: 1.6782099 | I5: 1.639257 | J5: 1.6534623 | K5: 1.6170567 | L5: 1.6141716 | M5: 1.5517023 | N5: 1.4150088 | O5: 1.3770594 | P5: 1.3703779 | Q5: 1.4727726 | R5: 1.6782043 | S5: 1.6221465 | T5: 1.5310731 | U5: 1.495832 | V5: 1.4309906 | W5: 1.4498849 | X5: 1.491549 | Y5: 1.4626951 | Z5: 1.4765164 | AA5: 1.4175329 | AB5: 1.3583163 | AC5: 1.3780518 | AD5: 1.3174822 | AE5: 1.3091677 | AF5: 1.3422577 | AG5: 1.3342601 | AH5: 1.3326346 | AI5: 1.3493577 | AJ5: 1.3659952 | AK5: 1.2842656 | AL5: 1.2015373 | AM5: 1.224237 | AN5: 1.2664267 | AO5: 1.2365913 | AP5: 1.2644132 | AQ5: 1.2754279 | AR5: 1.3157936 | AS5: 1.3351609 | AT5: 1.3330412 | AU5: 1.3059433 | AV5: 1.3509051 | AW5: 1.3298553 | AX5: 1.2572363 | AY5: 1.3243354 | AZ5: 1.3178701 | BA5: 1.3417181 | BB5: 1.3600791 | BC5: 1.3284197 | BD5: 1.4144773 | BE5: 1.4206189
A6: REST | B6: 2.5887887 | C6: 2.6252169 | D6: 2.5858881 | E6: 2.5467488 | F6: 2.5885096 | G6: 2.5666184 | H6: 2.548902 | I6: 2.5645074 | J6: 2.5962613 | K6: 2.5702118 | L6: 2.5672705 | M6: 2.563212 | N6: 2.5748789 | O6: 2.589257 | P6: 2.6384353 | Q6: 2.7040824 | R6: 2.6991434 | S6: 2.6008405 | T6: 2.57171 | U6: 2.5122564 | V6: 2.5120988 | W6: 2.5228017 | X6: 2.5430424 | Y6: 2.5547767 | Z6: 2.5774794 | AA6: 2.5857689 | AB6: 2.5798436 | AC6: 2.5636339 | AD6: 2.5263382 | AE6: 2.5104358 | AF6: 2.51753 | AG6: 2.5006375 | AH6: 2.4600931 | AI6: 2.4695011 | AJ6: 2.4234767 | AK6: 2.4102986 | AL6: 2.44134 | AM6: 2.4344493 | AN6: 2.3467202 | AO6: 2.318248 | AP6: 2.2913257 | AQ6: 2.2871648 | AR6: 2.3493181 | AS6: 2.3782919 | AT6: 2.3809061 | AU6: 2.3552221 | AV6: 2.3749183 | AW6: 2.3495954 | AX6: 2.3259459 | AY6: 2.318768 | AZ6: 2.3243702 | BA6: 2.3218994 | BB6: 2.3156331 | BC6: 2.290528 | BD6: 2.2903331 | BE6: 2.2361502

Sheet theta_Y_KL
A1: ANVENDELSE | B1: 1967 | C1: 1968 | D1: 1969 | E1: 1970 | F1: 1971 | G1: 1972 | H1: 1973 | I1: 1974 | J1: 1975 | K1: 1976 | L1: 1977 | M1: 1978 | N1: 1979 | O1: 1980 | P1: 1981 | Q1: 1982 | R1: 1983 | S1: 1984 | T1: 1985 | U1: 1986 | V1: 1987 | W1: 1988 | X1: 1989 | Y1: 1990 | Z1: 1991 | AA1: 1992 | AB1: 1993 | AC1: 1994 | AD1: 1995 | AE1: 1996 | AF1: 1997 | AG1: 1998 | AH1: 1999 | AI1: 2000 | AJ1: 2001 | AK1: 2002 | AL1: 2003 | AM1: 2004 | AN1: 2005 | AO1: 2006 | AP1: 2007 | AQ1: 2008 | AR1: 2009 | AS1: 2010 | AT1: 2011 | AU1: 2012 | AV1: 2013 | AW1: 2014 | AX1: 2015 | AY1: 2016 | AZ1: 2017 | BA1: 2018 | BB1: 2019 | BC1: 2020 | BD1: 2021 | BE1: 2022
A2: 010000 | AC2: 1.3213321 | AD2: 1.3702325 | AE2: 1.4147978 | AF2: 1.4994139 | AG2: 1.5336215 | AH2: 1.5801398 | AI2: 1.6506677 | AJ2: 1.6554759 | AK2: 1.6770939 | AL2: 1.7541765 | AM2: 1.7904062 | AN2: 1.8132151 | AO2: 1.9183351 | AP2: 2.028675 | AQ2: 1.9081766 | AR2: 1.9663972 | AS2: 2.1166187 | AT2: 2.114916 | AU2: 2.2040277 | AV2: 2.2040545 | AW2: 2.3177647 | AX2: 2.2781117 | AY2: 2.3079118 | AZ2: 2.4239999 | BA2: 2.4464529 | BB2: 2.4955696 | BC2: 2.575259 | BD2: 2.6428929 | BE2: 2.6553123
A3: 100010 | AC3: 3.5027771 | AD3: 3.0436376 | AE3: 3.0029266 | AF3: 3.1128735 | AG3: 3.4962139 | AH3: 3.4985766 | AI3: 3.4188237 | AJ3: 3.4585004 | AK3: 3.317209 | AL3: 3.4246128 | AM3: 3.5155276 | AN3: 3.8507584 | AO3: 3.9167601 | AP3: 3.9358975 | AQ3: 3.9647648 | AR3: 4.1317804 | AS3: 4.189023 | AT3: 4.3888618 | AU3: 4.2986496 | AV3: 4.5273566 | AW3: 4.7373031 | AX3: 5.0231115 | AY3: 5.0297071 | AZ3: 5.2244841 | BA3: 5.2010395 | BB3: 5.5470623 | BC3: 5.1810499 | BD3: 5.7117467 | BE3: 5.3513229
A4: 100030 | AC4: 5.1796239 | AD4: 5.2401282 | AE4: 5.1122373 | AF4: 5.2515241 | AG4: 5.2763753 | AH4: 5.1967059 | AI4: 4.9984862 | AJ4: 5.0396102 | AK4: 4.6780537 | AL4: 4.931637 | AM4: 4.9951283 | AN4: 5.4743039 | AO4: 6.0980361 | AP4: 6.1879874 | AQ4: 6.1108926 | AR4: 5.9617457 | AS4: 5.8933794 | AT4: 6.5110627 | AU4: 6.7837049 | AV4: 7.1321666 | AW4: 8.2799325 | AX4: 8.6958412 | AY4: 7.9780247 | AZ4: 9.126963 | BA4: 9.8002591 | BB4: 8.9612058 | BC4: 8.3597879 | BD4: 8.2084674 | BE4: 9.7601935
A5: 100040x100050 | AC5: 2.7532587 | AD5: 2.9083896 | AE5: 2.8343013 | AF5: 2.8318484 | AG5: 2.873193 | AH5: 2.9174965 | AI5: 2.9139826 | AJ5: 2.9824672 | AK5: 3.2772038 | AL5: 3.3902221 | AM5: 3.6029657 | AN5: 3.8511537 | AO5: 3.7599689 | AP5: 3.993983 | AQ5: 3.9155476 | AR5: 3.7213792 | AS5: 3.5455899 | AT5: 3.642417 | AU5: 3.6419905 | AV5: 3.775008 | AW5: 3.8745143 | AX5: 4.0187265 | AY5: 4.1918681 | AZ5: 4.1432083 | BA5: 4.2328703 | BB5: 4.3302126 | BC5: 4.3686849 | BD5: 4.244379 | BE5: 4.368098
A6: REST | AC6: 1.4528185 | AD6: 1.4910448 | AE6: 1.529443 | AF6: 1.5468292 | AG6: 1.5608952 | AH6: 1.6003327 | AI6: 1.661245 | AJ6: 1.6795623 | AK6: 1.6939982 | AL6: 1.7005939 | AM6: 1.7385922 | AN6: 1.8152152 | AO6: 1.8750267 | AP6: 1.9071399 | AQ6: 1.9006878 | AR6: 1.8122182 | AS6: 1.8301542 | AT6: 1.8654765 | AU6: 1.8994787 | AV6: 1.8962177 | AW6: 1.9346696 | AX6: 1.9659896 | AY6: 2.0038804 | AZ6: 2.0320124 | BA6: 2.0624906 | BB6: 2.069217 | BC6: 2.0569609 | BD6: 2.0960269 | BE6: 2.0845292

Sheet theta_Y_JKL
A1: ANVENDELSE | B1: 1967 | C1: 1968 | D1: 1969 | E1: 1970 | F1: 1971 | G1: 1972 | H1: 1973 | I1: 1974 | J1: 1975 | K1: 1976 | L1: 1977 | M1: 1978 | N1: 1979 | O1: 1980 | P1: 1981 | Q1: 1982 | R1: 1983 | S1: 1984 | T1: 1985 | U1: 1986 | V1: 1987 | W1: 1988 | X1: 1989 | Y1: 1990 | Z1: 1991 | AA1: 1992 | AB1: 1993 | AC1: 1994 | AD1: 1995 | AE1: 1996 | AF1: 1997 | AG1: 1998 | AH1: 1999 | AI1: 2000 | AJ1: 2001 | AK1: 2002 | AL1: 2003 | AM1: 2004 | AN1: 2005 | AO1: 2006 | AP1: 2007 | AQ1: 2008 | AR1: 2009 | AS1: 2010 | AT1: 2011 | AU1: 2012 | AV1: 2013 | AW1: 2014 | AX1: 2015 | AY1: 2016 | AZ1: 2017 | BA1: 2018 | BB1: 2019 | BC1: 2020 | BD1: 2021 | BE1: 2022
A2: 010000 | AC2: 1.7384283 | AD2: 1.8021471 | AE2: 1.8574516 | AF2: 1.9640055 | AG2: 2.0065123 | AH2: 2.0657312 | AI2: 2.1584769 | AJ2: 2.1631387 | AK2: 2.1911363 | AL2: 2.2905888 | AM2: 2.3383475 | AN2: 2.3722506 | AO2: 2.5380704 | AP2: 2.6872777 | AQ2: 2.5275243 | AR2: 2.5826996 | AS2: 2.778941 | AT2: 2.7846252 | AU2: 2.9114834 | AV2: 2.9203637 | AW2: 3.0676277 | AX2: 3.0244255 | AY2: 3.0691104 | AZ2: 3.2322065 | BA2: 3.2806302 | BB2: 3.3743767 | BC2: 3.487335 | BD2: 3.563775 | BE2: 3.5944429
A3: 100010 | AC3: 3.5027771 | AD3: 3.0436376 | AE3: 3.0029266 | AF3: 3.1128735 | AG3: 3.4962139 | AH3: 3.4985766 | AI3: 3.4188237 | AJ3: 3.4585004 | AK3: 3.317209 | AL3: 3.4246128 | AM3: 3.5155276 | AN3: 3.8507584 | AO3: 3.9167601 | AP3: 3.9358975 | AQ3: 3.9647648 | AR3: 4.1317804 | AS3: 4.189023 | AT3: 4.3888618 | AU3: 4.2986496 | AV3: 4.5273566 | AW3: 4.7373031 | AX3: 5.0231115 | AY3: 5.0297071 | AZ3: 5.2244841 | BA3: 5.2010395 | BB3: 5.5470623 | BC3: 5.1810499 | BD3: 5.7117467 | BE3: 5.3513229
A4: 100030 | AC4: 5.1796239 | AD4: 5.2401282 | AE4: 5.1122373 | AF4: 5.2515241 | AG4: 5.2763753 | AH4: 5.1967059 | AI4: 4.9984862 | AJ4: 5.0396102 | AK4: 4.6780537 | AL4: 4.931637 | AM4: 4.9951283 | AN4: 5.4743039 | AO4: 6.0980361 | AP4: 6.1879874 | AQ4: 6.1108926 | AR4: 5.9617457 | AS4: 5.8933794 | AT4: 6.5110627 | AU4: 6.7837049 | AV4: 7.1321666 | AW4: 8.2799325 | AX4: 8.6958412 | AY4: 7.9780247 | AZ4: 9.126963 | BA4: 9.8002591 | BB4: 8.9612058 | BC4: 8.3597879 | BD4: 8.2084674 | BE4: 9.7601935
A5: 100040x100050 | AC5: 2.7532587 | AD5: 2.9083896 | AE5: 2.8343013 | AF5: 2.8318484 | AG5: 2.873193 | AH5: 2.9174965 | AI5: 2.9139826 | AJ5: 2.9824672 | AK5: 3.2772038 | AL5: 3.3902221 | AM5: 3.6029657 | AN5: 3.8511537 | AO5: 3.7599689 | AP5: 3.993983 | AQ5: 3.9155476 | AR5: 3.7213792 | AS5: 3.5455899 | AT5: 3.642417 | AU5: 3.6419905 | AV5: 3.775008 | AW5: 3.8745143 | AX5: 4.0187265 | AY5: 4.1918681 | AZ5: 4.1432083 | BA5: 4.2328703 | BB5: 4.3302126 | BC5: 4.3686849 | BD5: 4.244379 | BE5: 4.368098
A6: REST | AC6: 1.4528185 | AD6: 1.4910448 | AE6: 1.529443 | AF6: 1.5468292 | AG6: 1.5608952 | AH6: 1.6003327 | AI6: 1.661245 | AJ6: 1.6795623 | AK6: 1.6939982 | AL6: 1.7005939 | AM6: 1.7385922 | AN6: 1.8152152 | AO6: 1.8750267 | AP6: 1.9071399 | AQ6: 1.9006878 | AR6: 1.8122182 | AS6: 1.8301542 | AT6: 1.8654765 | AU6: 1.8994787 | AV6: 1.8962177 | AW6: 1.9346696 | AX6: 1.9659896 | AY6: 2.0038804 | AZ6: 2.0320124 | BA6: 2.0624906 | BB6: 2.069217 | BC6: 2.0569609 | BD6: 2.0960269 | BE6: 2.0845292

Sheet theta_KL_K
A1: ANVENDELSE | B1: 1966 | C1: 1967 | D1: 1968 | E1: 1969 | F1: 1970 | G1: 1971 | H1: 1972 | I1: 1973 | J1: 1974 | K1: 1975 | L1: 1976 | M1: 1977 | N1: 1978 | O1: 1979 | P1: 1980 | Q1: 1981 | R1: 1982 | S1: 1983 | T1: 1984 | U1: 1985 | V1: 1986 | W1: 1987 | X1: 1988 | Y1: 1989 | Z1: 1990 | AA1: 1991 | AB1: 1992 | AC1: 1993 | AD1: 1994 | AE1: 1995 | AF1: 1996 | AG1: 1997 | AH1: 1998 | AI1: 1999 | AJ1: 2000 | AK1: 2001 | AL1: 2002 | AM1: 2003 | AN1: 2004 | AO1: 2005 | AP1: 2006 | AQ1: 2007 | AR1: 2008 | AS1: 2009 | AT1: 2010 | AU1: 2011 | AV1: 2012 | AW1: 2013 | AX1: 2014 | AY1: 2015 | AZ1: 2016 | BA1: 2017 | BB1: 2018 | BC1: 2019 | BD1: 2020 | BE1: 2021 | BF1: 2022 | BG1: 2023 | BH1: 2024
A2: 010000 | AD2: 0.19652541 | AE2: 0.19469615 | AF2: 0.19191117 | AG2: 0.18824073 | AH2: 0.18819124 | AI2: 0.1845666 | AJ2: 0.18506931 | AK2: 0.18350727 | AL2: 0.18367835 | AM2: 0.17735985 | AN2: 0.17741301 | AO2: 0.17332356 | AP2: 0.16796438 | AQ2: 0.16544964 | AR2: 0.16012474 | AS2: 0.15418188 | AT2: 0.15285888 | AU2: 0.15326456 | AV2: 0.15371342 | AW2: 0.15438796 | AX2: 0.15619457 | AY2: 0.15914846 | AZ2: 0.15495447 | BA2: 0.15758302 | BB2: 0.15646304 | BC2: 0.15379473 | BD2: 0.15573645 | BE2: 0.15919144 | BF2: 0.15779318
A3: 100010 | AD3: 0.62317349 | AE3: 0.58703719 | AF3: 0.56457001 | AG3: 0.54719971 | AH3: 0.54649725 | AI3: 0.53346344 | AJ3: 0.52227109 | AK3: 0.51264673 | AL3: 0.50066716 | AM3: 0.49115898 | AN3: 0.46524082 | AO3: 0.40903546 | AP3: 0.39413846 | AQ3: 0.38875971 | AR3: 0.38370034 | AS3: 0.3729141 | AT3: 0.35694679 | AU3: 0.35750777 | AV3: 0.35738974 | AW3: 0.33374794 | AX3: 0.32144004 | AY3: 0.31165571 | AZ3: 0.31236458 | BA3: 0.30777638 | BB3: 0.309017 | BC3: 0.29223553 | BD3: 0.3306325 | BE3: 0.32728628 | BF3: 0.32984394
A4: 100030 | AD4: 0.55422066 | AE4: 0.56843611 | AF4: 0.54965929 | AG4: 0.52306599 | AH4: 0.51592465 | AI4: 0.50953637 | AJ4: 0.53890353 | AK4: 0.52636496 | AL4: 0.53145876 | AM4: 0.51045699 | AN4: 0.48358604 | AO4: 0.45744721 | AP4: 0.4170691 | AQ4: 0.39163234 | AR4: 0.39881635 | AS4: 0.38837863 | AT4: 0.37974962 | AU4: 0.38363829 | AV4: 0.38166483 | AW4: 0.34401132 | AX4: 0.30392108 | AY4: 0.28450696 | AZ4: 0.31283039 | BA4: 0.29208386 | BB4: 0.25818317 | BC4: 0.29008542 | BD4: 0.31785021 | BE4: 0.32817776 | BF4: 0.29893276
A5: 100040x100050 | AD5: 0.53775627 | AE5: 0.56099461 | AF5: 0.54803102 | AG5: 0.52156304 | AH5: 0.5158931 | AI5: 0.50394374 | AJ5: 0.50847555 | AK5: 0.49557985 | AL5: 0.48797718 | AM5: 0.45098944 | AN5: 0.43754434 | AO5: 0.40900981 | AP5: 0.40863916 | AQ5: 0.39064048 | AR5: 0.38653751 | AS5: 0.34130273 | AT5: 0.32521561 | AU5: 0.31600989 | AV5: 0.30502517 | AW5: 0.30751214 | AX5: 0.29891538 | AY5: 0.30381591 | AZ5: 0.30747333 | BA5: 0.31687929 | BB5: 0.31415701 | BC5: 0.30147236 | BD5: 0.30111086 | BE5: 0.29853279 | BF5: 0.29597984
A6: REST | AD6: 0.29354954 | AE6: 0.29553199 | AF6: 0.29529681 | AG6: 0.29814131 | AH6: 0.29995925 | AI6: 0.30130987 | AJ6: 0.30181283 | AK6: 0.30128807 | AL6: 0.29796274 | AM6: 0.29398799 | AN6: 0.29113233 | AO6: 0.29131492 | AP6: 0.29391133 | AQ6: 0.29123932 | AR6: 0.28964601 | AS6: 0.27953248 | AT6: 0.27503206 | AU6: 0.27619926 | AV6: 0.27283093 | AW6: 0.27240959 | AX6: 0.27097933 | AY6: 0.27109464 | AZ6: 0.27307197 | BA6: 0.27208735 | BB6: 0.26891589 | BC6: 0.26751927 | BD6: 0.25864847 | BE6: 0.26623189 | BF6: 0.26931241

Sheet Ark2

Sheet theta_KL_L
A1: ANVENDELSE | B1: 1966 | C1: 1967 | D1: 1968 | E1: 1969 | F1: 1970 | G1: 1971 | H1: 1972 | I1: 1973 | J1: 1974 | K1: 1975 | L1: 1976 | M1: 1977 | N1: 1978 | O1: 1979 | P1: 1980 | Q1: 1981 | R1: 1982 | S1: 1983 | T1: 1984 | U1: 1985 | V1: 1986 | W1: 1987 | X1: 1988 | Y1: 1989 | Z1: 1990 | AA1: 1991 | AB1: 1992 | AC1: 1993 | AD1: 1994 | AE1: 1995 | AF1: 1996 | AG1: 1997 | AH1: 1998 | AI1: 1999 | AJ1: 2000 | AK1: 2001 | AL1: 2002 | AM1: 2003 | AN1: 2004 | AO1: 2005 | AP1: 2006 | AQ1: 2007 | AR1: 2008 | AS1: 2009 | AT1: 2010 | AU1: 2011 | AV1: 2012 | AW1: 2013 | AX1: 2014 | AY1: 2015 | AZ1: 2016 | BA1: 2017 | BB1: 2018 | BC1: 2019 | BD1: 2020 | BE1: 2021 | BF1: 2022
A2: 010000 | AD2: 278.21671 | AE2: 281.35682 | AF2: 287.05995 | AG2: 296.53608 | AH2: 296.6414 | AI2: 304.09978 | AJ2: 302.72157 | AK2: 305.66827 | AL2: 305.37722 | AM2: 316.9477 | AN2: 316.84288 | AO2: 325.82423 | AP2: 334.19291 | AQ2: 339.98545 | AR2: 350.30808 | AS2: 366.39561 | AT2: 370.57975 | AU2: 369.31812 | AV2: 367.97773 | AW2: 366.51957 | AX2: 362.44166 | AY2: 356.73898 | AZ2: 363.78322 | BA2: 360.09042 | BB2: 362.1592 | BC2: 369.50969 | BD2: 365.66095 | BE2: 359.5911 | BF2: 363.19138
A3: 100010 | AD3: 326.36223 | AE3: 333.98556 | AF3: 339.78463 | AG3: 345.07875 | AH3: 345.28457 | AI3: 348.75934 | AJ3: 351.53512 | AK3: 354.43557 | AL3: 357.26479 | AM3: 359.71659 | AN3: 367.06674 | AO3: 388.96456 | AP3: 394.38657 | AQ3: 396.92607 | AR3: 398.59705 | AS3: 403.36536 | AT3: 411.72445 | AU3: 411.4093 | AV3: 411.4739 | AW3: 424.33317 | AX3: 431.60374 | AY3: 436.67463 | AZ3: 436.29427 | BA3: 438.53964 | BB3: 437.79686 | BC3: 448.17283 | BD3: 430.47525 | BE3: 431.97719 | BF3: 430.88662
A4: 100030 | AD4: 389.35477 | AE4: 385.18133 | AF4: 391.03518 | AG4: 400.82383 | AH4: 403.34748 | AI4: 405.50481 | AJ4: 397.38324 | AK4: 401.22591 | AL4: 399.95945 | AM4: 405.48444 | AN4: 413.17471 | AO4: 422.09557 | AP4: 435.29243 | AQ4: 447.07018 | AR4: 444.63031 | AS4: 449.40635 | AT4: 453.83359 | AU4: 451.77647 | AV4: 452.78227 | AW4: 472.45679 | AX4: 501.88224 | AY4: 517.28701 | AZ4: 496.18517 | BA4: 509.49851 | BB4: 543.13388 | BC4: 511.87425 | BD4: 494.34285 | BE4: 488.82575 | BF4: 505.35284
A5: 100040x100050 | AD5: 312.51933 | AE5: 306.68073 | AF5: 309.97823 | AG5: 317.84684 | AH5: 319.50923 | AI5: 322.90345 | AJ5: 321.72718 | AK5: 325.51051 | AL5: 327.26675 | AM5: 337.35424 | AN5: 341.43438 | AO5: 351.80087 | AP5: 351.91344 | AQ5: 358.81048 | AR5: 359.9686 | AS5: 379.73029 | AT5: 388.7628 | AU5: 394.72082 | AV5: 402.20108 | AW5: 400.59501 | AX5: 406.26586 | AY5: 403.6042 | AZ5: 401.65525 | BA5: 397.15027 | BB5: 398.6448 | BC5: 405.90597 | BD5: 406.09831 | BE5: 407.45754 | BF5: 408.87182
A6: REST | AD6: 449.06434 | AE6: 446.32236 | AF6: 446.65668 | AG6: 442.94869 | AH6: 440.65102 | AI6: 439.09365 | AJ6: 438.55552 | AK6: 439.07248 | AL6: 441.91274 | AM6: 445.55994 | AN6: 448.29169 | AO6: 448.11356 | AP6: 446.08949 | AQ6: 448.36734 | AR6: 449.44758 | AS6: 458.12442 | AT6: 463.02241 | AU6: 461.77106 | AV6: 465.11894 | AW6: 465.49058 | AX6: 466.82265 | AY6: 466.71683 | AZ6: 465.05844 | BA6: 465.81405 | BB6: 468.4441 | BC6: 469.61676 | BD6: 477.1997 | BE6: 470.70767 | BF6: 468.27192

Sheet theta_Mtot_M
A1: ANVENDELSE | B1: TILGANG2 | C1: 1967 | D1: 1968 | E1: 1969 | F1: 1970 | G1: 1971 | H1: 1972 | I1: 1973 | J1: 1974 | K1: 1975 | L1: 1976 | M1: 1977 | N1: 1978 | O1: 1979 | P1: 1980 | Q1: 1981 | R1: 1982 | S1: 1983 | T1: 1984 | U1: 1985 | V1: 1986 | W1: 1987 | X1: 1988 | Y1: 1989 | Z1: 1990 | AA1: 1991 | AB1: 1992 | AC1: 1993 | AD1: 1994 | AE1: 1995 | AF1: 1996 | AG1: 1997 | AH1: 1998 | AI1: 1999 | AJ1: 2000 | AK1: 2001 | AL1: 2002 | AM1: 2003 | AN1: 2004 | AO1: 2005 | AP1: 2006 | AQ1: 2007 | AR1: 2008 | AS1: 2009 | AT1: 2010 | AU1: 2011 | AV1: 2012 | AW1: 2013 | AX1: 2014 | AY1: 2015 | AZ1: 2016 | BA1: 2017 | BB1: 2018 | BC1: 2019 | BD1: 2020 | BE1: 2021 | BF1: 2022
A2: 010000 | B2: 010000 | C2: 3.9255742 | D2: 4.0343968 | E2: 4.4494357 | F2: 4.0075288 | G2: 3.9042258 | H2: 4.3225298 | I2: 3.9728399 | J2: 4.0247582 | K2: 4.0956014 | L2: 4.0870591 | M2: 4.14456 | N2: 4.4647825 | O2: 4.3769237 | P2: 4.2328105 | Q2: 4.0312878 | R2: 4.4814267 | S2: 4.5924202 | T2: 4.7554958 | U2: 4.6584715 | V2: 4.9958733 | W2: 5.0820537 | X2: 5.7659492 | Y2: 5.8205804 | Z2: 5.9020601 | AA2: 6.0779041 | AB2: 5.334724 | AC2: 4.7752204 | AD2: 4.7535271 | AE2: 4.4197948 | AF2: 4.1745348 | AG2: 4.3031498 | AH2: 4.3299348 | AI2: 4.0189181 | AJ2: 3.9208455 | AK2: 3.8221571 | AL2: 5.0005663 | AM2: 5.1156129 | AN2: 5.3489021 | AO2: 5.6079328 | AP2: 5.738119 | AQ2: 5.89606 | AR2: 6.1288321 | AS2: 5.6087722 | AT2: 5.9005794 | AU2: 5.0549994 | AV2: 5.0766033 | AW2: 5.397329 | AX2: 5.3710346 | AY2: 5.3908219 | AZ2: 5.3976594 | BA2: 5.1131431 | BB2: 4.9364134 | BC2: 4.9490739 | BD2: 5.5016007 | BE2: 5.0109962 | BF2: 4.3129685
B3: 100010 | C3: 174.6746 | D3: 161.94411 | E3: 145.80204 | F3: 142.82165 | G3: 144.10722 | H3: 132.05506 | I3: 180.8057 | J3: 161.0832 | K3: 144.72907 | L3: 104.60791 | M3: 103.40413 | N3: 97.774443 | O3: 97.5359 | P3: 97.31123 | Q3: 88.545874 | R3: 79.570361 | S3: 73.129279 | T3: 70.561277 | U3: 75.138451 | V3: 75.855134 | W3: 75.116127 | X3: 77.645827 | Y3: 66.909669 | Z3: 70.975311 | AA3: 69.509048 | AB3: 65.141959 | AC3: 60.408204 | AD3: 76.686199 | AE3: 82.0665 | AF3: 100.40539 | AG3: 104.31644 | AH3: 90.491988 | AI3: 102.10508 | AJ3: 139.964 | AK3: 247.21867 | AL3: 191.78102 | AM3: 195.09601 | AN3: 188.43603 | AO3: 300.01483 | AP3: 408.7514 | AQ3: 618.35386 | AR3: 655.94897 | AS3: 568.83719 | AT3: 790.20748 | AU3: 671.70737 | AV3: 601.07053 | AW3: 616.43458 | AX3: 595.92016 | AY3: 373.4927 | AZ3: 361.67898 | BA3: 344.26469 | BB3: 363.01964 | BC3: 100.15009 | BD3: 93.402911 | BE3: 102.27034 | BF3: 103.31371
B4: 100030 | C4: 18.090113 | D4: 19.478428 | E4: 20.060474 | F4: 25.606923 | G4: 31.870456 | H4: 34.089207 | I4: 23.056802 | J4: 16.914603 | K4: 19.873931 | L4: 19.850906 | M4: 23.472291 | N4: 23.437859 | O4: 25.315773 | P4: 29.914369 | Q4: 34.406627 | R4: 36.90006 | S4: 35.89285 | T4: 43.168911 | U4: 51.080272 | V4: 59.597858 | W4: 87.053465 | X4: 114.35567 | Y4: 174.61087 | Z4: 165.60631 | AA4: 654.57446 | AB4: 283.32752 | AC4: 187.18538 | AD4: 115.68519 | AE4: 116.00272 | AF4: 138.34663 | AG4: 106.0654 | AH4: 165.66166 | AI4: 175.80445 | AJ4: 165.79939 | AK4: 145.49093 | AL4: 185.43399 | AM4: 165.79497 | AN4: 189.71628 | AO4: 197.66912 | AP4: 159.22967 | AQ4: 259.91706 | AR4: 242.89048 | AS4: 215.36316 | AT4: 200.51637 | AU4: 167.34518 | AV4: 170.64662 | AW4: 430.45488 | AX4: 461.01313 | AY4: 397.6715 | AZ4: 482.55558 | BA4: 459.91634 | BB4: 395.60797 | BC4: 18.947474 | BD4: 395.49465 | BE4: 372.49867 | BF4: 227.2359
B5: 100040x100050 | C5: 13.289944 | D5: 12.952107 | E5: 11.983369 | F5: 12.038905 | G5: 12.433742 | H5: 11.165141 | I5: 12.499581 | J5: 12.366278 | K5: 9.6535325 | L5: 9.2943261 | M5: 8.642249 | N5: 7.7624882 | O5: 7.6885937 | P5: 7.5485059 | Q5: 7.6412414 | R5: 6.6859094 | S5: 6.8708325 | T5: 7.2292034 | U5: 7.0377258 | V5: 6.5971158 | W5: 6.6630612 | X5: 7.2134487 | Y5: 6.7027306 | Z5: 6.4993684 | AA5: 6.2742284 | AB5: 6.7490756 | AC5: 6.9411469 | AD5: 6.7441275 | AE5: 7.3794795 | AF5: 7.9101743 | AG5: 8.5435813 | AH5: 7.7368245 | AI5: 8.5283345 | AJ5: 8.2367902 | AK5: 8.2194642 | AL5: 4.8362274 | AM5: 4.3921736 | AN5: 4.0972047 | AO5: 4.2518693 | AP5: 4.2981476 | AQ5: 3.8905474 | AR5: 3.9019174 | AS5: 3.8442504 | AT5: 3.7940547 | AU5: 3.8755726 | AV5: 4.1061849 | AW5: 4.069464 | AX5: 3.9212164 | AY5: 3.7559141 | AZ5: 3.6185958 | BA5: 3.6070926 | BB5: 3.527959 | BC5: 4.2654215 | BD5: 3.3946574 | BE5: 3.5975326 | BF5: 3.6112126
B6: REST | C6: 1.532555 | D6: 1.5071789 | E6: 1.4649291 | F6: 1.5127987 | G6: 1.5000731 | H6: 1.4620313 | I6: 1.5202353 | J6: 1.567545 | K6: 1.6461593 | L6: 1.6735333 | M6: 1.6693324 | N6: 1.6640316 | O6: 1.6784192 | P6: 1.7026536 | Q6: 1.7366314 | R6: 1.7146609 | S6: 1.677 | T6: 1.5963473 | U6: 1.6145959 | V6: 1.5769062 | W6: 1.5368715 | X6: 1.3991628 | Y6: 1.4149404 | Z6: 1.4202814 | AA6: 1.4010375 | AB6: 1.4539048 | AC6: 1.5253025 | AD6: 1.5497598 | AE6: 1.564458 | AF6: 1.575567 | AG6: 1.5319041 | AH6: 1.5572301 | AI6: 1.5789953 | AJ6: 1.6065675 | AK6: 1.6273946 | AL6: 1.7004507 | AM6: 1.7586498 | AN6: 1.7824284 | AO6: 1.7169219 | AP6: 1.7023107 | AQ6: 1.7511878 | AR6: 1.7291158 | AS6: 1.7955887 | AT6: 1.7809538 | AU6: 1.8492242 | AV6: 1.8005896 | AW6: 1.7606494 | AX6: 1.7966781 | AY6: 1.8392246 | AZ6: 1.8720198 | BA6: 1.9095808 | BB6: 1.9567527 | BC6: 1.9867328 | BD6: 1.9591732 | BE6: 1.9607535 | BF6: 2.089906
A7: 100010 | B7: 010000 | C7: 1.3977522 | D7: 1.4682597 | E7: 1.4675177 | F7: 1.4659268 | G7: 1.5079398 | H7: 1.5680373 | I7: 1.4884726 | J7: 1.525046 | K7: 1.459831 | L7: 1.4824215 | M7: 1.507338 | N7: 1.5014384 | O7: 1.6343135 | P7: 1.6317285 | Q7: 1.6276767 | R7: 1.5099915 | S7: 1.3356947 | T7: 1.352807 | U7: 1.4425848 | V7: 1.4666463 | W7: 1.4795338 | X7: 1.4769559 | Y7: 1.448665 | Z7: 1.5073776 | AA7: 1.4602851 | AB7: 1.414172 | AC7: 1.454883 | AD7: 1.5922213 | AE7: 1.3642009 | AF7: 1.3081715 | AG7: 1.3436706 | AH7: 1.4032157 | AI7: 1.3250033 | AJ7: 1.3215246 | AK7: 1.2564746 | AL7: 1.2868325 | AM7: 1.3114832 | AN7: 1.2589824 | AO7: 1.2970649 | AP7: 1.275914 | AQ7: 1.2799797 | AR7: 1.3266886 | AS7: 1.5343496 | AT7: 1.4053717 | AU7: 1.378162 | AV7: 1.413501 | AW7: 1.4278053 | AX7: 1.4561763 | AY7: 1.4777579 | AZ7: 1.4905004 | BA7: 1.6455444 | BB7: 1.5809649 | BC7: 1.6156845 | BD7: 1.5672798 | BE7: 1.6224819 | BF7: 1.7271396
B8: 100010 | C8: 6.9488782 | D8: 5.707021 | E8: 5.8340684 | F8: 5.8019677 | G8: 5.3464089 | H8: 4.8964164 | I8: 5.8025102 | J8: 5.3855419 | K8: 6.109319 | L8: 5.8040674 | M8: 5.4001773 | N8: 5.3882681 | O8: 4.2560924 | P8: 4.0530478 | Q8: 4.0960539 | R8: 5.114874 | S8: 8.5082696 | T8: 8.4040844 | U8: 5.8713535 | V8: 5.6208507 | W8: 5.7032807 | X8: 6.1644803 | Y8: 6.5532649 | Z8: 5.9917974 | AA8: 7.0939325 | AB8: 6.2184926 | AC8: 5.612745 | AD8: 4.514287 | AE8: 6.9167588 | AF8: 9.4752059 | AG8: 9.0575527 | AH8: 7.1703707 | AI8: 10.21046 | AJ8: 10.30415 | AK8: 12.937199 | AL8: 10.717736 | AM8: 9.3503977 | AN8: 11.052525 | AO8: 10.252826 | AP8: 10.870094 | AQ8: 12.003259 | AR8: 10.852776 | AS8: 6.8174585 | AT8: 7.9267615 | AU8: 8.7765463 | AV8: 7.9614466 | AW8: 7.6871298 | AX8: 6.8242412 | AY8: 6.61156 | AZ8: 6.9697138 | BA8: 5.7358162 | BB8: 6.9660742 | BC8: 6.283628 | BD8: 7.1591086 | BE8: 6.3625494 | BF8: 5.8325429
B9: 100030 | C9: 498.95729 | D9: 506.48541 | E9: 529.7638 | F9: 527.32007 | G9: 863.96011 | H9: 922.99173 | I9: 825.17118 | J9: 682.46775 | K9: 501.6174 | L9: 388.5011 | M9: 367.18784 | N9: 323.03659 | O9: 378.10077 | P9: 430.63422 | Q9: 428.70231 | R9: 454.7783 | S9: 285.42195 | T9: 417.94214 | U9: 390.71969 | V9: 406.56332 | W9: 1210.0964 | X9: 134.06675 | Y9: 356.99852 | Z9: 374.62851 | AA9: 171.65038 | AB9: 252.67026 | AC9: 261.16352 | AD9: 179.75244 | AE9: 281.43711 | AF9: 208.50545 | AG9: 528.00198 | AH9: 309.49996 | AI9: 653.27401 | AJ9: 676.38099 | AK9: 891.00854 | AL9: 797.99136 | AM9: 883.52373 | AN9: 860.77303 | AO9: 905.27603 | AP9: 944.16064 | AQ9: 1079.3705 | AR9: 627.20036 | AS9: 933.47152 | AT9: 1511.0305 | AU9: 934.07086 | AV9: 710.94462 | AW9: 574.93936 | AX9: 449.60644 | AY9: 468.78222 | AZ9: 405.62787 | BA9: 345.96025 | BB9: 301.85639 | BC9: 318.21742 | BD9: 299.21074 | BE9: 393.30601 | BF9: 267.33174
B10: 100040x100050 | C10: 50.268552 | D10: 49.263404 | E10: 43.74722 | F10: 45.938232 | G10: 48.758672 | H10: 41.175182 | I10: 44.446272 | J10: 35.788117 | K10: 31.924344 | L10: 34.036934 | M10: 31.839679 | N10: 34.257786 | O10: 35.463511 | P10: 63.446366 | Q10: 63.044795 | R10: 60.884144 | S10: 68.560316 | T10: 67.557801 | U10: 67.224425 | V10: 69.17193 | W10: 54.565342 | X10: 49.226766 | Y10: 46.369884 | Z10: 48.414454 | AA10: 51.075373 | AB10: 80.830847 | AC10: 128.55499 | AD10: 99.410973 | AE10: 112.22675 | AF10: 166.31731 | AG10: 136.62553 | AH10: 98.054239 | AI10: 84.10011 | AJ10: 94.275571 | AK10: 90.907661 | AL10: 86.284707 | AM10: 75.156925 | AN10: 89.015248 | AO10: 103.71727 | AP10: 118.46843 | AQ10: 77.059783 | AR10: 102.14741 | AS10: 70.19124 | AT10: 83.416845 | AU10: 92.287253 | AV10: 90.274002 | AW10: 87.38991 | AX10: 95.782717 | AY10: 93.515553 | AZ10: 98.970116 | BA10: 99.60282 | BB10: 92.528178 | BC10: 105.15137 | BD10: 116.0877 | BE10: 152.3438 | BF10: 137.19765
B11: REST | C11: 8.3416774 | D11: 8.2076947 | E11: 7.9406382 | F11: 8.0967316 | G11: 7.4740369 | H11: 7.0725939 | I11: 6.853935 | J11: 7.1225175 | K11: 7.9750584 | L11: 7.7316914 | M11: 8.3688736 | N11: 8.5677803 | O11: 8.7144613 | P11: 8.9099913 | Q11: 8.7740459 | R11: 8.2944876 | S11: 8.5784766 | T11: 7.6495357 | U11: 8.2909033 | V11: 7.9035397 | W11: 7.3274983 | X11: 6.8786564 | Y11: 6.8359007 | Z11: 5.9802174 | AA11: 5.7978166 | AB11: 8.0959594 | AC11: 7.6489158 | AD11: 7.1057219 | AE11: 8.3941749 | AF11: 7.6479727 | AG11: 6.5976275 | AH11: 6.6415744 | AI11: 6.4601699 | AJ11: 6.4418907 | AK11: 7.2996775 | AL11: 7.1147036 | AM11: 7.1847217 | AN11: 7.608691 | AO11: 6.8515687 | AP11: 7.043692 | AQ11: 6.6872942 | AR11: 6.1132091 | AS11: 5.4103802 | AT11: 6.2525085 | AU11: 6.1939352 | AV11: 6.0820282 | AW11: 6.0332961 | AX11: 6.159391 | AY11: 6.0061258 | AZ11: 5.5754859 | BA11: 4.88025 | BB11: 4.7318219 | BC11: 4.7897306 | BD11: 4.75481 | BE11: 4.6001558 | BF11: 4.2774412
A12: 100030 | B12: 010000 | C12: 1.5091131 | D12: 1.518394 | E12: 1.5613975 | F12: 1.5761882 | G12: 1.6246349 | H12: 1.6637875 | I12: 1.6540488 | J12: 1.7342327 | K12: 1.6743229 | L12: 1.7469154 | M12: 1.772715 | N12: 1.7817315 | O12: 1.7695374 | P12: 1.8633216 | Q12: 1.848613 | R12: 1.8337034 | S12: 1.8497457 | T12: 1.8564497 | U12: 1.8745062 | V12: 1.9051357 | W12: 1.9834286 | X12: 1.9144886 | Y12: 1.9640729 | Z12: 2.0130482 | AA12: 2.0339787 | AB12: 1.9892089 | AC12: 1.9944049 | AD12: 1.7735711 | AE12: 1.7840696 | AF12: 1.6738971 | AG12: 1.687294 | AH12: 1.7143409 | AI12: 1.7062393 | AJ12: 1.6463458 | AK12: 1.7904439 | AL12: 1.7046741 | AM12: 1.7219612 | AN12: 1.7770504 | AO12: 2.0169603 | AP12: 2.1097643 | AQ12: 1.9840242 | AR12: 1.9364588 | AS12: 2.0257776 | AT12: 1.8963784 | AU12: 2.1030023 | AV12: 2.0611219 | AW12: 2.0008871 | AX12: 2.0009514 | AY12: 2.0010484 | AZ12: 2.0270694 | BA12: 2.0060636 | BB12: 2.0115678 | BC12: 2.0581649 | BD12: 2.2354415 | BE12: 2.1732801 | BF12: 2.1844049
B13: 100010 | C13: 1254.6655 | D13: 1318.5616 | E13: 1271.9709 | F13: 999.45862 | G13: 1227.9652 | H13: 1239.3237 | I13: 909.322 | J13: 1178.0985 | K13: 1474.1752 | L13: 1494.4481 | M13: 1406.8969 | N13: 1394.6825 | O13: 1112.723 | P13: 1154.3914 | Q13: 1123.51 | R13: 1182.2482 | S13: 992.25765 | T13: 882.19457 | U13: 857.5686 | V13: 758.67323 | W13: 748.95786 | X13: 483.49466 | Y13: 477.59231 | Z13: 634.59809 | AA13: 713.01326 | AB13: 852.76566 | AC13: 697.95734 | AD13: 634.61378 | AE13: 678.10887 | AF13: 1179.6129 | AG13: 637.7646 | AH13: 1279.7427 | AI13: 1590.7036 | AJ13: 2766.267 | AK13: 3157.5224 | AL13: 12096.227 | AM13: 2945.8228 | AN13: 2269.7794 | AO13: 3430.9152 | AP13: 3769.7753 | AQ13: 4120.7863 | AR13: 2302.8824 | AS13: 3002.8694 | AT13: 3031.4221 | AU13: 3064.8226 | AV13: 2620.4913 | AW13: 1040.117 | AX13: 1102.0152 | AY13: 1100.2152 | AZ13: 1169.3119 | BA13: 1415.1305 | BB13: 1670.8099 | BC13: 2279.7362 | BD13: 1582.121 | BE13: 1252.154 | BF13: 917.56192
B14: 100030 | C14: 7.9123604 | D14: 8.4833345 | E14: 8.111601 | F14: 7.8023602 | G14: 7.4620244 | H14: 6.8472067 | I14: 6.2770081 | J14: 5.3702617 | K14: 5.4963384 | L14: 4.987816 | M14: 4.7626602 | N14: 4.6722352 | O14: 4.9878207 | P14: 4.7787967 | Q14: 4.7194091 | R14: 4.9099395 | S14: 4.7222342 | T14: 4.7073196 | U14: 4.4305395 | V14: 4.1476063 | W14: 4.1016899 | X14: 3.9096653 | Y14: 3.8270941 | Z14: 3.8146038 | AA14: 3.9113632 | AB14: 4.1343867 | AC14: 3.9400861 | AD14: 7.1768269 | AE14: 6.7869597 | AF14: 7.0161986 | AG14: 6.2134846 | AH14: 6.2895338 | AI14: 6.9849277 | AJ14: 7.3877219 | AK14: 5.5226666 | AL14: 5.4581715 | AM14: 5.754656 | AN14: 5.15579 | AO14: 4.5901725 | AP14: 4.6255012 | AQ14: 4.5818619 | AR14: 4.704009 | AS14: 4.3663657 | AT14: 4.7089432 | AU14: 4.4446477 | AV14: 4.4438261 | AW14: 4.7270595 | AX14: 5.1540851 | AY14: 5.0025685 | AZ14: 5.6446355 | BA14: 5.7909703 | BB14: 5.7162359 | BC14: 5.3749113 | BD14: 4.9028495 | BE14: 4.7597977 | BF14: 4.8457768
B15: 100040x100050 | C15: 84.731196 | D15: 82.126753 | E15: 82.295294 | F15: 79.407797 | G15: 77.358602 | H15: 69.562977 | I15: 95.658196 | J15: 69.715592 | K15: 57.535872 | L15: 53.790595 | M15: 49.220445 | N15: 52.170364 | O15: 55.961384 | P15: 53.09867 | Q15: 57.431638 | R15: 60.756683 | S15: 57.147505 | T15: 55.67445 | U15: 48.698026 | V15: 47.084035 | W15: 42.060154 | X15: 47.094272 | Y15: 40.999773 | Z15: 35.557975 | AA15: 29.909333 | AB15: 30.0985 | AC15: 25.485586 | AD15: 17.689949 | AE15: 18.488163 | AF15: 28.373543 | AG15: 33.76348 | AH15: 34.797612 | AI15: 30.314234 | AJ15: 36.583129 | AK15: 32.669391 | AL15: 43.348945 | AM15: 35.606829 | AN15: 33.919313 | AO15: 33.842887 | AP15: 35.070788 | AQ15: 26.008513 | AR15: 24.881766 | AS15: 25.674515 | AT15: 27.169586 | AU15: 31.014002 | AV15: 31.44066 | AW15: 28.160633 | AX15: 28.079443 | AY15: 28.705196 | AZ15: 31.655758 | BA15: 33.473586 | BB15: 31.167322 | BC15: 28.547349 | BD15: 25.149227 | BE15: 23.98759 | BF15: 23.136992
B16: REST | C16: 6.4569272 | D16: 5.9918527 | E16: 5.4941228 | F16: 5.454139 | G16: 4.9662603 | H16: 4.8443021 | I16: 5.1152814 | J16: 4.941838 | K16: 5.676348 | L16: 5.3421359 | M16: 5.3733649 | N16: 5.3398687 | O16: 5.0528022 | P16: 4.4076732 | Q16: 4.5440933 | R16: 4.4628848 | S16: 4.5374866 | T16: 4.5122402 | U16: 4.7410055 | V16: 4.8770605 | W16: 4.3824539 | X16: 5.2219154 | Y16: 4.9643099 | Z16: 4.6444519 | AA16: 4.4677983 | AB16: 4.463311 | AC16: 4.8570472 | AD16: 4.3168771 | AE16: 4.3425899 | AF16: 4.6722265 | AG16: 4.8400131 | AH16: 4.5196524 | AI16: 4.3747949 | AJ16: 4.5751245 | AK16: 4.4050406 | AL16: 4.9512876 | AM16: 4.7114403 | AN16: 4.744606 | AO16: 3.9274627 | AP16: 3.6148514 | AQ16: 4.1862259 | AR16: 4.3408306 | AS16: 4.1516205 | AT16: 4.3850718 | AU16: 3.6780192 | AV16: 3.8052461 | AW16: 3.9154307 | AX16: 3.6891777 | AY16: 3.7549204 | AZ16: 3.3801932 | BA16: 3.3613004 | BB16: 3.3944453 | BC16: 3.4159835 | BD16: 3.2435588 | BE16: 3.4808491 | BF16: 3.4340651
A17: 100040x100050 | B17: 010000 | C17: 4.9664704 | D17: 6.1095205 | E17: 6.2557905 | F17: 5.9444666 | G17: 6.4550873 | H17: 7.2727447 | I17: 6.2608407 | J17: 7.0641916 | K17: 7.245539 | L17: 6.9508542 | M17: 7.2532115 | N17: 6.4104181 | O17: 7.5809272 | P17: 7.9939015 | Q17: 8.6537268 | R17: 8.1129038 | S17: 7.2881084 | T17: 7.9748086 | U17: 8.4388005 | V17: 8.7813366 | W17: 9.6327041 | X17: 9.9159678 | Y17: 8.9736 | Z17: 8.9191992 | AA17: 8.520523 | AB17: 9.1097599 | AC17: 7.916274 | AD17: 6.9122542 | AE17: 7.8730657 | AF17: 7.3487238 | AG17: 6.69958 | AH17: 6.7657368 | AI17: 6.7887557 | AJ17: 7.4374275 | AK17: 7.5877894 | AL17: 4.9361679 | AM17: 4.6927613 | AN17: 4.8647437 | AO17: 5.149479 | AP17: 5.0822069 | AQ17: 5.0956867 | AR17: 4.7470735 | AS17: 5.3302024 | AT17: 5.4448019 | AU17: 5.9243618 | AV17: 5.3061128 | AW17: 5.2956858 | AX17: 4.7350797 | AY17: 4.8119223 | AZ17: 5.8587943 | BA17: 4.9000927 | BB17: 5.7353997 | BC17: 4.8657931 | BD17: 5.1910948 | BE17: 5.5540706 | BF17: 5.2864984
B18: 100010 | C18: 7.0443833 | D18: 5.6678487 | E18: 5.8909648 | F18: 5.8711119 | G18: 5.5946583 | H18: 5.3296648 | I18: 6.0678945 | J18: 5.8414209 | K18: 6.3041309 | L18: 6.3172748 | M18: 5.8956225 | N18: 6.0780335 | O18: 4.4898618 | P18: 4.1925981 | Q18: 4.0923459 | R18: 5.1909972 | S18: 8.2210266 | T18: 8.3311235 | U18: 6.1337792 | V18: 5.6926291 | W18: 5.8742841 | X18: 6.4513443 | Y18: 7.2573275 | Z18: 6.6845083 | AA18: 7.7594146 | AB18: 6.5704013 | AC18: 7.1490236 | AD18: 15.858892 | AE18: 7.9439892 | AF18: 10.02601 | AG18: 11.475618 | AH18: 10.309948 | AI18: 16.384581 | AJ18: 11.971095 | AK18: 12.242935 | AL18: 13.304092 | AM18: 13.314435 | AN18: 11.908012 | AO18: 13.977051 | AP18: 14.721977 | AQ18: 15.538313 | AR18: 19.179991 | AS18: 34.77664 | AT18: 21.042897 | AU18: 25.090006 | AV18: 22.668354 | AW18: 20.42351 | AX18: 20.615752 | AY18: 23.447753 | AZ18: 22.641415 | BA18: 25.839314 | BB18: 22.468357 | BC18: 24.41434 | BD18: 25.082227 | BE18: 24.778875 | BF18: 22.70694
B19: 100030 | C19: 45.953233 | D19: 36.129578 | E19: 37.741239 | F19: 31.208827 | G19: 41.918362 | H19: 36.911397 | I19: 33.004564 | J19: 38.27323 | K19: 33.382462 | L19: 30.403583 | M19: 29.567978 | N19: 22.396393 | O19: 29.583097 | P19: 30.791231 | Q19: 36.059591 | R19: 38.741157 | S19: 35.708527 | T19: 30.388798 | U19: 31.166605 | V19: 36.942955 | W19: 31.931737 | X19: 23.174357 | Y19: 27.098902 | Z19: 28.234857 | AA19: 32.116402 | AB19: 43.531155 | AC19: 43.518314 | AD19: 28.906194 | AE19: 29.206419 | AF19: 35.536642 | AG19: 38.442692 | AH19: 35.13484 | AI19: 35.499972 | AJ19: 36.181386 | AK19: 28.251928 | AL19: 35.414336 | AM19: 30.340802 | AN19: 30.91813 | AO19: 32.595285 | AP19: 27.593914 | AQ19: 31.112242 | AR19: 30.33576 | AS19: 27.468416 | AT19: 40.26237 | AU19: 33.500044 | AV19: 35.425402 | AW19: 35.047461 | AX19: 34.919091 | AY19: 37.387868 | AZ19: 41.970304 | BA19: 47.555595 | BB19: 46.326925 | BC19: 15.16629 | BD19: 36.470591 | BE19: 35.4142 | BF19: 33.302885
B20: 100040x100050 | C20: 4.6869883 | D20: 4.7944937 | E20: 4.4716394 | F20: 4.6885609 | G20: 4.5448761 | H20: 4.2943053 | I20: 4.3419972 | J20: 4.4893522 | K20: 4.1621218 | L20: 4.2345749 | M20: 4.2061746 | N20: 4.6370778 | O20: 5.0591709 | P20: 5.1900219 | Q20: 4.9758324 | R20: 4.5057553 | S20: 3.8498198 | T20: 3.8009239 | U20: 3.9585271 | V20: 4.0917101 | W20: 4.1014641 | X20: 4.0684155 | Y20: 4.1638334 | Z20: 4.1815345 | AA20: 3.9714434 | AB20: 4.1329731 | AC20: 3.9447009 | AD20: 3.6186384 | AE20: 3.5641694 | AF20: 3.6967239 | AG20: 3.9388704 | AH20: 3.9068029 | AI20: 3.8459142 | AJ20: 3.7411114 | AK20: 3.820884 | AL20: 4.3697737 | AM20: 4.3523633 | AN20: 4.281727 | AO20: 4.0564317 | AP20: 3.9822044 | AQ20: 3.7967118 | AR20: 3.7507524 | AS20: 3.5844007 | AT20: 3.465989 | AU20: 3.3151466 | AV20: 3.3749008 | AW20: 3.3992499 | AX20: 3.5086932 | AY20: 3.4592633 | AZ20: 3.4622371 | BA20: 3.4163512 | BB20: 3.2214596 | BC20: 3.7798838 | BD20: 3.3268039 | BE20: 3.4535286 | BF20: 3.67011
B21: REST | C21: 2.6429739 | D21: 2.372408 | E21: 2.3608162 | F21: 2.4426639 | G21: 2.3554382 | H21: 2.3281943 | I21: 2.411169 | J21: 2.146398 | K21: 2.136693 | L21: 2.1910657 | M21: 2.2419374 | N21: 2.358423 | O21: 2.4517227 | P21: 2.4535726 | Q21: 2.4110037 | R21: 2.2093468 | S21: 2.0553273 | T21: 1.9646582 | U21: 2.1249593 | V21: 2.0978208 | W21: 1.985301 | X21: 1.931976 | Y21: 1.8848936 | Z21: 1.9425 | AA21: 1.9128186 | AB21: 1.9056721 | AC21: 2.007743 | AD21: 1.9667796 | AE21: 2.1328318 | AF21: 2.007379 | AG21: 1.9553891 | AH21: 2.0052454 | AI21: 1.8970207 | AJ21: 1.923694 | AK21: 1.9092193 | AL21: 2.1200464 | AM21: 2.2084436 | AN21: 2.21362 | AO21: 2.1496157 | AP21: 2.1888193 | AQ21: 2.2096979 | AR21: 2.2498909 | AS21: 2.0889783 | AT21: 2.1564087 | AU21: 2.1304565 | AV21: 2.2296729 | AW21: 2.2443218 | AX21: 2.3270979 | AY21: 2.2918028 | AZ21: 2.1032314 | BA21: 2.2383525 | BB21: 2.2107107 | BC21: 2.3736239 | BD21: 2.2753885 | BE21: 2.1654455 | BF21: 2.1477275
A22: REST | B22: 010000 | C22: 148.80835 | D22: 192.4254 | E22: 205.00156 | F22: 200.86714 | G22: 191.58815 | H22: 219.68529 | I22: 206.73893 | J22: 208.03808 | K22: 202.82157 | L22: 203.77054 | M22: 196.43669 | N22: 207.04325 | O22: 231.86115 | P22: 205.6718 | Q22: 193.94033 | R22: 190.77573 | S22: 215.41207 | T22: 243.79585 | U22: 252.74173 | V22: 252.09166 | W22: 261.75322 | X22: 257.69695 | Y22: 212.56632 | Z22: 245.81816 | AA22: 222.42023 | AB22: 234.47898 | AC22: 187.18714 | AD22: 204.49071 | AE22: 226.20805 | AF22: 221.09268 | AG22: 257.60213 | AH22: 239.18286 | AI22: 243.38479 | AJ22: 261.87263 | AK22: 274.05831 | AL22: 267.48134 | AM22: 245.50267 | AN22: 259.12062 | AO22: 313.81016 | AP22: 336.0677 | AQ22: 337.54578 | AR22: 344.94718 | AS22: 322.29843 | AT22: 355.28044 | AU22: 475.29683 | AV22: 462.04729 | AW22: 435.71531 | AX22: 427.31076 | AY22: 404.36393 | AZ22: 412.92355 | BA22: 392.03643 | BB22: 386.46524 | BC22: 398.63618 | BD22: 417.6353 | BE22: 335.82702 | BF22: 368.39264
B23: 100010 | C23: 379.56137 | D23: 408.49339 | E23: 393.99255 | F23: 396.18438 | G23: 381.62246 | H23: 389.56881 | I23: 417.37657 | J23: 414.60289 | K23: 387.36924 | L23: 408.19671 | M23: 408.94598 | N23: 420.18744 | O23: 396.0866 | P23: 363.68031 | Q23: 346.91393 | R23: 349.51023 | S23: 279.52344 | T23: 303.70828 | U23: 325.25764 | V23: 346.2005 | W23: 393.08964 | X23: 319.67389 | Y23: 291.09154 | Z23: 321.23965 | AA23: 312.83018 | AB23: 327.44357 | AC23: 340.4775 | AD23: 317.12436 | AE23: 282.83611 | AF23: 347.11581 | AG23: 354.99336 | AH23: 337.73482 | AI23: 423.87354 | AJ23: 372.60247 | AK23: 431.17336 | AL23: 462.21004 | AM23: 453.49695 | AN23: 428.99082 | AO23: 471.59419 | AP23: 501.34614 | AQ23: 490.67664 | AR23: 511.84649 | AS23: 402.92731 | AT23: 448.97652 | AU23: 508.69572 | AV23: 492.79699 | AW23: 450.52633 | AX23: 437.30167 | AY23: 486.84011 | AZ23: 495.2382 | BA23: 435.6989 | BB23: 398.91063 | BC23: 461.88238 | BD23: 541.75452 | BE23: 530.00168 | BF23: 426.54712
B24: 100030 | C24: 278.02257 | D24: 274.81467 | E24: 276.70022 | F24: 283.16981 | G24: 293.06197 | H24: 269.56809 | I24: 276.85369 | J24: 270.93421 | K24: 271.90136 | L24: 302.73492 | M24: 298.8656 | N24: 277.98073 | O24: 271.88648 | P24: 232.90573 | Q24: 241.87834 | R24: 246.10239 | S24: 199.56424 | T24: 232.40751 | U24: 204.75009 | V24: 196.53268 | W24: 212.59985 | X24: 175.51673 | Y24: 213.2584 | Z24: 236.13541 | AA24: 255.01607 | AB24: 245.4251 | AC24: 240.93341 | AD24: 247.04777 | AE24: 298.83088 | AF24: 445.07044 | AG24: 444.78288 | AH24: 413.24567 | AI24: 405.01813 | AJ24: 446.23913 | AK24: 441.33527 | AL24: 410.76571 | AM24: 365.16971 | AN24: 381.85535 | AO24: 358.47356 | AP24: 374.02636 | AQ24: 369.6274 | AR24: 431.71796 | AS24: 505.37338 | AT24: 539.8358 | AU24: 470.9025 | AV24: 468.35624 | AW24: 401.90294 | AX24: 263.62948 | AY24: 303.7693 | AZ24: 359.7322 | BA24: 362.2441 | BB24: 318.3348 | BC24: 295.81791 | BD24: 278.06359 | BE24: 288.16992 | BF24: 271.8913
B25: 100040x100050 | C25: 123.12183 | D25: 120.48411 | E25: 117.67535 | F25: 117.83702 | G25: 122.59107 | H25: 117.09152 | I25: 124.32857 | J25: 123.56229 | K25: 121.52097 | L25: 117.21927 | M25: 119.54414 | N25: 122.8739 | O25: 121.9508 | P25: 114.52377 | Q25: 109.14473 | R25: 113.17067 | S25: 113.9724 | T25: 122.53725 | U25: 128.04136 | V25: 130.14627 | W25: 128.91452 | X25: 118.30276 | Y25: 112.19806 | Z25: 106.1648 | AA25: 100.50708 | AB25: 90.968943 | AC25: 89.097581 | AD25: 94.176873 | AE25: 92.213263 | AF25: 93.099078 | AG25: 86.172986 | AH25: 83.369582 | AI25: 85.347409 | AJ25: 94.695903 | AK25: 92.604845 | AL25: 102.27618 | AM25: 107.01236 | AN25: 101.95021 | AO25: 103.02401 | AP25: 111.9616 | AQ25: 111.94994 | AR25: 117.97699 | AS25: 123.68002 | AT25: 128.48945 | AU25: 138.97308 | AV25: 132.61186 | AW25: 123.96916 | AX25: 121.99728 | AY25: 120.48426 | AZ25: 131.90408 | BA25: 138.16674 | BB25: 137.14495 | BC25: 122.89098 | BD25: 126.02803 | BE25: 145.38638 | BF25: 151.10303
B26: REST | C26: 1.0236941 | D26: 1.0199885 | E26: 1.0197022 | F26: 1.0198023 | G26: 1.0198955 | H26: 1.0193537 | I26: 1.0187469 | J26: 1.0189049 | K26: 1.0196545 | L26: 1.0193779 | M26: 1.019541 | N26: 1.0188262 | O26: 1.0183442 | P26: 1.0211749 | Q26: 1.0223165 | R26: 1.0219016 | S26: 1.0230535 | T26: 1.0201514 | U26: 1.0196271 | V26: 1.0193704 | W26: 1.0183045 | X26: 1.0212051 | Y26: 1.0222588 | Z26: 1.0211111 | AA26: 1.0220093 | AB26: 1.0229873 | AC26: 1.0243661 | AD26: 1.0232706 | AE26: 1.0226672 | AF26: 1.0208202 | AG26: 1.0210196 | AH26: 1.0221671 | AI26: 1.0211954 | AJ26: 1.0196512 | AK26: 1.0193839 | AL26: 1.0183774 | AM26: 1.0186236 | AN26: 1.0188965 | AO26: 1.018061 | AP26: 1.0168024 | AQ26: 1.0168668 | AR26: 1.0158561 | AS26: 1.0158986 | AT26: 1.0149079 | AU26: 1.0135525 | AV26: 1.0140906 | AW26: 1.0153733 | AX26: 1.016897 | AY26: 1.016396 | AZ26: 1.0150486 | BA26: 1.0150959 | BB26: 1.0158013 | BC26: 1.0164623 | BD26: 1.0160241 | BE26: 1.0154479 | BF26: 1.0155733

Sheet theta_MD
A1: ANVENDELSE | B1: TILGANG2 | C1: 1967 | D1: 1968 | E1: 1969 | F1: 1970 | G1: 1971 | H1: 1972 | I1: 1973 | J1: 1974 | K1: 1975 | L1: 1976 | M1: 1977 | N1: 1978 | O1: 1979 | P1: 1980 | Q1: 1981 | R1: 1982 | S1: 1983 | T1: 1984 | U1: 1985 | V1: 1986 | W1: 1987 | X1: 1988 | Y1: 1989 | Z1: 1990 | AA1: 1991 | AB1: 1992 | AC1: 1993 | AD1: 1994 | AE1: 1995 | AF1: 1996 | AG1: 1997 | AH1: 1998 | AI1: 1999 | AJ1: 2000 | AK1: 2001 | AL1: 2002 | AM1: 2003 | AN1: 2004 | AO1: 2005 | AP1: 2006 | AQ1: 2007 | AR1: 2008 | AS1: 2009 | AT1: 2010 | AU1: 2011 | AV1: 2012 | AW1: 2013 | AX1: 2014 | AY1: 2015 | AZ1: 2016 | BA1: 2017 | BB1: 2018 | BC1: 2019 | BD1: 2020 | BE1: 2021 | BF1: 2022
A2: 010000 | B2: 010000 | C2: 0.8565657 | D2: 0.91092707 | E2: 0.93796664 | F2: 0.9303585 | G2: 0.90350061 | H2: 0.96053944 | I2: 0.94955633 | J2: 0.93352551 | K2: 0.94935879 | L2: 0.94867415 | M2: 0.95292628 | N2: 0.9687492 | O2: 0.97365071 | P2: 0.97261603 | Q2: 0.96946415 | R2: 0.98050619 | S2: 0.97182068 | T2: 0.98655936 | U2: 1.0015745 | V2: 1.0013439 | W2: 1.0135024 | X2: 0.98724749 | Y2: 1.0050857 | Z2: 1.0049167 | AA2: 1.0069097 | AB2: 0.87857321 | AC2: 0.92887912 | AD2: 0.94497751 | AE2: 0.9496086 | AF2: 0.94946866 | AG2: 0.9512231 | AH2: 0.94443174 | AI2: 0.94653666 | AJ2: 0.94293799 | AK2: 0.93689842 | AL2: 0.93088714 | AM2: 0.93956812 | AN2: 0.95294282 | AO2: 0.94409964 | AP2: 0.96066743 | AQ2: 0.94598035 | AR2: 0.89668044 | AS2: 0.96097331 | AT2: 0.96524098 | AU2: 0.96084837 | AV2: 0.97043008 | AW2: 0.96941869 | AX2: 0.97560427 | AY2: 0.97213378 | AZ2: 0.96548021 | BA2: 0.96396452 | BB2: 0.9594987 | BC2: 0.97769415 | BD2: 0.9986692 | BE2: 0.99808601 | BF2: 0.98063638
B3: 100010 | C3: 1.0068634 | D3: 0.99388961 | E3: 0.98332724 | F3: 0.99021643 | G3: 0.99360997 | H3: 1.0001754 | I3: 1.0055133 | J3: 1.0046359 | K3: 1.0089978 | L3: 0.95317354 | M3: 0.95894269 | N3: 0.95844565 | O3: 0.97086089 | P3: 0.96925896 | Q3: 0.96854293 | R3: 0.96670521 | S3: 0.96925877 | T3: 0.96197814 | U3: 0.97343812 | V3: 0.97680492 | W3: 0.97045499 | X3: 0.99053168 | Y3: 0.98998723 | Z3: 0.98049533 | AA3: 0.99170237 | AB3: 0.97229804 | AC3: 0.96530885 | AD3: 0.95856628 | AE3: 0.96074305 | AF3: 0.97135111 | AG3: 0.92114605 | AH3: 0.8925006 | AI3: 0.89787588 | AJ3: 0.92461355 | AK3: 0.85452829 | AL3: 0.89170222 | AM3: 0.81877666 | AN3: 0.90029182 | AO3: 0.94931043 | AP3: 0.87995544 | AQ3: 0.89452023 | AR3: 0.88497336 | AS3: 0.83915763 | AT3: 0.74728418 | AU3: 0.89516004 | AV3: 0.90143921 | AW3: 0.90967487 | AX3: 0.90930705 | AY3: 0.85645438 | AZ3: 0.86629004 | BA3: 0.86072123 | BB3: 0.88099484 | BC3: 0.81297348 | BD3: 0.82171688 | BE3: 0.81042373 | BF3: 0.80453698
B4: 100030 | C4: 0.81494765 | D4: 0.81735925 | E4: 0.8195121 | F4: 0.81367779 | G4: 0.79486997 | H4: 0.79387451 | I4: 0.8010029 | J4: 0.80331599 | K4: 0.80552441 | L4: 0.80141861 | M4: 0.8053378 | N4: 0.80465113 | O4: 0.7934611 | P4: 0.80177889 | Q4: 0.80112512 | R4: 0.80287032 | S4: 0.8055259 | T4: 0.79701606 | U4: 0.8007453 | V4: 0.80399536 | W4: 0.78777245 | X4: 0.73193207 | Y4: 0.73593299 | Z4: 0.74834048 | AA4: 0.62134404 | AB4: 0.76971217 | AC4: 0.78707977 | AD4: 0.80305197 | AE4: 0.79070794 | AF4: 0.77494856 | AG4: 0.78655384 | AH4: 0.78996724 | AI4: 0.78537437 | AJ4: 0.78393365 | AK4: 0.79061457 | AL4: 0.78292564 | AM4: 0.80655989 | AN4: 0.80188284 | AO4: 0.79578583 | AP4: 0.78035404 | AQ4: 0.80966167 | AR4: 0.82505772 | AS4: 0.83893613 | AT4: 0.90211963 | AU4: 0.87260916 | AV4: 0.88625368 | AW4: 0.90770665 | AX4: 0.89464861 | AY4: 0.8945647 | AZ4: 0.89857233 | BA4: 0.90449378 | BB4: 0.91302335 | BC4: 0.4259581 | BD4: 0.91385829 | BE4: 0.82947206 | BF4: 0.91724586
B5: 100040x100050 | C5: 0.56415818 | D5: 0.55785264 | E5: 0.57470004 | F5: 0.57797172 | G5: 0.57762207 | H5: 0.58081657 | I5: 0.46871006 | J5: 0.52898513 | K5: 0.55912548 | L5: 0.51282867 | M5: 0.52325367 | N5: 0.54705848 | O5: 0.53541552 | P5: 0.50870715 | Q5: 0.45002782 | R5: 0.45946211 | S5: 0.46366251 | T5: 0.44190207 | U5: 0.48481815 | V5: 0.53419042 | W5: 0.5351107 | X5: 0.52283033 | Y5: 0.51421 | Z5: 0.57144678 | AA5: 0.54382685 | AB5: 0.55454955 | AC5: 0.50302853 | AD5: 0.53008618 | AE5: 0.57782176 | AF5: 0.54515287 | AG5: 0.50373735 | AH5: 0.61483708 | AI5: 0.6832202 | AJ5: 0.67593477 | AK5: 0.71495946 | AL5: 0.93651638 | AM5: 0.98473493 | AN5: 0.95117314 | AO5: 0.99272373 | AP5: 0.98641782 | AQ5: 0.96990244 | AR5: 0.96487495 | AS5: 0.9415316 | AT5: 0.9086087 | AU5: 0.94758265 | AV5: 0.8677417 | AW5: 0.89685235 | AX5: 0.89331557 | AY5: 0.89893726 | AZ5: 0.92871208 | BA5: 0.94163798 | BB5: 0.9258568 | BC5: 0.98160503 | BD5: 0.89702388 | BE5: 0.85832478 | BF5: 0.86366399
B6: REST | C6: 0.9467359 | D6: 0.94193649 | E6: 0.93570304 | F6: 0.95164218 | G6: 0.94779663 | H6: 0.97283678 | I6: 0.97256779 | J6: 0.86136369 | K6: 0.86226681 | L6: 0.90940725 | M6: 0.92244942 | N6: 0.93973259 | O6: 0.90607274 | P6: 0.8738889 | Q6: 0.8614483 | R6: 0.84973874 | S6: 0.85608013 | T6: 0.80900568 | U6: 0.81266988 | V6: 0.87408962 | W6: 0.89932026 | X6: 0.92195401 | Y6: 0.90295976 | Z6: 0.89623856 | AA6: 0.89456783 | AB6: 0.91231503 | AC6: 0.90826943 | AD6: 0.93411566 | AE6: 0.92500855 | AF6: 0.92098978 | AG6: 0.92175009 | AH6: 0.91842359 | AI6: 0.91314466 | AJ6: 0.9193867 | AK6: 0.91376817 | AL6: 0.90720635 | AM6: 0.89520012 | AN6: 0.86738623 | AO6: 0.87385543 | AP6: 0.86640105 | AQ6: 0.87413187 | AR6: 0.7973273 | AS6: 0.84476992 | AT6: 0.81816799 | AU6: 0.76973127 | AV6: 0.77976433 | AW6: 0.77946777 | AX6: 0.80657362 | AY6: 0.82559224 | AZ6: 0.83535204 | BA6: 0.83403739 | BB6: 0.81536578 | BC6: 0.81970834 | BD6: 0.86209097 | BE6: 0.80171115 | BF6: 0.73230753
A7: 100010 | B7: 010000 | C7: 1.0010158 | D7: 0.9983158 | E7: 0.99810236 | F7: 0.99780861 | G7: 0.99682233 | H7: 0.99357312 | I7: 0.99855483 | J7: 0.9979455 | K7: 0.99864676 | L7: 0.99819516 | M7: 0.9964093 | N7: 0.9959133 | O7: 0.99124789 | P7: 0.99406127 | Q7: 0.99396058 | R7: 0.99608038 | S7: 0.99815624 | T7: 0.99967569 | U7: 0.99768171 | V7: 0.99659014 | W7: 0.99676813 | X7: 0.99743283 | Y7: 0.99839057 | Z7: 0.99766379 | AA7: 0.99575716 | AB7: 0.99815263 | AC7: 0.99764741 | AD7: 0.99761861 | AE7: 0.99741065 | AF7: 0.99857384 | AG7: 0.99912221 | AH7: 0.99874103 | AI7: 0.998199 | AJ7: 0.9991001 | AK7: 0.99978314 | AL7: 0.99910827 | AM7: 0.99888347 | AN7: 0.99921215 | AO7: 0.99940914 | AP7: 0.99965964 | AQ7: 0.9991572 | AR7: 0.99804044 | AS7: 0.99840918 | AT7: 0.99821333 | AU7: 0.9980175 | AV7: 0.99822601 | AW7: 0.99820758 | AX7: 0.99822773 | AY7: 0.99755485 | AZ7: 0.99784175 | BA7: 0.99880697 | BB7: 0.99757759 | BC7: 0.99933152 | BD7: 0.99973586 | BE7: 0.9990437 | BF7: 0.99846176
B8: 100010 | C8: 1.0211542 | D8: 1.0173635 | E8: 1.0223798 | F8: 1.0189779 | G8: 1.0181632 | H8: 1.0181769 | I8: 1.0227478 | J8: 1.0214974 | K8: 1.0227699 | L8: 1.0213606 | M8: 1.0258081 | N8: 1.0274133 | O8: 1.0267321 | P8: 1.0284585 | Q8: 1.0286387 | R8: 1.0272265 | S8: 1.0232582 | T8: 1.0245834 | U8: 1.0240315 | V8: 1.0192436 | W8: 1.0075785 | X8: 0.99721737 | Y8: 0.99204131 | Z8: 0.98118148 | AA8: 0.96896158 | AB8: 0.97260114 | AC8: 0.95566662 | AD8: 0.96395379 | AE8: 0.95959528 | AF8: 0.9618418 | AG8: 0.93529789 | AH8: 0.90638413 | AI8: 0.86870917 | AJ8: 0.89397906 | AK8: 0.93307189 | AL8: 0.93769931 | AM8: 0.91360018 | AN8: 0.90162883 | AO8: 0.86821148 | AP8: 0.83671616 | AQ8: 0.79403487 | AR8: 0.8076139 | AS8: 0.84422761 | AT8: 0.8146945 | AU8: 0.73988477 | AV8: 0.75552214 | AW8: 0.75466199 | AX8: 0.75274961 | AY8: 0.73250867 | AZ8: 0.75633374 | BA8: 0.79536953 | BB8: 0.77306464 | BC8: 0.84962501 | BD8: 0.85941636 | BE8: 0.86613169 | BF8: 0.88130175
B9: 100030 | C9: 1.3262753 | D9: 1.2508148 | E9: 1.2902489 | F9: 1.1711878 | G9: 1.034667 | H9: 0.97469993 | I9: 1.1019799 | J9: 1.0612329 | K9: 1.0868109 | L9: 1.0715587 | M9: 1.1498984 | N9: 1.1807748 | O9: 1.0990572 | P9: 1.1998263 | Q9: 1.179792 | R9: 1.2338511 | S9: 1.2933178 | T9: 1.2633988 | U9: 1.2642223 | V9: 1.2898142 | W9: 1.0692704 | X9: 1.2463717 | Y9: 1.09582 | Z9: 1.1107764 | AA9: 1.1859034 | AB9: 1.1256844 | AC9: 1.1822141 | AD9: 1.1789911 | AE9: 1.1780761 | AF9: 1.1754994 | AG9: 1.1989359 | AH9: 1.395353 | AI9: 1.2576598 | AJ9: 1.2571382 | AK9: 1.1684498 | AL9: 1.2781236 | AM9: 1.2969822 | AN9: 1.2331807 | AO9: 1.2096136 | AP9: 1.1073859 | AQ9: 0.86341652 | AR9: 0.7265798 | AS9: 0.89195232 | AT9: 0.83630209 | AU9: 0.86855162 | AV9: 0.90591763 | AW9: 0.89323748 | AX9: 0.9035697 | AY9: 0.93802495 | AZ9: 0.91538232 | BA9: 0.88712853 | BB9: 0.76729087 | BC9: 0.83064827 | BD9: 0.81909727 | BE9: 0.855983 | BF9: 0.89071549
B10: 100040x100050 | C10: 1.1267678 | D10: 1.0906504 | E10: 1.0851923 | F10: 1.0868862 | G10: 1.0825477 | H10: 1.0667397 | I10: 1.0944911 | J10: 1.0886723 | K10: 1.0746131 | L10: 1.0281186 | M10: 1.006936 | N10: 1.0243966 | O10: 0.93942048 | P10: 0.99189147 | Q10: 0.96136827 | R10: 0.9842479 | S10: 0.98477484 | T10: 1.0532967 | U10: 0.9568958 | V10: 0.93966433 | W10: 0.94689533 | X10: 0.95282577 | Y10: 0.98086624 | Z10: 0.92451794 | AA10: 0.89612682 | AB10: 0.93524342 | AC10: 0.93824313 | AD10: 0.92601487 | AE10: 0.9272179 | AF10: 0.90828506 | AG10: 0.89783056 | AH10: 0.91029718 | AI10: 0.85667223 | AJ10: 0.84434369 | AK10: 0.861498 | AL10: 0.89022028 | AM10: 0.88238748 | AN10: 0.90985773 | AO10: 0.90843893 | AP10: 0.90337816 | AQ10: 0.89282289 | AR10: 0.9431017 | AS10: 0.84253995 | AT10: 0.91013586 | AU10: 0.90972994 | AV10: 0.8949988 | AW10: 0.91638513 | AX10: 0.85768717 | AY10: 0.79802692 | AZ10: 0.79414793 | BA10: 0.8114058 | BB10: 0.78499749 | BC10: 0.74999339 | BD10: 0.74985009 | BE10: 0.79236914 | BF10: 0.87118915
B11: REST | C11: 0.79838434 | D11: 0.78069256 | E11: 0.78745667 | F11: 0.77843097 | G11: 0.77314488 | H11: 0.7705738 | I11: 0.79863711 | J11: 0.73592902 | K11: 0.71869469 | L11: 0.73237798 | M11: 0.75082044 | N11: 0.74472887 | O11: 0.72358929 | P11: 0.69257106 | Q11: 0.69743326 | R11: 0.68847429 | S11: 0.69884226 | T11: 0.69482646 | U11: 0.68567885 | V11: 0.74942693 | W11: 0.75493578 | X11: 0.78668911 | Y11: 0.79392767 | Z11: 0.804089 | AA11: 0.80551427 | AB11: 0.82797241 | AC11: 0.83560628 | AD11: 0.8304249 | AE11: 0.82818826 | AF11: 0.82483343 | AG11: 0.80988393 | AH11: 0.79652756 | AI11: 0.81035414 | AJ11: 0.80966044 | AK11: 0.79102634 | AL11: 0.78588115 | AM11: 0.79743472 | AN11: 0.79174921 | AO11: 0.73385585 | AP11: 0.76515762 | AQ11: 0.73526458 | AR11: 0.69363825 | AS11: 0.70292547 | AT11: 0.73384547 | AU11: 0.73043504 | AV11: 0.70496786 | AW11: 0.70398694 | AX11: 0.73635402 | AY11: 0.73881675 | AZ11: 0.73844342 | BA11: 0.78143778 | BB11: 0.76418815 | BC11: 0.75657218 | BD11: 0.76952599 | BE11: 0.74746483 | BF11: 0.71105409
A12: 100030 | B12: 010000 | C12: 1.0042657 | D12: 1.0042545 | E12: 1.0042372 | F12: 1.0042152 | G12: 1.0042205 | H12: 1.0042573 | I12: 1.004317 | J12: 1.0043112 | K12: 1.0042969 | L12: 1.0042495 | M12: 1.0041993 | N12: 1.0042468 | O12: 1.0042319 | P12: 1.0041932 | Q12: 1.0042167 | R12: 1.0042233 | S12: 1.0042312 | T12: 1.0021304 | U12: 1.002114 | V12: 1.0025001 | W12: 1.0046085 | X12: 1.0053247 | Y12: 1.0054668 | Z12: 1.0065333 | AA12: 1.0065367 | AB12: 1.0069103 | AC12: 1.0062399 | AD12: 1.0034179 | AE12: 1.0013943 | AF12: 1.0039656 | AG12: 1.0035465 | AH12: 1.0037944 | AI12: 1.0042631 | AJ12: 1.004248 | AK12: 1.0045297 | AL12: 1.0049539 | AM12: 1.0045475 | AN12: 1.0041512 | AO12: 1.0036272 | AP12: 1.0032207 | AQ12: 1.0030792 | AR12: 1.0031793 | AS12: 1.001611 | AT12: 1.0026095 | AU12: 1.0027047 | AV12: 1.0024197 | AW12: 1.003222 | AX12: 1.0032415 | AY12: 1.0018511 | AZ12: 1.0017421 | BA12: 1.0028578 | BB12: 1.0026454 | BC12: 1.0023542 | BD12: 1.0020893 | BE12: 1.0034725 | BF12: 1.0037558
B13: 100010 | C13: 1.0061705 | D13: 1.0012144 | E13: 1.0037593 | F13: 0.99796513 | G13: 0.9929338 | H13: 0.99781162 | I13: 1.0130417 | J13: 1.0132391 | K13: 1.0214848 | L13: 1.0205067 | M13: 1.0198258 | N13: 1.0197036 | O13: 1.0158591 | P13: 1.0158082 | Q13: 1.0176315 | R13: 1.0153494 | S13: 1.0115019 | T13: 1.0140457 | U13: 1.0082846 | V13: 1.0090271 | W13: 1.0114407 | X13: 1.0071298 | Y13: 1.0107501 | Z13: 0.9991529 | AA13: 0.98560318 | AB13: 0.97164193 | AC13: 0.91936014 | AD13: 0.97701191 | AE13: 0.96732602 | AF13: 0.87406368 | AG13: 0.93569478 | AH13: 0.83391658 | AI13: 0.8439476 | AJ13: 0.84794932 | AK13: 0.87463417 | AL13: 0.86967857 | AM13: 0.72287556 | AN13: 0.75411275 | AO13: 0.78783189 | AP13: 0.73234479 | AQ13: 0.77424554 | AR13: 0.71873625 | AS13: 0.87084308 | AT13: 0.87314007 | AU13: 0.85756123 | AV13: 0.79194482 | AW13: 0.80887802 | AX13: 0.87794588 | AY13: 0.86159545 | AZ13: 0.8799051 | BA13: 0.81702523 | BB13: 0.81487339 | BC13: 0.80277689 | BD13: 0.80150996 | BE13: 0.77624383 | BF13: 0.76608588
B14: 100030 | C14: 0.95398741 | D14: 0.95520891 | E14: 0.95513441 | F14: 0.95031852 | G14: 0.94610082 | H14: 0.94620081 | I14: 0.9553127 | J14: 0.95815148 | K14: 0.96209928 | L14: 0.95941124 | M14: 0.96023128 | N14: 0.96215075 | O14: 0.9616889 | P14: 0.95867481 | Q14: 0.95645428 | R14: 0.96027737 | S14: 0.95900646 | T14: 0.95512209 | U14: 0.95453655 | V14: 0.95366887 | W14: 0.95274569 | X14: 0.95056071 | Y14: 0.94273453 | Z14: 0.95014398 | AA14: 0.94678731 | AB14: 0.94518198 | AC14: 0.94444832 | AD14: 0.92606687 | AE14: 0.90681565 | AF14: 0.90922008 | AG14: 0.91354475 | AH14: 0.92387423 | AI14: 0.91500984 | AJ14: 0.91518702 | AK14: 0.91433876 | AL14: 0.91020289 | AM14: 0.91614275 | AN14: 0.91004136 | AO14: 0.89635226 | AP14: 0.89786432 | AQ14: 0.88918221 | AR14: 0.89517682 | AS14: 0.92604925 | AT14: 0.89939939 | AU14: 0.90236047 | AV14: 0.91617938 | AW14: 0.90675035 | AX14: 0.90928269 | AY14: 0.93376269 | AZ14: 0.93907112 | BA14: 0.919634 | BB14: 0.89839413 | BC14: 0.90736105 | BD14: 0.91862057 | BE14: 0.91592637 | BF14: 0.90302283
B15: 100040x100050 | C15: 0.9964761 | D15: 0.99008447 | E15: 0.99203788 | F15: 0.98777277 | G15: 0.98343353 | H15: 0.99025439 | I15: 0.99688667 | J15: 0.97081483 | K15: 0.96782417 | L15: 0.96787814 | M15: 0.93668981 | N15: 0.94070281 | O15: 0.96774899 | P15: 0.99072211 | Q15: 0.99286721 | R15: 0.99716682 | S15: 0.99122757 | T15: 0.86609859 | U15: 0.88482908 | V15: 0.93219956 | W15: 0.95769552 | X15: 0.99169715 | Y15: 0.98128879 | Z15: 0.9840381 | AA15: 0.94300355 | AB15: 0.96657069 | AC15: 1.0181192 | AD15: 1.0372581 | AE15: 1.0283809 | AF15: 0.98006649 | AG15: 0.96010795 | AH15: 0.9497154 | AI15: 0.98289702 | AJ15: 0.95979398 | AK15: 0.98128208 | AL15: 0.98694313 | AM15: 0.98364394 | AN15: 0.97513283 | AO15: 0.96836155 | AP15: 0.9282256 | AQ15: 0.83465303 | AR15: 0.85203399 | AS15: 0.86977968 | AT15: 0.92378484 | AU15: 0.86219576 | AV15: 0.85499587 | AW15: 0.87676653 | AX15: 0.84835311 | AY15: 0.81305124 | AZ15: 0.83179429 | BA15: 0.78879007 | BB15: 0.79574413 | BC15: 0.79343444 | BD15: 0.79069635 | BE15: 0.71230063 | BF15: 0.72496901
B16: REST | C16: 0.79561116 | D16: 0.76417237 | E16: 0.78903899 | F16: 0.78755372 | G16: 0.75217568 | H16: 0.77930182 | I16: 0.80442339 | J16: 0.79266066 | K16: 0.79712295 | L16: 0.80344696 | M16: 0.80519595 | N16: 0.8015134 | O16: 0.78640292 | P16: 0.831878 | Q16: 0.81525197 | R16: 0.8113713 | S16: 0.82515479 | T16: 0.81995041 | U16: 0.82329038 | V16: 0.82571715 | W16: 0.84299672 | X16: 0.81787917 | Y16: 0.82276441 | Z16: 0.8245638 | AA16: 0.79605638 | AB16: 0.81873756 | AC16: 0.78259105 | AD16: 0.79488601 | AE16: 0.80102238 | AF16: 0.82170835 | AG16: 0.82581105 | AH16: 0.85688401 | AI16: 0.8407055 | AJ16: 0.79998901 | AK16: 0.8079931 | AL16: 0.78928676 | AM16: 0.787281 | AN16: 0.7421973 | AO16: 0.78052593 | AP16: 0.7485042 | AQ16: 0.74430476 | AR16: 0.71128485 | AS16: 0.70883462 | AT16: 0.68659542 | AU16: 0.70560766 | AV16: 0.6981006 | AW16: 0.71474053 | AX16: 0.72590521 | AY16: 0.70339532 | AZ16: 0.696378 | BA16: 0.70684466 | BB16: 0.68536742 | BC16: 0.66269205 | BD16: 0.65586113 | BE16: 0.66975086 | BF16: 0.6694876
A17: 100040x100050 | B17: 010000 | C17: 0.63642667 | D17: 0.73830018 | E17: 0.77348708 | F17: 0.74231309 | G17: 0.79215943 | H17: 0.83432988 | I17: 0.8026764 | J17: 0.69538398 | K17: 0.78519229 | L17: 0.81130428 | M17: 0.75283429 | N17: 0.83989058 | O17: 0.83732054 | P17: 0.86792394 | Q17: 0.87366909 | R17: 0.87944603 | S17: 0.86941095 | T17: 0.77853524 | U17: 0.84931419 | V17: 0.89571144 | W17: 0.89707038 | X17: 0.92367908 | Y17: 0.94343382 | Z17: 0.93676297 | AA17: 0.93252322 | AB17: 0.94083128 | AC17: 0.91308365 | AD17: 0.90511631 | AE17: 0.9386208 | AF17: 0.94248217 | AG17: 0.88321013 | AH17: 0.87991033 | AI17: 0.91809208 | AJ17: 0.92193247 | AK17: 0.89610517 | AL17: 0.89018365 | AM17: 0.89209332 | AN17: 0.92323919 | AO17: 0.83251176 | AP17: 0.84719816 | AQ17: 0.85361494 | AR17: 0.76810019 | AS17: 0.87552419 | AT17: 0.8918106 | AU17: 0.90842035 | AV17: 0.94028773 | AW17: 0.89366604 | AX17: 0.88191046 | AY17: 0.88232309 | AZ17: 0.871055 | BA17: 0.88031325 | BB17: 0.87365501 | BC17: 0.87741562 | BD17: 0.89890244 | BE17: 0.922436 | BF17: 0.92790436
B18: 100010 | C18: 1.064916 | D18: 1.0633551 | E18: 1.0660652 | F18: 1.062509 | G18: 1.0616455 | H18: 1.064537 | I18: 1.0653593 | J18: 1.0616223 | K18: 1.0662943 | L18: 1.0629611 | M18: 1.0646864 | N18: 1.0665774 | O18: 1.0655115 | P18: 1.0674144 | Q18: 1.0678892 | R18: 1.0666869 | S18: 1.0636325 | T18: 1.0632611 | U18: 1.06352 | V18: 1.0621598 | W18: 1.0531412 | X18: 1.0478033 | Y18: 1.046123 | Z18: 1.040667 | AA18: 1.031954 | AB18: 1.0293912 | AC18: 1.0096637 | AD18: 1.0008836 | AE18: 1.0137359 | AF18: 1.0014224 | AG18: 0.96191269 | AH18: 0.94486721 | AI18: 0.88550396 | AJ18: 0.9449996 | AK18: 0.97151724 | AL18: 0.94537994 | AM18: 0.91833894 | AN18: 0.9087899 | AO18: 0.93257936 | AP18: 0.89198006 | AQ18: 0.88385492 | AR18: 0.89858462 | AS18: 0.91017163 | AT18: 0.90102053 | AU18: 0.86789128 | AV18: 0.87961641 | AW18: 0.86569088 | AX18: 0.86521519 | AY18: 0.82868379 | AZ18: 0.84675581 | BA18: 0.84612043 | BB18: 0.83015394 | BC18: 0.84530529 | BD18: 0.8407771 | BE18: 0.83939264 | BF18: 0.83509479
B19: 100030 | C19: 1.1168718 | D19: 1.160634 | E19: 1.2251113 | F19: 1.1306896 | G19: 1.0919013 | H19: 1.1257852 | I19: 1.1802782 | J19: 1.1442165 | K19: 1.2180188 | L19: 1.188135 | M19: 1.2290593 | N19: 1.2449335 | O19: 1.2131193 | P19: 1.1908868 | Q19: 1.1499499 | R19: 1.2140492 | S19: 1.2076999 | T19: 1.0952703 | U19: 1.1490124 | V19: 1.1720002 | W19: 1.1386496 | X19: 1.1459069 | Y19: 1.1015644 | Z19: 1.1553389 | AA19: 1.0701812 | AB19: 1.1049459 | AC19: 1.1035499 | AD19: 1.1520378 | AE19: 1.0685118 | AF19: 0.97987428 | AG19: 0.97293675 | AH19: 1.0306065 | AI19: 1.0485552 | AJ19: 1.0326798 | AK19: 1.0215175 | AL19: 0.98093928 | AM19: 0.96411048 | AN19: 0.90556759 | AO19: 0.88525505 | AP19: 0.96850051 | AQ19: 0.99670343 | AR19: 0.94088894 | AS19: 1.1018472 | AT19: 0.85254722 | AU19: 0.81027006 | AV19: 0.93034449 | AW19: 0.92133564 | AX19: 0.89338505 | AY19: 0.8813151 | AZ19: 0.89649443 | BA19: 0.82035843 | BB19: 0.78239718 | BC19: 0.65132604 | BD19: 0.91115955 | BE19: 0.88213624 | BF19: 0.77012941
